room_num,hotel_id,floor,is_smoking,room_type,price
001,H1,8,yes,Standard Room,3000
002,H1,4,yes,Standard Room,3000
003,H1,8,yes,Standard Room,3000
004,H1,8,yes,Standard Room,3000
005,H1,7,yes,Standard Room,3000
006,H1,7,yes,Standard Room,3000
007,H1,2,yes,Standard Room,3000
008,H1,5,yes,Standard Room,3000
009,H1,10,yes,Standard Room,3000
010,H1,3,yes,Standard Room,3000
011,H1,2,yes,Standard Room,3000
012,H1,6,yes,Standard Room,3000
013,H1,6,yes,Standard Room,3000
014,H1,8,yes,Standard Room,3000
015,H1,10,yes,Standard Room,3000
016,H1,2,yes,Standard Room,3000
017,H1,7,yes,Standard Room,3000
018,H1,9,yes,Standard Room,3000
019,H1,7,yes,Standard Room,3000
020,H1,7,yes,Standard Room,3000
021,H1,8,yes,Standard Room,3000
022,H1,3,yes,Standard Room,3000
023,H1,5,yes,Standard Room,3000
024,H1,8,yes,Standard Room,3000
025,H1,10,yes,Standard Room,3000
026,H1,3,yes,Standard Room,3000
027,H1,10,yes,Standard Room,3000
028,H1,9,yes,Standard Room,3000
029,H1,1,yes,Standard Room,3000
030,H1,8,yes,Standard Room,3000
031,H1,2,yes,Standard Room,3000
032,H1,4,yes,Standard Room,3000
033,H1,10,yes,Standard Room,3000
034,H1,6,yes,Standard Room,3000
035,H1,5,yes,Standard Room,3000
036,H1,3,yes,Standard Room,3000
037,H1,2,yes,Standard Room,3000
038,H1,1,yes,Standard Room,3000
039,H1,9,yes,Standard Room,3000
040,H1,4,yes,Standard Room,3000
041,H1,5,yes,Standard Room,3000
042,H1,1,yes,Standard Room,3000
043,H1,1,yes,Standard Room,3000
044,H1,4,yes,Standard Room,3000
045,H1,8,yes,Standard Room,3000
046,H1,3,yes,Standard Room,3000
047,H1,5,yes,Standard Room,3000
048,H1,8,yes,Standard Room,3000
049,H1,7,yes,Standard Room,3000
050,H1,10,yes,Standard Room,3000
051,H1,10,no,Standard Room,3000
052,H1,6,no,Standard Room,3000
053,H1,5,no,Standard Room,3000
054,H1,3,no,Standard Room,3000
055,H1,3,no,Standard Room,3000
056,H1,5,no,Standard Room,3000
057,H1,2,no,Standard Room,3000
058,H1,1,no,Standard Room,3000
059,H1,7,no,Standard Room,3000
060,H1,3,no,Standard Room,3000
061,H1,9,no,Standard Room,3000
062,H1,9,no,Standard Room,3000
063,H1,10,no,Standard Room,3000
064,H1,8,no,Standard Room,3000
065,H1,9,no,Standard Room,3000
066,H1,5,no,Standard Room,3000
067,H1,8,no,Standard Room,3000
068,H1,5,no,Standard Room,3000
069,H1,4,no,Standard Room,3000
070,H1,10,no,Standard Room,3000
071,H1,5,no,Standard Room,3000
072,H1,5,no,Standard Room,3000
073,H1,1,no,Standard Room,3000
074,H1,8,no,Standard Room,3000
075,H1,4,no,Standard Room,3000
076,H1,5,no,Standard Room,3000
077,H1,3,no,Standard Room,3000
078,H1,8,no,Standard Room,3000
079,H1,8,no,Standard Room,3000
080,H1,2,no,Standard Room,3000
081,H1,4,no,Standard Room,3000
082,H1,10,no,Standard Room,3000
083,H1,4,no,Standard Room,3000
084,H1,3,no,Standard Room,3000
085,H1,5,no,Standard Room,3000
086,H1,4,no,Standard Room,3000
087,H1,7,no,Standard Room,3000
088,H1,10,no,Standard Room,3000
089,H1,8,no,Standard Room,3000
090,H1,8,no,Standard Room,3000
091,H1,7,no,Standard Room,3000
092,H1,4,no,Standard Room,3000
093,H1,1,no,Standard Room,3000
094,H1,8,no,Standard Room,3000
095,H1,6,no,Standard Room,3000
096,H1,1,no,Standard Room,3000
097,H1,10,no,Standard Room,3000
098,H1,1,no,Standard Room,3000
099,H1,7,no,Standard Room,3000
100,H1,7,no,Standard Room,3000
101,H1,4,yes,Superior Room,3200
102,H1,10,yes,Superior Room,3200
103,H1,6,yes,Superior Room,3200
104,H1,4,yes,Superior Room,3200
105,H1,1,yes,Superior Room,3200
106,H1,6,yes,Superior Room,3200
107,H1,3,yes,Superior Room,3200
108,H1,2,yes,Superior Room,3200
109,H1,6,yes,Superior Room,3200
110,H1,10,yes,Superior Room,3200
111,H1,7,yes,Superior Room,3200
112,H1,6,yes,Superior Room,3200
113,H1,2,yes,Superior Room,3200
114,H1,5,yes,Superior Room,3200
115,H1,1,yes,Superior Room,3200
116,H1,8,yes,Superior Room,3200
117,H1,5,yes,Superior Room,3200
118,H1,8,yes,Superior Room,3200
119,H1,4,yes,Superior Room,3200
120,H1,8,yes,Superior Room,3200
121,H1,2,no,Superior Room,3200
122,H1,6,no,Superior Room,3200
123,H1,8,no,Superior Room,3200
124,H1,5,no,Superior Room,3200
125,H1,8,no,Superior Room,3200
126,H1,9,no,Superior Room,3200
127,H1,8,no,Superior Room,3200
128,H1,3,no,Superior Room,3200
129,H1,9,no,Superior Room,3200
130,H1,1,no,Superior Room,3200
131,H1,4,no,Superior Room,3200
132,H1,4,no,Superior Room,3200
133,H1,6,no,Superior Room,3200
134,H1,7,no,Superior Room,3200
135,H1,6,no,Superior Room,3200
136,H1,2,no,Superior Room,3200
137,H1,1,no,Superior Room,3200
138,H1,3,no,Superior Room,3200
139,H1,5,no,Superior Room,3200
140,H1,8,no,Superior Room,3200
141,H1,3,yes,Deluxe Room,3400
142,H1,4,yes,Deluxe Room,3400
143,H1,8,yes,Deluxe Room,3400
144,H1,1,yes,Deluxe Room,3400
145,H1,9,yes,Deluxe Room,3400
146,H1,6,yes,Deluxe Room,3400
147,H1,6,yes,Deluxe Room,3400
148,H1,9,yes,Deluxe Room,3400
149,H1,4,yes,Deluxe Room,3400
150,H1,7,yes,Deluxe Room,3400
151,H1,4,yes,Deluxe Room,3400
152,H1,4,yes,Deluxe Room,3400
153,H1,9,yes,Deluxe Room,3400
154,H1,6,yes,Deluxe Room,3400
155,H1,6,yes,Deluxe Room,3400
156,H1,8,no,Deluxe Room,3400
157,H1,9,no,Deluxe Room,3400
158,H1,9,no,Deluxe Room,3400
159,H1,7,no,Deluxe Room,3400
160,H1,6,no,Deluxe Room,3400
161,H1,1,no,Deluxe Room,3400
162,H1,7,no,Deluxe Room,3400
163,H1,8,no,Deluxe Room,3400
164,H1,10,no,Deluxe Room,3400
165,H1,5,no,Deluxe Room,3400
166,H1,10,no,Deluxe Room,3400
167,H1,9,no,Deluxe Room,3400
168,H1,6,no,Deluxe Room,3400
169,H1,7,no,Deluxe Room,3400
170,H1,4,no,Deluxe Room,3400
171,H1,10,yes,Suite,3600
172,H1,10,yes,Suite,3600
173,H1,4,yes,Suite,3600
174,H1,9,yes,Suite,3600
175,H1,2,yes,Suite,3600
176,H1,10,yes,Suite,3600
177,H1,8,yes,Suite,3600
178,H1,3,yes,Suite,3600
179,H1,2,yes,Suite,3600
180,H1,3,yes,Suite,3600
181,H1,5,no,Suite,3600
182,H1,10,no,Suite,3600
183,H1,8,no,Suite,3600
184,H1,4,no,Suite,3600
185,H1,3,no,Suite,3600
186,H1,3,no,Suite,3600
187,H1,6,no,Suite,3600
188,H1,3,no,Suite,3600
189,H1,8,no,Suite,3600
190,H1,5,no,Suite,3600
191,H1,2,yes,Presidential Suite,3800
192,H1,5,yes,Presidential Suite,3800
193,H1,9,yes,Presidential Suite,3800
194,H1,6,yes,Presidential Suite,3800
195,H1,7,yes,Presidential Suite,3800
196,H1,10,no,Presidential Suite,3800
197,H1,5,no,Presidential Suite,3800
198,H1,10,no,Presidential Suite,3800
199,H1,8,no,Presidential Suite,3800
200,H1,2,no,Presidential Suite,3800
001,H2,1,yes,Standard Room,3000
002,H2,3,yes,Standard Room,3000
003,H2,10,yes,Standard Room,3000
004,H2,7,yes,Standard Room,3000
005,H2,9,yes,Standard Room,3000
006,H2,1,yes,Standard Room,3000
007,H2,7,yes,Standard Room,3000
008,H2,5,yes,Standard Room,3000
009,H2,9,yes,Standard Room,3000
010,H2,6,yes,Standard Room,3000
011,H2,9,yes,Standard Room,3000
012,H2,1,yes,Standard Room,3000
013,H2,1,yes,Standard Room,3000
014,H2,9,yes,Standard Room,3000
015,H2,7,yes,Standard Room,3000
016,H2,10,yes,Standard Room,3000
017,H2,6,yes,Standard Room,3000
018,H2,2,yes,Standard Room,3000
019,H2,3,yes,Standard Room,3000
020,H2,1,yes,Standard Room,3000
021,H2,7,yes,Standard Room,3000
022,H2,9,yes,Standard Room,3000
023,H2,10,yes,Standard Room,3000
024,H2,7,yes,Standard Room,3000
025,H2,1,yes,Standard Room,3000
026,H2,10,yes,Standard Room,3000
027,H2,6,yes,Standard Room,3000
028,H2,5,yes,Standard Room,3000
029,H2,10,yes,Standard Room,3000
030,H2,2,yes,Standard Room,3000
031,H2,8,yes,Standard Room,3000
032,H2,9,yes,Standard Room,3000
033,H2,5,yes,Standard Room,3000
034,H2,9,yes,Standard Room,3000
035,H2,8,yes,Standard Room,3000
036,H2,2,yes,Standard Room,3000
037,H2,4,yes,Standard Room,3000
038,H2,1,yes,Standard Room,3000
039,H2,4,yes,Standard Room,3000
040,H2,9,yes,Standard Room,3000
041,H2,4,yes,Standard Room,3000
042,H2,6,yes,Standard Room,3000
043,H2,9,yes,Standard Room,3000
044,H2,10,yes,Standard Room,3000
045,H2,5,yes,Standard Room,3000
046,H2,6,yes,Standard Room,3000
047,H2,8,yes,Standard Room,3000
048,H2,8,yes,Standard Room,3000
049,H2,10,yes,Standard Room,3000
050,H2,10,yes,Standard Room,3000
051,H2,7,no,Standard Room,3000
052,H2,3,no,Standard Room,3000
053,H2,7,no,Standard Room,3000
054,H2,3,no,Standard Room,3000
055,H2,4,no,Standard Room,3000
056,H2,1,no,Standard Room,3000
057,H2,2,no,Standard Room,3000
058,H2,7,no,Standard Room,3000
059,H2,7,no,Standard Room,3000
060,H2,3,no,Standard Room,3000
061,H2,5,no,Standard Room,3000
062,H2,8,no,Standard Room,3000
063,H2,3,no,Standard Room,3000
064,H2,1,no,Standard Room,3000
065,H2,4,no,Standard Room,3000
066,H2,3,no,Standard Room,3000
067,H2,1,no,Standard Room,3000
068,H2,5,no,Standard Room,3000
069,H2,1,no,Standard Room,3000
070,H2,4,no,Standard Room,3000
071,H2,5,no,Standard Room,3000
072,H2,4,no,Standard Room,3000
073,H2,3,no,Standard Room,3000
074,H2,3,no,Standard Room,3000
075,H2,4,no,Standard Room,3000
076,H2,1,no,Standard Room,3000
077,H2,2,no,Standard Room,3000
078,H2,10,no,Standard Room,3000
079,H2,8,no,Standard Room,3000
080,H2,6,no,Standard Room,3000
081,H2,7,no,Standard Room,3000
082,H2,4,no,Standard Room,3000
083,H2,9,no,Standard Room,3000
084,H2,7,no,Standard Room,3000
085,H2,9,no,Standard Room,3000
086,H2,4,no,Standard Room,3000
087,H2,3,no,Standard Room,3000
088,H2,10,no,Standard Room,3000
089,H2,3,no,Standard Room,3000
090,H2,10,no,Standard Room,3000
091,H2,7,no,Standard Room,3000
092,H2,5,no,Standard Room,3000
093,H2,5,no,Standard Room,3000
094,H2,1,no,Standard Room,3000
095,H2,5,no,Standard Room,3000
096,H2,9,no,Standard Room,3000
097,H2,2,no,Standard Room,3000
098,H2,6,no,Standard Room,3000
099,H2,6,no,Standard Room,3000
100,H2,10,no,Standard Room,3000
101,H2,3,yes,Superior Room,3200
102,H2,9,yes,Superior Room,3200
103,H2,8,yes,Superior Room,3200
104,H2,9,yes,Superior Room,3200
105,H2,6,yes,Superior Room,3200
106,H2,3,yes,Superior Room,3200
107,H2,7,yes,Superior Room,3200
108,H2,7,yes,Superior Room,3200
109,H2,4,yes,Superior Room,3200
110,H2,1,yes,Superior Room,3200
111,H2,1,yes,Superior Room,3200
112,H2,2,yes,Superior Room,3200
113,H2,8,yes,Superior Room,3200
114,H2,8,yes,Superior Room,3200
115,H2,4,yes,Superior Room,3200
116,H2,3,yes,Superior Room,3200
117,H2,7,yes,Superior Room,3200
118,H2,6,yes,Superior Room,3200
119,H2,7,yes,Superior Room,3200
120,H2,2,yes,Superior Room,3200
121,H2,8,no,Superior Room,3200
122,H2,4,no,Superior Room,3200
123,H2,5,no,Superior Room,3200
124,H2,1,no,Superior Room,3200
125,H2,10,no,Superior Room,3200
126,H2,3,no,Superior Room,3200
127,H2,8,no,Superior Room,3200
128,H2,9,no,Superior Room,3200
129,H2,6,no,Superior Room,3200
130,H2,10,no,Superior Room,3200
131,H2,10,no,Superior Room,3200
132,H2,1,no,Superior Room,3200
133,H2,1,no,Superior Room,3200
134,H2,3,no,Superior Room,3200
135,H2,1,no,Superior Room,3200
136,H2,1,no,Superior Room,3200
137,H2,7,no,Superior Room,3200
138,H2,9,no,Superior Room,3200
139,H2,3,no,Superior Room,3200
140,H2,7,no,Superior Room,3200
141,H2,6,yes,Deluxe Room,3400
142,H2,9,yes,Deluxe Room,3400
143,H2,2,yes,Deluxe Room,3400
144,H2,10,yes,Deluxe Room,3400
145,H2,1,yes,Deluxe Room,3400
146,H2,9,yes,Deluxe Room,3400
147,H2,5,yes,Deluxe Room,3400
148,H2,1,yes,Deluxe Room,3400
149,H2,1,yes,Deluxe Room,3400
150,H2,10,yes,Deluxe Room,3400
151,H2,7,yes,Deluxe Room,3400
152,H2,10,yes,Deluxe Room,3400
153,H2,5,yes,Deluxe Room,3400
154,H2,1,yes,Deluxe Room,3400
155,H2,8,yes,Deluxe Room,3400
156,H2,3,no,Deluxe Room,3400
157,H2,6,no,Deluxe Room,3400
158,H2,6,no,Deluxe Room,3400
159,H2,9,no,Deluxe Room,3400
160,H2,4,no,Deluxe Room,3400
161,H2,3,no,Deluxe Room,3400
162,H2,2,no,Deluxe Room,3400
163,H2,7,no,Deluxe Room,3400
164,H2,8,no,Deluxe Room,3400
165,H2,9,no,Deluxe Room,3400
166,H2,9,no,Deluxe Room,3400
167,H2,10,no,Deluxe Room,3400
168,H2,6,no,Deluxe Room,3400
169,H2,2,no,Deluxe Room,3400
170,H2,9,no,Deluxe Room,3400
171,H2,6,yes,Suite,3600
172,H2,8,yes,Suite,3600
173,H2,8,yes,Suite,3600
174,H2,8,yes,Suite,3600
175,H2,7,yes,Suite,3600
176,H2,10,yes,Suite,3600
177,H2,6,yes,Suite,3600
178,H2,5,yes,Suite,3600
179,H2,9,yes,Suite,3600
180,H2,10,yes,Suite,3600
181,H2,8,no,Suite,3600
182,H2,4,no,Suite,3600
183,H2,8,no,Suite,3600
184,H2,8,no,Suite,3600
185,H2,2,no,Suite,3600
186,H2,5,no,Suite,3600
187,H2,10,no,Suite,3600
188,H2,1,no,Suite,3600
189,H2,6,no,Suite,3600
190,H2,1,no,Suite,3600
191,H2,3,yes,Presidential Suite,3800
192,H2,8,yes,Presidential Suite,3800
193,H2,2,yes,Presidential Suite,3800
194,H2,2,yes,Presidential Suite,3800
195,H2,3,yes,Presidential Suite,3800
196,H2,1,no,Presidential Suite,3800
197,H2,10,no,Presidential Suite,3800
198,H2,7,no,Presidential Suite,3800
199,H2,8,no,Presidential Suite,3800
200,H2,8,no,Presidential Suite,3800
001,H3,5,yes,Standard Room,2000
002,H3,2,yes,Standard Room,2000
003,H3,6,yes,Standard Room,2000
004,H3,10,yes,Standard Room,2000
005,H3,3,yes,Standard Room,2000
006,H3,7,yes,Standard Room,2000
007,H3,1,yes,Standard Room,2000
008,H3,6,yes,Standard Room,2000
009,H3,7,yes,Standard Room,2000
010,H3,9,yes,Standard Room,2000
011,H3,6,yes,Standard Room,2000
012,H3,6,yes,Standard Room,2000
013,H3,5,yes,Standard Room,2000
014,H3,2,yes,Standard Room,2000
015,H3,9,yes,Standard Room,2000
016,H3,10,yes,Standard Room,2000
017,H3,4,yes,Standard Room,2000
018,H3,10,yes,Standard Room,2000
019,H3,9,yes,Standard Room,2000
020,H3,2,yes,Standard Room,2000
021,H3,8,yes,Standard Room,2000
022,H3,4,yes,Standard Room,2000
023,H3,1,yes,Standard Room,2000
024,H3,1,yes,Standard Room,2000
025,H3,6,yes,Standard Room,2000
026,H3,7,yes,Standard Room,2000
027,H3,3,yes,Standard Room,2000
028,H3,9,yes,Standard Room,2000
029,H3,9,yes,Standard Room,2000
030,H3,4,yes,Standard Room,2000
031,H3,7,yes,Standard Room,2000
032,H3,7,yes,Standard Room,2000
033,H3,1,yes,Standard Room,2000
034,H3,8,yes,Standard Room,2000
035,H3,10,yes,Standard Room,2000
036,H3,3,yes,Standard Room,2000
037,H3,6,yes,Standard Room,2000
038,H3,4,yes,Standard Room,2000
039,H3,6,yes,Standard Room,2000
040,H3,1,yes,Standard Room,2000
041,H3,1,yes,Standard Room,2000
042,H3,5,yes,Standard Room,2000
043,H3,7,yes,Standard Room,2000
044,H3,9,yes,Standard Room,2000
045,H3,9,yes,Standard Room,2000
046,H3,9,yes,Standard Room,2000
047,H3,8,yes,Standard Room,2000
048,H3,6,yes,Standard Room,2000
049,H3,2,yes,Standard Room,2000
050,H3,2,yes,Standard Room,2000
051,H3,10,no,Standard Room,2000
052,H3,7,no,Standard Room,2000
053,H3,7,no,Standard Room,2000
054,H3,9,no,Standard Room,2000
055,H3,2,no,Standard Room,2000
056,H3,1,no,Standard Room,2000
057,H3,7,no,Standard Room,2000
058,H3,2,no,Standard Room,2000
059,H3,5,no,Standard Room,2000
060,H3,9,no,Standard Room,2000
061,H3,1,no,Standard Room,2000
062,H3,10,no,Standard Room,2000
063,H3,10,no,Standard Room,2000
064,H3,7,no,Standard Room,2000
065,H3,6,no,Standard Room,2000
066,H3,6,no,Standard Room,2000
067,H3,9,no,Standard Room,2000
068,H3,8,no,Standard Room,2000
069,H3,6,no,Standard Room,2000
070,H3,5,no,Standard Room,2000
071,H3,10,no,Standard Room,2000
072,H3,7,no,Standard Room,2000
073,H3,2,no,Standard Room,2000
074,H3,2,no,Standard Room,2000
075,H3,7,no,Standard Room,2000
076,H3,3,no,Standard Room,2000
077,H3,1,no,Standard Room,2000
078,H3,9,no,Standard Room,2000
079,H3,1,no,Standard Room,2000
080,H3,6,no,Standard Room,2000
081,H3,4,no,Standard Room,2000
082,H3,9,no,Standard Room,2000
083,H3,4,no,Standard Room,2000
084,H3,3,no,Standard Room,2000
085,H3,7,no,Standard Room,2000
086,H3,8,no,Standard Room,2000
087,H3,3,no,Standard Room,2000
088,H3,3,no,Standard Room,2000
089,H3,2,no,Standard Room,2000
090,H3,2,no,Standard Room,2000
091,H3,2,no,Standard Room,2000
092,H3,7,no,Standard Room,2000
093,H3,9,no,Standard Room,2000
094,H3,3,no,Standard Room,2000
095,H3,1,no,Standard Room,2000
096,H3,5,no,Standard Room,2000
097,H3,6,no,Standard Room,2000
098,H3,10,no,Standard Room,2000
099,H3,3,no,Standard Room,2000
100,H3,1,no,Standard Room,2000
101,H3,4,yes,Superior Room,2200
102,H3,9,yes,Superior Room,2200
103,H3,10,yes,Superior Room,2200
104,H3,6,yes,Superior Room,2200
105,H3,1,yes,Superior Room,2200
106,H3,7,yes,Superior Room,2200
107,H3,9,yes,Superior Room,2200
108,H3,9,yes,Superior Room,2200
109,H3,4,yes,Superior Room,2200
110,H3,7,yes,Superior Room,2200
111,H3,6,yes,Superior Room,2200
112,H3,5,yes,Superior Room,2200
113,H3,7,yes,Superior Room,2200
114,H3,9,yes,Superior Room,2200
115,H3,9,yes,Superior Room,2200
116,H3,5,yes,Superior Room,2200
117,H3,10,yes,Superior Room,2200
118,H3,5,yes,Superior Room,2200
119,H3,4,yes,Superior Room,2200
120,H3,9,yes,Superior Room,2200
121,H3,2,no,Superior Room,2200
122,H3,3,no,Superior Room,2200
123,H3,8,no,Superior Room,2200
124,H3,9,no,Superior Room,2200
125,H3,8,no,Superior Room,2200
126,H3,10,no,Superior Room,2200
127,H3,6,no,Superior Room,2200
128,H3,5,no,Superior Room,2200
129,H3,8,no,Superior Room,2200
130,H3,9,no,Superior Room,2200
131,H3,10,no,Superior Room,2200
132,H3,7,no,Superior Room,2200
133,H3,6,no,Superior Room,2200
134,H3,6,no,Superior Room,2200
135,H3,3,no,Superior Room,2200
136,H3,4,no,Superior Room,2200
137,H3,2,no,Superior Room,2200
138,H3,1,no,Superior Room,2200
139,H3,2,no,Superior Room,2200
140,H3,9,no,Superior Room,2200
141,H3,3,yes,Deluxe Room,2400
142,H3,6,yes,Deluxe Room,2400
143,H3,6,yes,Deluxe Room,2400
144,H3,3,yes,Deluxe Room,2400
145,H3,3,yes,Deluxe Room,2400
146,H3,2,yes,Deluxe Room,2400
147,H3,9,yes,Deluxe Room,2400
148,H3,6,yes,Deluxe Room,2400
149,H3,2,yes,Deluxe Room,2400
150,H3,9,yes,Deluxe Room,2400
151,H3,1,yes,Deluxe Room,2400
152,H3,6,yes,Deluxe Room,2400
153,H3,1,yes,Deluxe Room,2400
154,H3,7,yes,Deluxe Room,2400
155,H3,1,yes,Deluxe Room,2400
156,H3,5,no,Deluxe Room,2400
157,H3,1,no,Deluxe Room,2400
158,H3,8,no,Deluxe Room,2400
159,H3,1,no,Deluxe Room,2400
160,H3,8,no,Deluxe Room,2400
161,H3,9,no,Deluxe Room,2400
162,H3,8,no,Deluxe Room,2400
163,H3,9,no,Deluxe Room,2400
164,H3,10,no,Deluxe Room,2400
165,H3,2,no,Deluxe Room,2400
166,H3,6,no,Deluxe Room,2400
167,H3,3,no,Deluxe Room,2400
168,H3,5,no,Deluxe Room,2400
169,H3,10,no,Deluxe Room,2400
170,H3,2,no,Deluxe Room,2400
171,H3,8,yes,Suite,2600
172,H3,9,yes,Suite,2600
173,H3,7,yes,Suite,2600
174,H3,7,yes,Suite,2600
175,H3,4,yes,Suite,2600
176,H3,5,yes,Suite,2600
177,H3,6,yes,Suite,2600
178,H3,7,yes,Suite,2600
179,H3,10,yes,Suite,2600
180,H3,3,yes,Suite,2600
181,H3,9,no,Suite,2600
182,H3,7,no,Suite,2600
183,H3,10,no,Suite,2600
184,H3,1,no,Suite,2600
185,H3,10,no,Suite,2600
186,H3,8,no,Suite,2600
187,H3,6,no,Suite,2600
188,H3,4,no,Suite,2600
189,H3,6,no,Suite,2600
190,H3,7,no,Suite,2600
191,H3,4,yes,Presidential Suite,2800
192,H3,6,yes,Presidential Suite,2800
193,H3,3,yes,Presidential Suite,2800
194,H3,10,yes,Presidential Suite,2800
195,H3,3,yes,Presidential Suite,2800
196,H3,6,no,Presidential Suite,2800
197,H3,8,no,Presidential Suite,2800
198,H3,10,no,Presidential Suite,2800
199,H3,6,no,Presidential Suite,2800
200,H3,2,no,Presidential Suite,2800
001,H4,4,yes,Standard Room,2000
002,H4,2,yes,Standard Room,2000
003,H4,1,yes,Standard Room,2000
004,H4,3,yes,Standard Room,2000
005,H4,3,yes,Standard Room,2000
006,H4,8,yes,Standard Room,2000
007,H4,3,yes,Standard Room,2000
008,H4,7,yes,Standard Room,2000
009,H4,4,yes,Standard Room,2000
010,H4,1,yes,Standard Room,2000
011,H4,9,yes,Standard Room,2000
012,H4,9,yes,Standard Room,2000
013,H4,2,yes,Standard Room,2000
014,H4,10,yes,Standard Room,2000
015,H4,10,yes,Standard Room,2000
016,H4,6,yes,Standard Room,2000
017,H4,1,yes,Standard Room,2000
018,H4,9,yes,Standard Room,2000
019,H4,7,yes,Standard Room,2000
020,H4,3,yes,Standard Room,2000
021,H4,6,yes,Standard Room,2000
022,H4,3,yes,Standard Room,2000
023,H4,8,yes,Standard Room,2000
024,H4,8,yes,Standard Room,2000
025,H4,4,yes,Standard Room,2000
026,H4,7,yes,Standard Room,2000
027,H4,2,yes,Standard Room,2000
028,H4,10,yes,Standard Room,2000
029,H4,8,yes,Standard Room,2000
030,H4,10,yes,Standard Room,2000
031,H4,10,yes,Standard Room,2000
032,H4,9,yes,Standard Room,2000
033,H4,2,yes,Standard Room,2000
034,H4,1,yes,Standard Room,2000
035,H4,1,yes,Standard Room,2000
036,H4,7,yes,Standard Room,2000
037,H4,2,yes,Standard Room,2000
038,H4,7,yes,Standard Room,2000
039,H4,5,yes,Standard Room,2000
040,H4,6,yes,Standard Room,2000
041,H4,6,yes,Standard Room,2000
042,H4,8,yes,Standard Room,2000
043,H4,1,yes,Standard Room,2000
044,H4,7,yes,Standard Room,2000
045,H4,9,yes,Standard Room,2000
046,H4,8,yes,Standard Room,2000
047,H4,6,yes,Standard Room,2000
048,H4,3,yes,Standard Room,2000
049,H4,7,yes,Standard Room,2000
050,H4,8,yes,Standard Room,2000
051,H4,8,no,Standard Room,2000
052,H4,8,no,Standard Room,2000
053,H4,4,no,Standard Room,2000
054,H4,8,no,Standard Room,2000
055,H4,4,no,Standard Room,2000
056,H4,8,no,Standard Room,2000
057,H4,3,no,Standard Room,2000
058,H4,8,no,Standard Room,2000
059,H4,3,no,Standard Room,2000
060,H4,9,no,Standard Room,2000
061,H4,5,no,Standard Room,2000
062,H4,8,no,Standard Room,2000
063,H4,4,no,Standard Room,2000
064,H4,8,no,Standard Room,2000
065,H4,7,no,Standard Room,2000
066,H4,6,no,Standard Room,2000
067,H4,3,no,Standard Room,2000
068,H4,6,no,Standard Room,2000
069,H4,8,no,Standard Room,2000
070,H4,4,no,Standard Room,2000
071,H4,5,no,Standard Room,2000
072,H4,4,no,Standard Room,2000
073,H4,10,no,Standard Room,2000
074,H4,4,no,Standard Room,2000
075,H4,3,no,Standard Room,2000
076,H4,2,no,Standard Room,2000
077,H4,8,no,Standard Room,2000
078,H4,2,no,Standard Room,2000
079,H4,4,no,Standard Room,2000
080,H4,3,no,Standard Room,2000
081,H4,10,no,Standard Room,2000
082,H4,8,no,Standard Room,2000
083,H4,3,no,Standard Room,2000
084,H4,2,no,Standard Room,2000
085,H4,9,no,Standard Room,2000
086,H4,4,no,Standard Room,2000
087,H4,6,no,Standard Room,2000
088,H4,5,no,Standard Room,2000
089,H4,10,no,Standard Room,2000
090,H4,7,no,Standard Room,2000
091,H4,2,no,Standard Room,2000
092,H4,4,no,Standard Room,2000
093,H4,2,no,Standard Room,2000
094,H4,10,no,Standard Room,2000
095,H4,4,no,Standard Room,2000
096,H4,3,no,Standard Room,2000
097,H4,3,no,Standard Room,2000
098,H4,5,no,Standard Room,2000
099,H4,4,no,Standard Room,2000
100,H4,1,no,Standard Room,2000
101,H4,8,yes,Superior Room,2200
102,H4,4,yes,Superior Room,2200
103,H4,7,yes,Superior Room,2200
104,H4,8,yes,Superior Room,2200
105,H4,3,yes,Superior Room,2200
106,H4,3,yes,Superior Room,2200
107,H4,3,yes,Superior Room,2200
108,H4,8,yes,Superior Room,2200
109,H4,9,yes,Superior Room,2200
110,H4,1,yes,Superior Room,2200
111,H4,4,yes,Superior Room,2200
112,H4,8,yes,Superior Room,2200
113,H4,10,yes,Superior Room,2200
114,H4,4,yes,Superior Room,2200
115,H4,3,yes,Superior Room,2200
116,H4,1,yes,Superior Room,2200
117,H4,10,yes,Superior Room,2200
118,H4,3,yes,Superior Room,2200
119,H4,5,yes,Superior Room,2200
120,H4,8,yes,Superior Room,2200
121,H4,7,no,Superior Room,2200
122,H4,6,no,Superior Room,2200
123,H4,8,no,Superior Room,2200
124,H4,10,no,Superior Room,2200
125,H4,3,no,Superior Room,2200
126,H4,2,no,Superior Room,2200
127,H4,8,no,Superior Room,2200
128,H4,9,no,Superior Room,2200
129,H4,3,no,Superior Room,2200
130,H4,10,no,Superior Room,2200
131,H4,5,no,Superior Room,2200
132,H4,1,no,Superior Room,2200
133,H4,5,no,Superior Room,2200
134,H4,6,no,Superior Room,2200
135,H4,3,no,Superior Room,2200
136,H4,4,no,Superior Room,2200
137,H4,5,no,Superior Room,2200
138,H4,2,no,Superior Room,2200
139,H4,1,no,Superior Room,2200
140,H4,4,no,Superior Room,2200
141,H4,7,yes,Deluxe Room,2400
142,H4,3,yes,Deluxe Room,2400
143,H4,2,yes,Deluxe Room,2400
144,H4,4,yes,Deluxe Room,2400
145,H4,9,yes,Deluxe Room,2400
146,H4,6,yes,Deluxe Room,2400
147,H4,8,yes,Deluxe Room,2400
148,H4,5,yes,Deluxe Room,2400
149,H4,1,yes,Deluxe Room,2400
150,H4,7,yes,Deluxe Room,2400
151,H4,10,yes,Deluxe Room,2400
152,H4,2,yes,Deluxe Room,2400
153,H4,6,yes,Deluxe Room,2400
154,H4,8,yes,Deluxe Room,2400
155,H4,2,yes,Deluxe Room,2400
156,H4,8,no,Deluxe Room,2400
157,H4,9,no,Deluxe Room,2400
158,H4,9,no,Deluxe Room,2400
159,H4,7,no,Deluxe Room,2400
160,H4,2,no,Deluxe Room,2400
161,H4,7,no,Deluxe Room,2400
162,H4,1,no,Deluxe Room,2400
163,H4,2,no,Deluxe Room,2400
164,H4,1,no,Deluxe Room,2400
165,H4,8,no,Deluxe Room,2400
166,H4,10,no,Deluxe Room,2400
167,H4,10,no,Deluxe Room,2400
168,H4,6,no,Deluxe Room,2400
169,H4,2,no,Deluxe Room,2400
170,H4,6,no,Deluxe Room,2400
171,H4,4,yes,Suite,2600
172,H4,4,yes,Suite,2600
173,H4,8,yes,Suite,2600
174,H4,7,yes,Suite,2600
175,H4,1,yes,Suite,2600
176,H4,9,yes,Suite,2600
177,H4,6,yes,Suite,2600
178,H4,6,yes,Suite,2600
179,H4,1,yes,Suite,2600
180,H4,9,yes,Suite,2600
181,H4,3,no,Suite,2600
182,H4,4,no,Suite,2600
183,H4,5,no,Suite,2600
184,H4,3,no,Suite,2600
185,H4,10,no,Suite,2600
186,H4,8,no,Suite,2600
187,H4,6,no,Suite,2600
188,H4,4,no,Suite,2600
189,H4,7,no,Suite,2600
190,H4,3,no,Suite,2600
191,H4,5,yes,Presidential Suite,2800
192,H4,8,yes,Presidential Suite,2800
193,H4,2,yes,Presidential Suite,2800
194,H4,10,yes,Presidential Suite,2800
195,H4,10,yes,Presidential Suite,2800
196,H4,3,no,Presidential Suite,2800
197,H4,3,no,Presidential Suite,2800
198,H4,9,no,Presidential Suite,2800
199,H4,10,no,Presidential Suite,2800
200,H4,3,no,Presidential Suite,2800
001,H5,5,yes,Standard Room,2000
002,H5,8,yes,Standard Room,2000
003,H5,5,yes,Standard Room,2000
004,H5,5,yes,Standard Room,2000
005,H5,8,yes,Standard Room,2000
006,H5,10,yes,Standard Room,2000
007,H5,9,yes,Standard Room,2000
008,H5,7,yes,Standard Room,2000
009,H5,1,yes,Standard Room,2000
010,H5,5,yes,Standard Room,2000
011,H5,4,yes,Standard Room,2000
012,H5,9,yes,Standard Room,2000
013,H5,2,yes,Standard Room,2000
014,H5,7,yes,Standard Room,2000
015,H5,9,yes,Standard Room,2000
016,H5,3,yes,Standard Room,2000
017,H5,3,yes,Standard Room,2000
018,H5,7,yes,Standard Room,2000
019,H5,1,yes,Standard Room,2000
020,H5,9,yes,Standard Room,2000
021,H5,8,yes,Standard Room,2000
022,H5,3,yes,Standard Room,2000
023,H5,1,yes,Standard Room,2000
024,H5,7,yes,Standard Room,2000
025,H5,3,yes,Standard Room,2000
026,H5,6,yes,Standard Room,2000
027,H5,3,yes,Standard Room,2000
028,H5,2,yes,Standard Room,2000
029,H5,8,yes,Standard Room,2000
030,H5,6,yes,Standard Room,2000
031,H5,5,yes,Standard Room,2000
032,H5,1,yes,Standard Room,2000
033,H5,9,yes,Standard Room,2000
034,H5,8,yes,Standard Room,2000
035,H5,3,yes,Standard Room,2000
036,H5,3,yes,Standard Room,2000
037,H5,6,yes,Standard Room,2000
038,H5,2,yes,Standard Room,2000
039,H5,1,yes,Standard Room,2000
040,H5,7,yes,Standard Room,2000
041,H5,6,yes,Standard Room,2000
042,H5,1,yes,Standard Room,2000
043,H5,8,yes,Standard Room,2000
044,H5,10,yes,Standard Room,2000
045,H5,1,yes,Standard Room,2000
046,H5,6,yes,Standard Room,2000
047,H5,8,yes,Standard Room,2000
048,H5,9,yes,Standard Room,2000
049,H5,4,yes,Standard Room,2000
050,H5,10,yes,Standard Room,2000
051,H5,6,no,Standard Room,2000
052,H5,3,no,Standard Room,2000
053,H5,9,no,Standard Room,2000
054,H5,3,no,Standard Room,2000
055,H5,5,no,Standard Room,2000
056,H5,8,no,Standard Room,2000
057,H5,2,no,Standard Room,2000
058,H5,9,no,Standard Room,2000
059,H5,6,no,Standard Room,2000
060,H5,9,no,Standard Room,2000
061,H5,2,no,Standard Room,2000
062,H5,2,no,Standard Room,2000
063,H5,9,no,Standard Room,2000
064,H5,1,no,Standard Room,2000
065,H5,3,no,Standard Room,2000
066,H5,2,no,Standard Room,2000
067,H5,9,no,Standard Room,2000
068,H5,10,no,Standard Room,2000
069,H5,2,no,Standard Room,2000
070,H5,4,no,Standard Room,2000
071,H5,5,no,Standard Room,2000
072,H5,9,no,Standard Room,2000
073,H5,10,no,Standard Room,2000
074,H5,7,no,Standard Room,2000
075,H5,9,no,Standard Room,2000
076,H5,10,no,Standard Room,2000
077,H5,5,no,Standard Room,2000
078,H5,3,no,Standard Room,2000
079,H5,7,no,Standard Room,2000
080,H5,2,no,Standard Room,2000
081,H5,5,no,Standard Room,2000
082,H5,6,no,Standard Room,2000
083,H5,9,no,Standard Room,2000
084,H5,7,no,Standard Room,2000
085,H5,6,no,Standard Room,2000
086,H5,4,no,Standard Room,2000
087,H5,3,no,Standard Room,2000
088,H5,8,no,Standard Room,2000
089,H5,3,no,Standard Room,2000
090,H5,7,no,Standard Room,2000
091,H5,2,no,Standard Room,2000
092,H5,1,no,Standard Room,2000
093,H5,1,no,Standard Room,2000
094,H5,7,no,Standard Room,2000
095,H5,5,no,Standard Room,2000
096,H5,8,no,Standard Room,2000
097,H5,4,no,Standard Room,2000
098,H5,1,no,Standard Room,2000
099,H5,9,no,Standard Room,2000
100,H5,2,no,Standard Room,2000
101,H5,1,yes,Superior Room,2200
102,H5,9,yes,Superior Room,2200
103,H5,10,yes,Superior Room,2200
104,H5,1,yes,Superior Room,2200
105,H5,3,yes,Superior Room,2200
106,H5,4,yes,Superior Room,2200
107,H5,5,yes,Superior Room,2200
108,H5,10,yes,Superior Room,2200
109,H5,1,yes,Superior Room,2200
110,H5,7,yes,Superior Room,2200
111,H5,5,yes,Superior Room,2200
112,H5,7,yes,Superior Room,2200
113,H5,1,yes,Superior Room,2200
114,H5,8,yes,Superior Room,2200
115,H5,3,yes,Superior Room,2200
116,H5,9,yes,Superior Room,2200
117,H5,3,yes,Superior Room,2200
118,H5,6,yes,Superior Room,2200
119,H5,8,yes,Superior Room,2200
120,H5,7,yes,Superior Room,2200
121,H5,4,no,Superior Room,2200
122,H5,10,no,Superior Room,2200
123,H5,5,no,Superior Room,2200
124,H5,10,no,Superior Room,2200
125,H5,10,no,Superior Room,2200
126,H5,10,no,Superior Room,2200
127,H5,6,no,Superior Room,2200
128,H5,6,no,Superior Room,2200
129,H5,8,no,Superior Room,2200
130,H5,9,no,Superior Room,2200
131,H5,4,no,Superior Room,2200
132,H5,6,no,Superior Room,2200
133,H5,6,no,Superior Room,2200
134,H5,10,no,Superior Room,2200
135,H5,9,no,Superior Room,2200
136,H5,10,no,Superior Room,2200
137,H5,6,no,Superior Room,2200
138,H5,10,no,Superior Room,2200
139,H5,8,no,Superior Room,2200
140,H5,3,no,Superior Room,2200
141,H5,1,yes,Deluxe Room,2400
142,H5,10,yes,Deluxe Room,2400
143,H5,6,yes,Deluxe Room,2400
144,H5,7,yes,Deluxe Room,2400
145,H5,2,yes,Deluxe Room,2400
146,H5,7,yes,Deluxe Room,2400
147,H5,7,yes,Deluxe Room,2400
148,H5,10,yes,Deluxe Room,2400
149,H5,10,yes,Deluxe Room,2400
150,H5,6,yes,Deluxe Room,2400
151,H5,9,yes,Deluxe Room,2400
152,H5,8,yes,Deluxe Room,2400
153,H5,5,yes,Deluxe Room,2400
154,H5,10,yes,Deluxe Room,2400
155,H5,6,yes,Deluxe Room,2400
156,H5,5,no,Deluxe Room,2400
157,H5,3,no,Deluxe Room,2400
158,H5,2,no,Deluxe Room,2400
159,H5,2,no,Deluxe Room,2400
160,H5,6,no,Deluxe Room,2400
161,H5,5,no,Deluxe Room,2400
162,H5,2,no,Deluxe Room,2400
163,H5,5,no,Deluxe Room,2400
164,H5,8,no,Deluxe Room,2400
165,H5,10,no,Deluxe Room,2400
166,H5,2,no,Deluxe Room,2400
167,H5,5,no,Deluxe Room,2400
168,H5,2,no,Deluxe Room,2400
169,H5,7,no,Deluxe Room,2400
170,H5,10,no,Deluxe Room,2400
171,H5,10,yes,Suite,2600
172,H5,7,yes,Suite,2600
173,H5,1,yes,Suite,2600
174,H5,10,yes,Suite,2600
175,H5,5,yes,Suite,2600
176,H5,1,yes,Suite,2600
177,H5,7,yes,Suite,2600
178,H5,10,yes,Suite,2600
179,H5,5,yes,Suite,2600
180,H5,5,yes,Suite,2600
181,H5,10,no,Suite,2600
182,H5,3,no,Suite,2600
183,H5,8,no,Suite,2600
184,H5,7,no,Suite,2600
185,H5,3,no,Suite,2600
186,H5,1,no,Suite,2600
187,H5,8,no,Suite,2600
188,H5,5,no,Suite,2600
189,H5,9,no,Suite,2600
190,H5,3,no,Suite,2600
191,H5,5,yes,Presidential Suite,2800
192,H5,4,yes,Presidential Suite,2800
193,H5,9,yes,Presidential Suite,2800
194,H5,5,yes,Presidential Suite,2800
195,H5,8,yes,Presidential Suite,2800
196,H5,1,no,Presidential Suite,2800
197,H5,2,no,Presidential Suite,2800
198,H5,7,no,Presidential Suite,2800
199,H5,3,no,Presidential Suite,2800
200,H5,3,no,Presidential Suite,2800
001,H6,5,yes,Standard Room,1000
002,H6,9,yes,Standard Room,1000
003,H6,8,yes,Standard Room,1000
004,H6,6,yes,Standard Room,1000
005,H6,7,yes,Standard Room,1000
006,H6,8,yes,Standard Room,1000
007,H6,10,yes,Standard Room,1000
008,H6,9,yes,Standard Room,1000
009,H6,9,yes,Standard Room,1000
010,H6,10,yes,Standard Room,1000
011,H6,6,yes,Standard Room,1000
012,H6,9,yes,Standard Room,1000
013,H6,3,yes,Standard Room,1000
014,H6,6,yes,Standard Room,1000
015,H6,9,yes,Standard Room,1000
016,H6,5,yes,Standard Room,1000
017,H6,2,yes,Standard Room,1000
018,H6,10,yes,Standard Room,1000
019,H6,3,yes,Standard Room,1000
020,H6,10,yes,Standard Room,1000
021,H6,9,yes,Standard Room,1000
022,H6,2,yes,Standard Room,1000
023,H6,8,yes,Standard Room,1000
024,H6,1,yes,Standard Room,1000
025,H6,3,yes,Standard Room,1000
026,H6,10,yes,Standard Room,1000
027,H6,10,yes,Standard Room,1000
028,H6,9,yes,Standard Room,1000
029,H6,1,yes,Standard Room,1000
030,H6,10,yes,Standard Room,1000
031,H6,1,yes,Standard Room,1000
032,H6,8,yes,Standard Room,1000
033,H6,2,yes,Standard Room,1000
034,H6,3,yes,Standard Room,1000
035,H6,4,yes,Standard Room,1000
036,H6,10,yes,Standard Room,1000
037,H6,10,yes,Standard Room,1000
038,H6,9,yes,Standard Room,1000
039,H6,9,yes,Standard Room,1000
040,H6,1,yes,Standard Room,1000
041,H6,4,yes,Standard Room,1000
042,H6,1,yes,Standard Room,1000
043,H6,7,yes,Standard Room,1000
044,H6,6,yes,Standard Room,1000
045,H6,3,yes,Standard Room,1000
046,H6,4,yes,Standard Room,1000
047,H6,5,yes,Standard Room,1000
048,H6,1,yes,Standard Room,1000
049,H6,8,yes,Standard Room,1000
050,H6,1,yes,Standard Room,1000
051,H6,10,no,Standard Room,1000
052,H6,7,no,Standard Room,1000
053,H6,9,no,Standard Room,1000
054,H6,10,no,Standard Room,1000
055,H6,9,no,Standard Room,1000
056,H6,9,no,Standard Room,1000
057,H6,10,no,Standard Room,1000
058,H6,3,no,Standard Room,1000
059,H6,6,no,Standard Room,1000
060,H6,9,no,Standard Room,1000
061,H6,7,no,Standard Room,1000
062,H6,10,no,Standard Room,1000
063,H6,1,no,Standard Room,1000
064,H6,1,no,Standard Room,1000
065,H6,1,no,Standard Room,1000
066,H6,7,no,Standard Room,1000
067,H6,7,no,Standard Room,1000
068,H6,7,no,Standard Room,1000
069,H6,6,no,Standard Room,1000
070,H6,9,no,Standard Room,1000
071,H6,2,no,Standard Room,1000
072,H6,5,no,Standard Room,1000
073,H6,1,no,Standard Room,1000
074,H6,10,no,Standard Room,1000
075,H6,1,no,Standard Room,1000
076,H6,9,no,Standard Room,1000
077,H6,8,no,Standard Room,1000
078,H6,6,no,Standard Room,1000
079,H6,9,no,Standard Room,1000
080,H6,9,no,Standard Room,1000
081,H6,5,no,Standard Room,1000
082,H6,10,no,Standard Room,1000
083,H6,10,no,Standard Room,1000
084,H6,10,no,Standard Room,1000
085,H6,4,no,Standard Room,1000
086,H6,10,no,Standard Room,1000
087,H6,5,no,Standard Room,1000
088,H6,2,no,Standard Room,1000
089,H6,3,no,Standard Room,1000
090,H6,7,no,Standard Room,1000
091,H6,6,no,Standard Room,1000
092,H6,1,no,Standard Room,1000
093,H6,6,no,Standard Room,1000
094,H6,5,no,Standard Room,1000
095,H6,1,no,Standard Room,1000
096,H6,1,no,Standard Room,1000
097,H6,5,no,Standard Room,1000
098,H6,2,no,Standard Room,1000
099,H6,9,no,Standard Room,1000
100,H6,8,no,Standard Room,1000
101,H6,10,yes,Superior Room,1200
102,H6,10,yes,Superior Room,1200
103,H6,10,yes,Superior Room,1200
104,H6,8,yes,Superior Room,1200
105,H6,6,yes,Superior Room,1200
106,H6,4,yes,Superior Room,1200
107,H6,10,yes,Superior Room,1200
108,H6,4,yes,Superior Room,1200
109,H6,3,yes,Superior Room,1200
110,H6,1,yes,Superior Room,1200
111,H6,9,yes,Superior Room,1200
112,H6,8,yes,Superior Room,1200
113,H6,2,yes,Superior Room,1200
114,H6,5,yes,Superior Room,1200
115,H6,6,yes,Superior Room,1200
116,H6,9,yes,Superior Room,1200
117,H6,1,yes,Superior Room,1200
118,H6,3,yes,Superior Room,1200
119,H6,7,yes,Superior Room,1200
120,H6,3,yes,Superior Room,1200
121,H6,6,no,Superior Room,1200
122,H6,2,no,Superior Room,1200
123,H6,9,no,Superior Room,1200
124,H6,7,no,Superior Room,1200
125,H6,6,no,Superior Room,1200
126,H6,7,no,Superior Room,1200
127,H6,2,no,Superior Room,1200
128,H6,4,no,Superior Room,1200
129,H6,2,no,Superior Room,1200
130,H6,5,no,Superior Room,1200
131,H6,7,no,Superior Room,1200
132,H6,7,no,Superior Room,1200
133,H6,7,no,Superior Room,1200
134,H6,6,no,Superior Room,1200
135,H6,7,no,Superior Room,1200
136,H6,10,no,Superior Room,1200
137,H6,7,no,Superior Room,1200
138,H6,10,no,Superior Room,1200
139,H6,3,no,Superior Room,1200
140,H6,7,no,Superior Room,1200
141,H6,3,yes,Deluxe Room,1400
142,H6,7,yes,Deluxe Room,1400
143,H6,9,yes,Deluxe Room,1400
144,H6,3,yes,Deluxe Room,1400
145,H6,6,yes,Deluxe Room,1400
146,H6,2,yes,Deluxe Room,1400
147,H6,7,yes,Deluxe Room,1400
148,H6,2,yes,Deluxe Room,1400
149,H6,9,yes,Deluxe Room,1400
150,H6,5,yes,Deluxe Room,1400
151,H6,4,yes,Deluxe Room,1400
152,H6,8,yes,Deluxe Room,1400
153,H6,9,yes,Deluxe Room,1400
154,H6,6,yes,Deluxe Room,1400
155,H6,7,yes,Deluxe Room,1400
156,H6,1,no,Deluxe Room,1400
157,H6,6,no,Deluxe Room,1400
158,H6,1,no,Deluxe Room,1400
159,H6,8,no,Deluxe Room,1400
160,H6,2,no,Deluxe Room,1400
161,H6,6,no,Deluxe Room,1400
162,H6,6,no,Deluxe Room,1400
163,H6,2,no,Deluxe Room,1400
164,H6,5,no,Deluxe Room,1400
165,H6,7,no,Deluxe Room,1400
166,H6,5,no,Deluxe Room,1400
167,H6,3,no,Deluxe Room,1400
168,H6,8,no,Deluxe Room,1400
169,H6,1,no,Deluxe Room,1400
170,H6,5,no,Deluxe Room,1400
171,H6,5,yes,Suite,1600
172,H6,5,yes,Suite,1600
173,H6,3,yes,Suite,1600
174,H6,9,yes,Suite,1600
175,H6,6,yes,Suite,1600
176,H6,2,yes,Suite,1600
177,H6,9,yes,Suite,1600
178,H6,1,yes,Suite,1600
179,H6,10,yes,Suite,1600
180,H6,2,yes,Suite,1600
181,H6,7,no,Suite,1600
182,H6,10,no,Suite,1600
183,H6,2,no,Suite,1600
184,H6,5,no,Suite,1600
185,H6,10,no,Suite,1600
186,H6,7,no,Suite,1600
187,H6,8,no,Suite,1600
188,H6,7,no,Suite,1600
189,H6,5,no,Suite,1600
190,H6,10,no,Suite,1600
191,H6,4,yes,Presidential Suite,1800
192,H6,4,yes,Presidential Suite,1800
193,H6,7,yes,Presidential Suite,1800
194,H6,7,yes,Presidential Suite,1800
195,H6,1,yes,Presidential Suite,1800
196,H6,3,no,Presidential Suite,1800
197,H6,6,no,Presidential Suite,1800
198,H6,8,no,Presidential Suite,1800
199,H6,6,no,Presidential Suite,1800
200,H6,5,no,Presidential Suite,1800
001,H7,3,yes,Standard Room,1000
002,H7,10,yes,Standard Room,1000
003,H7,6,yes,Standard Room,1000
004,H7,8,yes,Standard Room,1000
005,H7,6,yes,Standard Room,1000
006,H7,3,yes,Standard Room,1000
007,H7,10,yes,Standard Room,1000
008,H7,6,yes,Standard Room,1000
009,H7,10,yes,Standard Room,1000
010,H7,1,yes,Standard Room,1000
011,H7,6,yes,Standard Room,1000
012,H7,7,yes,Standard Room,1000
013,H7,1,yes,Standard Room,1000
014,H7,3,yes,Standard Room,1000
015,H7,7,yes,Standard Room,1000
016,H7,2,yes,Standard Room,1000
017,H7,8,yes,Standard Room,1000
018,H7,3,yes,Standard Room,1000
019,H7,5,yes,Standard Room,1000
020,H7,1,yes,Standard Room,1000
021,H7,2,yes,Standard Room,1000
022,H7,6,yes,Standard Room,1000
023,H7,10,yes,Standard Room,1000
024,H7,10,yes,Standard Room,1000
025,H7,5,yes,Standard Room,1000
026,H7,4,yes,Standard Room,1000
027,H7,5,yes,Standard Room,1000
028,H7,6,yes,Standard Room,1000
029,H7,1,yes,Standard Room,1000
030,H7,9,yes,Standard Room,1000
031,H7,3,yes,Standard Room,1000
032,H7,2,yes,Standard Room,1000
033,H7,7,yes,Standard Room,1000
034,H7,2,yes,Standard Room,1000
035,H7,10,yes,Standard Room,1000
036,H7,6,yes,Standard Room,1000
037,H7,2,yes,Standard Room,1000
038,H7,5,yes,Standard Room,1000
039,H7,2,yes,Standard Room,1000
040,H7,1,yes,Standard Room,1000
041,H7,1,yes,Standard Room,1000
042,H7,3,yes,Standard Room,1000
043,H7,4,yes,Standard Room,1000
044,H7,5,yes,Standard Room,1000
045,H7,6,yes,Standard Room,1000
046,H7,9,yes,Standard Room,1000
047,H7,6,yes,Standard Room,1000
048,H7,4,yes,Standard Room,1000
049,H7,4,yes,Standard Room,1000
050,H7,6,yes,Standard Room,1000
051,H7,6,no,Standard Room,1000
052,H7,8,no,Standard Room,1000
053,H7,8,no,Standard Room,1000
054,H7,1,no,Standard Room,1000
055,H7,6,no,Standard Room,1000
056,H7,2,no,Standard Room,1000
057,H7,9,no,Standard Room,1000
058,H7,5,no,Standard Room,1000
059,H7,10,no,Standard Room,1000
060,H7,2,no,Standard Room,1000
061,H7,5,no,Standard Room,1000
062,H7,1,no,Standard Room,1000
063,H7,2,no,Standard Room,1000
064,H7,4,no,Standard Room,1000
065,H7,8,no,Standard Room,1000
066,H7,4,no,Standard Room,1000
067,H7,2,no,Standard Room,1000
068,H7,8,no,Standard Room,1000
069,H7,9,no,Standard Room,1000
070,H7,4,no,Standard Room,1000
071,H7,3,no,Standard Room,1000
072,H7,3,no,Standard Room,1000
073,H7,9,no,Standard Room,1000
074,H7,10,no,Standard Room,1000
075,H7,6,no,Standard Room,1000
076,H7,10,no,Standard Room,1000
077,H7,1,no,Standard Room,1000
078,H7,8,no,Standard Room,1000
079,H7,9,no,Standard Room,1000
080,H7,8,no,Standard Room,1000
081,H7,1,no,Standard Room,1000
082,H7,8,no,Standard Room,1000
083,H7,7,no,Standard Room,1000
084,H7,6,no,Standard Room,1000
085,H7,7,no,Standard Room,1000
086,H7,10,no,Standard Room,1000
087,H7,5,no,Standard Room,1000
088,H7,1,no,Standard Room,1000
089,H7,1,no,Standard Room,1000
090,H7,6,no,Standard Room,1000
091,H7,1,no,Standard Room,1000
092,H7,10,no,Standard Room,1000
093,H7,4,no,Standard Room,1000
094,H7,7,no,Standard Room,1000
095,H7,6,no,Standard Room,1000
096,H7,9,no,Standard Room,1000
097,H7,4,no,Standard Room,1000
098,H7,3,no,Standard Room,1000
099,H7,1,no,Standard Room,1000
100,H7,5,no,Standard Room,1000
101,H7,10,yes,Superior Room,1200
102,H7,5,yes,Superior Room,1200
103,H7,4,yes,Superior Room,1200
104,H7,7,yes,Superior Room,1200
105,H7,5,yes,Superior Room,1200
106,H7,6,yes,Superior Room,1200
107,H7,9,yes,Superior Room,1200
108,H7,4,yes,Superior Room,1200
109,H7,3,yes,Superior Room,1200
110,H7,10,yes,Superior Room,1200
111,H7,9,yes,Superior Room,1200
112,H7,9,yes,Superior Room,1200
113,H7,3,yes,Superior Room,1200
114,H7,3,yes,Superior Room,1200
115,H7,6,yes,Superior Room,1200
116,H7,10,yes,Superior Room,1200
117,H7,9,yes,Superior Room,1200
118,H7,10,yes,Superior Room,1200
119,H7,8,yes,Superior Room,1200
120,H7,2,yes,Superior Room,1200
121,H7,4,no,Superior Room,1200
122,H7,1,no,Superior Room,1200
123,H7,3,no,Superior Room,1200
124,H7,8,no,Superior Room,1200
125,H7,8,no,Superior Room,1200
126,H7,4,no,Superior Room,1200
127,H7,4,no,Superior Room,1200
128,H7,8,no,Superior Room,1200
129,H7,10,no,Superior Room,1200
130,H7,5,no,Superior Room,1200
131,H7,5,no,Superior Room,1200
132,H7,2,no,Superior Room,1200
133,H7,7,no,Superior Room,1200
134,H7,10,no,Superior Room,1200
135,H7,2,no,Superior Room,1200
136,H7,6,no,Superior Room,1200
137,H7,10,no,Superior Room,1200
138,H7,2,no,Superior Room,1200
139,H7,7,no,Superior Room,1200
140,H7,10,no,Superior Room,1200
141,H7,6,yes,Deluxe Room,1400
142,H7,7,yes,Deluxe Room,1400
143,H7,6,yes,Deluxe Room,1400
144,H7,9,yes,Deluxe Room,1400
145,H7,4,yes,Deluxe Room,1400
146,H7,9,yes,Deluxe Room,1400
147,H7,1,yes,Deluxe Room,1400
148,H7,10,yes,Deluxe Room,1400
149,H7,4,yes,Deluxe Room,1400
150,H7,5,yes,Deluxe Room,1400
151,H7,1,yes,Deluxe Room,1400
152,H7,7,yes,Deluxe Room,1400
153,H7,1,yes,Deluxe Room,1400
154,H7,3,yes,Deluxe Room,1400
155,H7,6,yes,Deluxe Room,1400
156,H7,1,no,Deluxe Room,1400
157,H7,1,no,Deluxe Room,1400
158,H7,8,no,Deluxe Room,1400
159,H7,8,no,Deluxe Room,1400
160,H7,5,no,Deluxe Room,1400
161,H7,3,no,Deluxe Room,1400
162,H7,9,no,Deluxe Room,1400
163,H7,4,no,Deluxe Room,1400
164,H7,2,no,Deluxe Room,1400
165,H7,9,no,Deluxe Room,1400
166,H7,2,no,Deluxe Room,1400
167,H7,5,no,Deluxe Room,1400
168,H7,10,no,Deluxe Room,1400
169,H7,1,no,Deluxe Room,1400
170,H7,6,no,Deluxe Room,1400
171,H7,4,yes,Suite,1600
172,H7,1,yes,Suite,1600
173,H7,8,yes,Suite,1600
174,H7,4,yes,Suite,1600
175,H7,5,yes,Suite,1600
176,H7,8,yes,Suite,1600
177,H7,3,yes,Suite,1600
178,H7,8,yes,Suite,1600
179,H7,3,yes,Suite,1600
180,H7,10,yes,Suite,1600
181,H7,8,no,Suite,1600
182,H7,9,no,Suite,1600
183,H7,7,no,Suite,1600
184,H7,7,no,Suite,1600
185,H7,8,no,Suite,1600
186,H7,4,no,Suite,1600
187,H7,1,no,Suite,1600
188,H7,9,no,Suite,1600
189,H7,4,no,Suite,1600
190,H7,3,no,Suite,1600
191,H7,6,yes,Presidential Suite,1800
192,H7,8,yes,Presidential Suite,1800
193,H7,5,yes,Presidential Suite,1800
194,H7,6,yes,Presidential Suite,1800
195,H7,2,yes,Presidential Suite,1800
196,H7,3,no,Presidential Suite,1800
197,H7,1,no,Presidential Suite,1800
198,H7,5,no,Presidential Suite,1800
199,H7,1,no,Presidential Suite,1800
200,H7,6,no,Presidential Suite,1800
001,H8,8,yes,Standard Room,1000
002,H8,3,yes,Standard Room,1000
003,H8,6,yes,Standard Room,1000
004,H8,7,yes,Standard Room,1000
005,H8,8,yes,Standard Room,1000
006,H8,2,yes,Standard Room,1000
007,H8,9,yes,Standard Room,1000
008,H8,3,yes,Standard Room,1000
009,H8,6,yes,Standard Room,1000
010,H8,4,yes,Standard Room,1000
011,H8,6,yes,Standard Room,1000
012,H8,5,yes,Standard Room,1000
013,H8,5,yes,Standard Room,1000
014,H8,6,yes,Standard Room,1000
015,H8,5,yes,Standard Room,1000
016,H8,5,yes,Standard Room,1000
017,H8,2,yes,Standard Room,1000
018,H8,1,yes,Standard Room,1000
019,H8,7,yes,Standard Room,1000
020,H8,1,yes,Standard Room,1000
021,H8,8,yes,Standard Room,1000
022,H8,1,yes,Standard Room,1000
023,H8,10,yes,Standard Room,1000
024,H8,6,yes,Standard Room,1000
025,H8,9,yes,Standard Room,1000
026,H8,10,yes,Standard Room,1000
027,H8,9,yes,Standard Room,1000
028,H8,6,yes,Standard Room,1000
029,H8,5,yes,Standard Room,1000
030,H8,10,yes,Standard Room,1000
031,H8,6,yes,Standard Room,1000
032,H8,6,yes,Standard Room,1000
033,H8,6,yes,Standard Room,1000
034,H8,9,yes,Standard Room,1000
035,H8,8,yes,Standard Room,1000
036,H8,1,yes,Standard Room,1000
037,H8,6,yes,Standard Room,1000
038,H8,6,yes,Standard Room,1000
039,H8,2,yes,Standard Room,1000
040,H8,9,yes,Standard Room,1000
041,H8,10,yes,Standard Room,1000
042,H8,2,yes,Standard Room,1000
043,H8,4,yes,Standard Room,1000
044,H8,10,yes,Standard Room,1000
045,H8,5,yes,Standard Room,1000
046,H8,10,yes,Standard Room,1000
047,H8,7,yes,Standard Room,1000
048,H8,3,yes,Standard Room,1000
049,H8,9,yes,Standard Room,1000
050,H8,5,yes,Standard Room,1000
051,H8,3,no,Standard Room,1000
052,H8,5,no,Standard Room,1000
053,H8,1,no,Standard Room,1000
054,H8,10,no,Standard Room,1000
055,H8,1,no,Standard Room,1000
056,H8,9,no,Standard Room,1000
057,H8,8,no,Standard Room,1000
058,H8,10,no,Standard Room,1000
059,H8,9,no,Standard Room,1000
060,H8,7,no,Standard Room,1000
061,H8,4,no,Standard Room,1000
062,H8,5,no,Standard Room,1000
063,H8,6,no,Standard Room,1000
064,H8,4,no,Standard Room,1000
065,H8,10,no,Standard Room,1000
066,H8,5,no,Standard Room,1000
067,H8,1,no,Standard Room,1000
068,H8,10,no,Standard Room,1000
069,H8,7,no,Standard Room,1000
070,H8,5,no,Standard Room,1000
071,H8,5,no,Standard Room,1000
072,H8,10,no,Standard Room,1000
073,H8,6,no,Standard Room,1000
074,H8,6,no,Standard Room,1000
075,H8,6,no,Standard Room,1000
076,H8,5,no,Standard Room,1000
077,H8,4,no,Standard Room,1000
078,H8,1,no,Standard Room,1000
079,H8,7,no,Standard Room,1000
080,H8,10,no,Standard Room,1000
081,H8,9,no,Standard Room,1000
082,H8,8,no,Standard Room,1000
083,H8,1,no,Standard Room,1000
084,H8,8,no,Standard Room,1000
085,H8,9,no,Standard Room,1000
086,H8,9,no,Standard Room,1000
087,H8,10,no,Standard Room,1000
088,H8,9,no,Standard Room,1000
089,H8,6,no,Standard Room,1000
090,H8,9,no,Standard Room,1000
091,H8,8,no,Standard Room,1000
092,H8,10,no,Standard Room,1000
093,H8,10,no,Standard Room,1000
094,H8,6,no,Standard Room,1000
095,H8,2,no,Standard Room,1000
096,H8,1,no,Standard Room,1000
097,H8,9,no,Standard Room,1000
098,H8,6,no,Standard Room,1000
099,H8,6,no,Standard Room,1000
100,H8,10,no,Standard Room,1000
101,H8,6,yes,Superior Room,1200
102,H8,9,yes,Superior Room,1200
103,H8,4,yes,Superior Room,1200
104,H8,10,yes,Superior Room,1200
105,H8,9,yes,Superior Room,1200
106,H8,10,yes,Superior Room,1200
107,H8,4,yes,Superior Room,1200
108,H8,8,yes,Superior Room,1200
109,H8,9,yes,Superior Room,1200
110,H8,7,yes,Superior Room,1200
111,H8,7,yes,Superior Room,1200
112,H8,1,yes,Superior Room,1200
113,H8,1,yes,Superior Room,1200
114,H8,2,yes,Superior Room,1200
115,H8,9,yes,Superior Room,1200
116,H8,2,yes,Superior Room,1200
117,H8,4,yes,Superior Room,1200
118,H8,2,yes,Superior Room,1200
119,H8,9,yes,Superior Room,1200
120,H8,8,yes,Superior Room,1200
121,H8,9,no,Superior Room,1200
122,H8,10,no,Superior Room,1200
123,H8,8,no,Superior Room,1200
124,H8,2,no,Superior Room,1200
125,H8,1,no,Superior Room,1200
126,H8,9,no,Superior Room,1200
127,H8,4,no,Superior Room,1200
128,H8,3,no,Superior Room,1200
129,H8,9,no,Superior Room,1200
130,H8,9,no,Superior Room,1200
131,H8,9,no,Superior Room,1200
132,H8,3,no,Superior Room,1200
133,H8,1,no,Superior Room,1200
134,H8,4,no,Superior Room,1200
135,H8,10,no,Superior Room,1200
136,H8,7,no,Superior Room,1200
137,H8,10,no,Superior Room,1200
138,H8,10,no,Superior Room,1200
139,H8,7,no,Superior Room,1200
140,H8,6,no,Superior Room,1200
141,H8,7,yes,Deluxe Room,1400
142,H8,3,yes,Deluxe Room,1400
143,H8,1,yes,Deluxe Room,1400
144,H8,8,yes,Deluxe Room,1400
145,H8,10,yes,Deluxe Room,1400
146,H8,9,yes,Deluxe Room,1400
147,H8,7,yes,Deluxe Room,1400
148,H8,9,yes,Deluxe Room,1400
149,H8,8,yes,Deluxe Room,1400
150,H8,7,yes,Deluxe Room,1400
151,H8,5,yes,Deluxe Room,1400
152,H8,2,yes,Deluxe Room,1400
153,H8,8,yes,Deluxe Room,1400
154,H8,5,yes,Deluxe Room,1400
155,H8,4,yes,Deluxe Room,1400
156,H8,5,no,Deluxe Room,1400
157,H8,2,no,Deluxe Room,1400
158,H8,2,no,Deluxe Room,1400
159,H8,8,no,Deluxe Room,1400
160,H8,10,no,Deluxe Room,1400
161,H8,5,no,Deluxe Room,1400
162,H8,2,no,Deluxe Room,1400
163,H8,3,no,Deluxe Room,1400
164,H8,5,no,Deluxe Room,1400
165,H8,8,no,Deluxe Room,1400
166,H8,3,no,Deluxe Room,1400
167,H8,1,no,Deluxe Room,1400
168,H8,9,no,Deluxe Room,1400
169,H8,8,no,Deluxe Room,1400
170,H8,5,no,Deluxe Room,1400
171,H8,5,yes,Suite,1600
172,H8,5,yes,Suite,1600
173,H8,3,yes,Suite,1600
174,H8,9,yes,Suite,1600
175,H8,5,yes,Suite,1600
176,H8,7,yes,Suite,1600
177,H8,9,yes,Suite,1600
178,H8,5,yes,Suite,1600
179,H8,1,yes,Suite,1600
180,H8,4,yes,Suite,1600
181,H8,7,no,Suite,1600
182,H8,1,no,Suite,1600
183,H8,6,no,Suite,1600
184,H8,4,no,Suite,1600
185,H8,9,no,Suite,1600
186,H8,10,no,Suite,1600
187,H8,6,no,Suite,1600
188,H8,9,no,Suite,1600
189,H8,10,no,Suite,1600
190,H8,9,no,Suite,1600
191,H8,7,yes,Presidential Suite,1800
192,H8,6,yes,Presidential Suite,1800
193,H8,2,yes,Presidential Suite,1800
194,H8,4,yes,Presidential Suite,1800
195,H8,8,yes,Presidential Suite,1800
196,H8,2,no,Presidential Suite,1800
197,H8,8,no,Presidential Suite,1800
198,H8,8,no,Presidential Suite,1800
199,H8,8,no,Presidential Suite,1800
200,H8,8,no,Presidential Suite,1800
001,H9,2,yes,Standard Room,1000
002,H9,1,yes,Standard Room,1000
003,H9,3,yes,Standard Room,1000
004,H9,10,yes,Standard Room,1000
005,H9,1,yes,Standard Room,1000
006,H9,9,yes,Standard Room,1000
007,H9,7,yes,Standard Room,1000
008,H9,3,yes,Standard Room,1000
009,H9,5,yes,Standard Room,1000
010,H9,9,yes,Standard Room,1000
011,H9,8,yes,Standard Room,1000
012,H9,8,yes,Standard Room,1000
013,H9,3,yes,Standard Room,1000
014,H9,4,yes,Standard Room,1000
015,H9,9,yes,Standard Room,1000
016,H9,7,yes,Standard Room,1000
017,H9,5,yes,Standard Room,1000
018,H9,1,yes,Standard Room,1000
019,H9,8,yes,Standard Room,1000
020,H9,2,yes,Standard Room,1000
021,H9,2,yes,Standard Room,1000
022,H9,1,yes,Standard Room,1000
023,H9,10,yes,Standard Room,1000
024,H9,9,yes,Standard Room,1000
025,H9,2,yes,Standard Room,1000
026,H9,3,yes,Standard Room,1000
027,H9,10,yes,Standard Room,1000
028,H9,6,yes,Standard Room,1000
029,H9,2,yes,Standard Room,1000
030,H9,5,yes,Standard Room,1000
031,H9,2,yes,Standard Room,1000
032,H9,3,yes,Standard Room,1000
033,H9,10,yes,Standard Room,1000
034,H9,2,yes,Standard Room,1000
035,H9,7,yes,Standard Room,1000
036,H9,9,yes,Standard Room,1000
037,H9,1,yes,Standard Room,1000
038,H9,1,yes,Standard Room,1000
039,H9,2,yes,Standard Room,1000
040,H9,10,yes,Standard Room,1000
041,H9,6,yes,Standard Room,1000
042,H9,1,yes,Standard Room,1000
043,H9,10,yes,Standard Room,1000
044,H9,6,yes,Standard Room,1000
045,H9,8,yes,Standard Room,1000
046,H9,10,yes,Standard Room,1000
047,H9,8,yes,Standard Room,1000
048,H9,2,yes,Standard Room,1000
049,H9,8,yes,Standard Room,1000
050,H9,7,yes,Standard Room,1000
051,H9,5,no,Standard Room,1000
052,H9,2,no,Standard Room,1000
053,H9,8,no,Standard Room,1000
054,H9,7,no,Standard Room,1000
055,H9,7,no,Standard Room,1000
056,H9,1,no,Standard Room,1000
057,H9,4,no,Standard Room,1000
058,H9,6,no,Standard Room,1000
059,H9,7,no,Standard Room,1000
060,H9,2,no,Standard Room,1000
061,H9,3,no,Standard Room,1000
062,H9,9,no,Standard Room,1000
063,H9,7,no,Standard Room,1000
064,H9,8,no,Standard Room,1000
065,H9,3,no,Standard Room,1000
066,H9,5,no,Standard Room,1000
067,H9,2,no,Standard Room,1000
068,H9,4,no,Standard Room,1000
069,H9,8,no,Standard Room,1000
070,H9,6,no,Standard Room,1000
071,H9,10,no,Standard Room,1000
072,H9,6,no,Standard Room,1000
073,H9,1,no,Standard Room,1000
074,H9,7,no,Standard Room,1000
075,H9,1,no,Standard Room,1000
076,H9,1,no,Standard Room,1000
077,H9,8,no,Standard Room,1000
078,H9,2,no,Standard Room,1000
079,H9,2,no,Standard Room,1000
080,H9,8,no,Standard Room,1000
081,H9,10,no,Standard Room,1000
082,H9,4,no,Standard Room,1000
083,H9,5,no,Standard Room,1000
084,H9,6,no,Standard Room,1000
085,H9,6,no,Standard Room,1000
086,H9,2,no,Standard Room,1000
087,H9,9,no,Standard Room,1000
088,H9,7,no,Standard Room,1000
089,H9,7,no,Standard Room,1000
090,H9,1,no,Standard Room,1000
091,H9,4,no,Standard Room,1000
092,H9,4,no,Standard Room,1000
093,H9,4,no,Standard Room,1000
094,H9,1,no,Standard Room,1000
095,H9,7,no,Standard Room,1000
096,H9,7,no,Standard Room,1000
097,H9,3,no,Standard Room,1000
098,H9,3,no,Standard Room,1000
099,H9,1,no,Standard Room,1000
100,H9,2,no,Standard Room,1000
101,H9,1,yes,Superior Room,1200
102,H9,4,yes,Superior Room,1200
103,H9,2,yes,Superior Room,1200
104,H9,2,yes,Superior Room,1200
105,H9,4,yes,Superior Room,1200
106,H9,1,yes,Superior Room,1200
107,H9,8,yes,Superior Room,1200
108,H9,9,yes,Superior Room,1200
109,H9,8,yes,Superior Room,1200
110,H9,5,yes,Superior Room,1200
111,H9,4,yes,Superior Room,1200
112,H9,4,yes,Superior Room,1200
113,H9,5,yes,Superior Room,1200
114,H9,8,yes,Superior Room,1200
115,H9,7,yes,Superior Room,1200
116,H9,7,yes,Superior Room,1200
117,H9,4,yes,Superior Room,1200
118,H9,9,yes,Superior Room,1200
119,H9,8,yes,Superior Room,1200
120,H9,10,yes,Superior Room,1200
121,H9,4,no,Superior Room,1200
122,H9,8,no,Superior Room,1200
123,H9,9,no,Superior Room,1200
124,H9,8,no,Superior Room,1200
125,H9,1,no,Superior Room,1200
126,H9,1,no,Superior Room,1200
127,H9,2,no,Superior Room,1200
128,H9,7,no,Superior Room,1200
129,H9,9,no,Superior Room,1200
130,H9,7,no,Superior Room,1200
131,H9,4,no,Superior Room,1200
132,H9,7,no,Superior Room,1200
133,H9,2,no,Superior Room,1200
134,H9,7,no,Superior Room,1200
135,H9,10,no,Superior Room,1200
136,H9,5,no,Superior Room,1200
137,H9,1,no,Superior Room,1200
138,H9,7,no,Superior Room,1200
139,H9,6,no,Superior Room,1200
140,H9,4,no,Superior Room,1200
141,H9,1,yes,Deluxe Room,1400
142,H9,4,yes,Deluxe Room,1400
143,H9,6,yes,Deluxe Room,1400
144,H9,10,yes,Deluxe Room,1400
145,H9,7,yes,Deluxe Room,1400
146,H9,4,yes,Deluxe Room,1400
147,H9,7,yes,Deluxe Room,1400
148,H9,3,yes,Deluxe Room,1400
149,H9,5,yes,Deluxe Room,1400
150,H9,10,yes,Deluxe Room,1400
151,H9,1,yes,Deluxe Room,1400
152,H9,9,yes,Deluxe Room,1400
153,H9,5,yes,Deluxe Room,1400
154,H9,10,yes,Deluxe Room,1400
155,H9,4,yes,Deluxe Room,1400
156,H9,5,no,Deluxe Room,1400
157,H9,5,no,Deluxe Room,1400
158,H9,1,no,Deluxe Room,1400
159,H9,10,no,Deluxe Room,1400
160,H9,9,no,Deluxe Room,1400
161,H9,4,no,Deluxe Room,1400
162,H9,10,no,Deluxe Room,1400
163,H9,3,no,Deluxe Room,1400
164,H9,3,no,Deluxe Room,1400
165,H9,6,no,Deluxe Room,1400
166,H9,10,no,Deluxe Room,1400
167,H9,10,no,Deluxe Room,1400
168,H9,8,no,Deluxe Room,1400
169,H9,3,no,Deluxe Room,1400
170,H9,6,no,Deluxe Room,1400
171,H9,9,yes,Suite,1600
172,H9,5,yes,Suite,1600
173,H9,1,yes,Suite,1600
174,H9,10,yes,Suite,1600
175,H9,3,yes,Suite,1600
176,H9,6,yes,Suite,1600
177,H9,8,yes,Suite,1600
178,H9,2,yes,Suite,1600
179,H9,2,yes,Suite,1600
180,H9,4,yes,Suite,1600
181,H9,2,no,Suite,1600
182,H9,4,no,Suite,1600
183,H9,6,no,Suite,1600
184,H9,7,no,Suite,1600
185,H9,3,no,Suite,1600
186,H9,7,no,Suite,1600
187,H9,1,no,Suite,1600
188,H9,10,no,Suite,1600
189,H9,1,no,Suite,1600
190,H9,3,no,Suite,1600
191,H9,6,yes,Presidential Suite,1800
192,H9,8,yes,Presidential Suite,1800
193,H9,1,yes,Presidential Suite,1800
194,H9,8,yes,Presidential Suite,1800
195,H9,3,yes,Presidential Suite,1800
196,H9,4,no,Presidential Suite,1800
197,H9,7,no,Presidential Suite,1800
198,H9,7,no,Presidential Suite,1800
199,H9,2,no,Presidential Suite,1800
200,H9,7,no,Presidential Suite,1800
001,H10,6,yes,Standard Room,1000
002,H10,7,yes,Standard Room,1000
003,H10,4,yes,Standard Room,1000
004,H10,7,yes,Standard Room,1000
005,H10,7,yes,Standard Room,1000
006,H10,7,yes,Standard Room,1000
007,H10,9,yes,Standard Room,1000
008,H10,10,yes,Standard Room,1000
009,H10,9,yes,Standard Room,1000
010,H10,5,yes,Standard Room,1000
011,H10,3,yes,Standard Room,1000
012,H10,7,yes,Standard Room,1000
013,H10,7,yes,Standard Room,1000
014,H10,6,yes,Standard Room,1000
015,H10,4,yes,Standard Room,1000
016,H10,1,yes,Standard Room,1000
017,H10,3,yes,Standard Room,1000
018,H10,2,yes,Standard Room,1000
019,H10,2,yes,Standard Room,1000
020,H10,8,yes,Standard Room,1000
021,H10,10,yes,Standard Room,1000
022,H10,3,yes,Standard Room,1000
023,H10,9,yes,Standard Room,1000
024,H10,1,yes,Standard Room,1000
025,H10,8,yes,Standard Room,1000
026,H10,1,yes,Standard Room,1000
027,H10,6,yes,Standard Room,1000
028,H10,10,yes,Standard Room,1000
029,H10,4,yes,Standard Room,1000
030,H10,4,yes,Standard Room,1000
031,H10,1,yes,Standard Room,1000
032,H10,4,yes,Standard Room,1000
033,H10,5,yes,Standard Room,1000
034,H10,9,yes,Standard Room,1000
035,H10,1,yes,Standard Room,1000
036,H10,7,yes,Standard Room,1000
037,H10,9,yes,Standard Room,1000
038,H10,8,yes,Standard Room,1000
039,H10,4,yes,Standard Room,1000
040,H10,8,yes,Standard Room,1000
041,H10,1,yes,Standard Room,1000
042,H10,4,yes,Standard Room,1000
043,H10,1,yes,Standard Room,1000
044,H10,2,yes,Standard Room,1000
045,H10,6,yes,Standard Room,1000
046,H10,9,yes,Standard Room,1000
047,H10,9,yes,Standard Room,1000
048,H10,8,yes,Standard Room,1000
049,H10,9,yes,Standard Room,1000
050,H10,8,yes,Standard Room,1000
051,H10,5,no,Standard Room,1000
052,H10,6,no,Standard Room,1000
053,H10,9,no,Standard Room,1000
054,H10,3,no,Standard Room,1000
055,H10,1,no,Standard Room,1000
056,H10,8,no,Standard Room,1000
057,H10,8,no,Standard Room,1000
058,H10,2,no,Standard Room,1000
059,H10,5,no,Standard Room,1000
060,H10,6,no,Standard Room,1000
061,H10,2,no,Standard Room,1000
062,H10,7,no,Standard Room,1000
063,H10,7,no,Standard Room,1000
064,H10,5,no,Standard Room,1000
065,H10,5,no,Standard Room,1000
066,H10,9,no,Standard Room,1000
067,H10,1,no,Standard Room,1000
068,H10,10,no,Standard Room,1000
069,H10,9,no,Standard Room,1000
070,H10,5,no,Standard Room,1000
071,H10,8,no,Standard Room,1000
072,H10,2,no,Standard Room,1000
073,H10,5,no,Standard Room,1000
074,H10,7,no,Standard Room,1000
075,H10,1,no,Standard Room,1000
076,H10,1,no,Standard Room,1000
077,H10,3,no,Standard Room,1000
078,H10,5,no,Standard Room,1000
079,H10,2,no,Standard Room,1000
080,H10,5,no,Standard Room,1000
081,H10,9,no,Standard Room,1000
082,H10,6,no,Standard Room,1000
083,H10,5,no,Standard Room,1000
084,H10,6,no,Standard Room,1000
085,H10,7,no,Standard Room,1000
086,H10,4,no,Standard Room,1000
087,H10,1,no,Standard Room,1000
088,H10,5,no,Standard Room,1000
089,H10,8,no,Standard Room,1000
090,H10,7,no,Standard Room,1000
091,H10,7,no,Standard Room,1000
092,H10,2,no,Standard Room,1000
093,H10,3,no,Standard Room,1000
094,H10,4,no,Standard Room,1000
095,H10,7,no,Standard Room,1000
096,H10,4,no,Standard Room,1000
097,H10,2,no,Standard Room,1000
098,H10,4,no,Standard Room,1000
099,H10,10,no,Standard Room,1000
100,H10,2,no,Standard Room,1000
101,H10,5,yes,Superior Room,1200
102,H10,8,yes,Superior Room,1200
103,H10,1,yes,Superior Room,1200
104,H10,3,yes,Superior Room,1200
105,H10,3,yes,Superior Room,1200
106,H10,1,yes,Superior Room,1200
107,H10,6,yes,Superior Room,1200
108,H10,6,yes,Superior Room,1200
109,H10,2,yes,Superior Room,1200
110,H10,1,yes,Superior Room,1200
111,H10,2,yes,Superior Room,1200
112,H10,6,yes,Superior Room,1200
113,H10,4,yes,Superior Room,1200
114,H10,6,yes,Superior Room,1200
115,H10,2,yes,Superior Room,1200
116,H10,8,yes,Superior Room,1200
117,H10,1,yes,Superior Room,1200
118,H10,7,yes,Superior Room,1200
119,H10,4,yes,Superior Room,1200
120,H10,1,yes,Superior Room,1200
121,H10,10,no,Superior Room,1200
122,H10,8,no,Superior Room,1200
123,H10,10,no,Superior Room,1200
124,H10,9,no,Superior Room,1200
125,H10,7,no,Superior Room,1200
126,H10,9,no,Superior Room,1200
127,H10,3,no,Superior Room,1200
128,H10,3,no,Superior Room,1200
129,H10,7,no,Superior Room,1200
130,H10,4,no,Superior Room,1200
131,H10,1,no,Superior Room,1200
132,H10,9,no,Superior Room,1200
133,H10,8,no,Superior Room,1200
134,H10,9,no,Superior Room,1200
135,H10,10,no,Superior Room,1200
136,H10,7,no,Superior Room,1200
137,H10,8,no,Superior Room,1200
138,H10,1,no,Superior Room,1200
139,H10,2,no,Superior Room,1200
140,H10,4,no,Superior Room,1200
141,H10,1,yes,Deluxe Room,1400
142,H10,5,yes,Deluxe Room,1400
143,H10,10,yes,Deluxe Room,1400
144,H10,7,yes,Deluxe Room,1400
145,H10,8,yes,Deluxe Room,1400
146,H10,10,yes,Deluxe Room,1400
147,H10,9,yes,Deluxe Room,1400
148,H10,3,yes,Deluxe Room,1400
149,H10,1,yes,Deluxe Room,1400
150,H10,4,yes,Deluxe Room,1400
151,H10,5,yes,Deluxe Room,1400
152,H10,7,yes,Deluxe Room,1400
153,H10,10,yes,Deluxe Room,1400
154,H10,1,yes,Deluxe Room,1400
155,H10,8,yes,Deluxe Room,1400
156,H10,5,no,Deluxe Room,1400
157,H10,7,no,Deluxe Room,1400
158,H10,6,no,Deluxe Room,1400
159,H10,7,no,Deluxe Room,1400
160,H10,7,no,Deluxe Room,1400
161,H10,10,no,Deluxe Room,1400
162,H10,7,no,Deluxe Room,1400
163,H10,9,no,Deluxe Room,1400
164,H10,8,no,Deluxe Room,1400
165,H10,2,no,Deluxe Room,1400
166,H10,4,no,Deluxe Room,1400
167,H10,2,no,Deluxe Room,1400
168,H10,2,no,Deluxe Room,1400
169,H10,8,no,Deluxe Room,1400
170,H10,9,no,Deluxe Room,1400
171,H10,7,yes,Suite,1600
172,H10,2,yes,Suite,1600
173,H10,6,yes,Suite,1600
174,H10,2,yes,Suite,1600
175,H10,3,yes,Suite,1600
176,H10,1,yes,Suite,1600
177,H10,1,yes,Suite,1600
178,H10,4,yes,Suite,1600
179,H10,9,yes,Suite,1600
180,H10,10,yes,Suite,1600
181,H10,9,no,Suite,1600
182,H10,6,no,Suite,1600
183,H10,7,no,Suite,1600
184,H10,10,no,Suite,1600
185,H10,8,no,Suite,1600
186,H10,2,no,Suite,1600
187,H10,6,no,Suite,1600
188,H10,4,no,Suite,1600
189,H10,8,no,Suite,1600
190,H10,2,no,Suite,1600
191,H10,6,yes,Presidential Suite,1800
192,H10,9,yes,Presidential Suite,1800
193,H10,2,yes,Presidential Suite,1800
194,H10,8,yes,Presidential Suite,1800
195,H10,6,yes,Presidential Suite,1800
196,H10,6,no,Presidential Suite,1800
197,H10,2,no,Presidential Suite,1800
198,H10,4,no,Presidential Suite,1800
199,H10,3,no,Presidential Suite,1800
200,H10,1,no,Presidential Suite,1800
