product_id,name,description,image,stock,fee,branch_id
400000,Platinum Annual Membership,Access to 3 classes per week. Personal locker included.,/images/membership-annual.jpg,999,290.0,GY945306
400001,Elite Annual Membership,Personal locker included. Includes parking access.,/images/membership-annual.jpg,999,270.0,GY780708
400002,Platinum Annual Membership,Personal locker included. Access to 5 classes per week.,/images/membership-annual.jpg,999,250.0,GY305883
400003,Nike Hoodie Navy S,Available in black color. Moisture-wicking technology.,/images/apparel-hoodie-navy.jpg,44,160.0,GY027076
400004,CAP Resistance Band Neoprene 10kg,Ergonomic design for comfort. Durable rubber construction.,/images/equipment-resistance-band-neoprene.jpg,16,190.0,GY743300
400005,Elite Monthly Membership,Personal locker included. Includes sauna access.,/images/membership-monthly.jpg,999,60.0,GY053833
400006,Gymshark T-Shirt Navy M,Moisture-wicking technology. Available in black color.,/images/apparel-t-shirt-navy.jpg,42,210.0,GY154640
400007,MuscleTech Whey Strawberry 2kg,Contains essential amino acids. High-quality Whey protein with 24g protein per serving.,/images/protein powder-whey-strawberry.jpg,19,230.0,GY469295
400008,Gymshark Hoodie Gray L,Available in black color. Breathable cotton fabric.,/images/apparel-hoodie-gray.jpg,88,130.0,GY592796
400009,Gold VIP Membership,Personal locker included. Includes pool access.,/images/membership-vip.jpg,999,270.0,GY582944
400010,Under Armour Shorts Gray M,Available in black color. Breathable cotton fabric.,/images/apparel-shorts-gray.jpg,58,240.0,GY484442
400011,Platinum VIP Membership,Access to 3 classes per week. Includes parking access.,/images/membership-vip.jpg,999,200.0,GY435333
400012,Yes4All Dumbbell Neoprene 5kg,Ergonomic design for comfort. Durable rubber construction.,/images/equipment-dumbbell-neoprene.jpg,12,290.0,GY079302
400013,Lucozade Energy Berry 1L,Refreshing mixed taste. Energy drink with electrolytes.,/images/sports drink-energy-berry.jpg,122,290.0,GY417261
400014,Dymatize Whey Unflavored 10 servings,Available in natural flavor. Contains essential amino acids.,/images/protein powder-whey-unflavored.jpg,24,250.0,GY710610
400015,Nike T-Shirt Navy L,Moisture-wicking technology. Breathable cotton fabric.,/images/apparel-t-shirt-navy.jpg,92,200.0,GY650332
400016,Under Armour Hoodie Black S,Breathable cotton fabric. Moisture-wicking technology.,/images/apparel-hoodie-black.jpg,31,80.0,GY634522
400017,Rogue Resistance Band Neoprene 10kg,Durable rubber construction. Ergonomic design for comfort.,/images/equipment-resistance-band-neoprene.jpg,27,270.0,GY027076
400018,Platinum Monthly Membership,Includes parking access. Access to 3 classes per week.,/images/membership-monthly.jpg,999,210.0,GY079513
400019,Gold Monthly Membership,Personal locker included. Includes sauna access.,/images/membership-monthly.jpg,999,170.0,GY212122
400020,Elite VIP Membership,Access to 5 classes per week. Personal locker included.,/images/membership-vip.jpg,999,150.0,GY540469
400021,Powerade Isotonic Lemon 500ml,Refreshing mixed taste. Enhances hydration and performance.,/images/sports drink-isotonic-lemon.jpg,90,70.0,GY647256
400022,Gatorade Energy Tropical 500ml,Refreshing mixed taste. Enhances hydration and performance.,/images/sports drink-energy-tropical.jpg,159,130.0,GY135973
400023,CAP Dumbbell EVA Foam 15kg,Ergonomic design for comfort. 10kg weight option.,/images/equipment-dumbbell-eva-foam.jpg,30,90.0,GY135402
400024,ON Plant-Based Vanilla 5lbs,High-quality Plant-Based protein with 30g protein per serving. Available in natural flavor.,/images/protein powder-plant-based-vanilla.jpg,17,90.0,GY716403
400025,Under Armour Hoodie Navy XL,Breathable cotton fabric. Available in black color.,/images/apparel-hoodie-navy.jpg,54,260.0,GY335210
400026,Gatorade Isotonic Berry 1L,Enhances hydration and performance. Isotonic drink with electrolytes.,/images/sports drink-isotonic-berry.jpg,76,180.0,GY435493
400027,Under Armour T-Shirt Gray S,Breathable cotton fabric. Moisture-wicking technology.,/images/apparel-t-shirt-gray.jpg,41,120.0,GY259152
400028,Gatorade Recovery Tropical 6-pack,Refreshing mixed taste. Enhances hydration and performance.,/images/sports drink-recovery-tropical.jpg,146,250.0,GY151081
400029,Powerade Isotonic Tropical 6-pack,Enhances hydration and performance. Isotonic drink with electrolytes.,/images/sports drink-isotonic-tropical.jpg,144,160.0,GY471700
400030,Under Armour Shorts Red XL,Moisture-wicking technology. Breathable cotton fabric.,/images/apparel-shorts-red.jpg,77,110.0,GY161621
400031,Elite VIP Membership,Access to 5 classes per week. Personal locker included.,/images/membership-vip.jpg,999,50.0,GY419404
400032,Powerade Energy Lemon 6-pack,Energy drink with electrolytes. Enhances hydration and performance.,/images/sports drink-energy-lemon.jpg,66,200.0,GY795903
400033,Powerade Energy Berry 500ml,Enhances hydration and performance. Energy drink with electrolytes.,/images/sports drink-energy-berry.jpg,59,280.0,GY779605
400034,Elite VIP Membership,Access to 5 classes per week. Personal locker included.,/images/membership-vip.jpg,999,150.0,GY242297
400035,Gold Annual Membership,Includes pool access. Personal locker included.,/images/membership-annual.jpg,999,220.0,GY809175
400036,Under Armour Shorts Black L,Breathable cotton fabric. Available in black color.,/images/apparel-shorts-black.jpg,55,290.0,GY328750
400037,Platinum Monthly Membership,Personal locker included. Includes sauna access.,/images/membership-monthly.jpg,999,210.0,GY788302
400038,ON Whey Strawberry 5lbs,High-quality Whey protein with 24g protein per serving. Available in natural flavor.,/images/protein powder-whey-strawberry.jpg,49,160.0,GY885593
400039,MuscleTech Casein Strawberry 10 servings,Contains essential amino acids. Available in natural flavor.,/images/protein powder-casein-strawberry.jpg,45,70.0,GY301352
400040,Gold VIP Membership,Access to 5 classes per week. Includes pool access.,/images/membership-vip.jpg,999,220.0,GY974363
400041,Dymatize Casein Strawberry 2kg,Available in natural flavor. High-quality Casein protein with 30g protein per serving.,/images/protein powder-casein-strawberry.jpg,21,190.0,GY103551
400042,MuscleTech Plant-Based Chocolate 10 servings,Available in natural flavor. High-quality Plant-Based protein with 24g protein per serving.,/images/protein powder-plant-based-chocolate.jpg,37,250.0,GY482128
400043,ON Plant-Based Vanilla 5lbs,Available in natural flavor. Contains essential amino acids.,/images/protein powder-plant-based-vanilla.jpg,12,170.0,GY137870
400044,Under Armour Hoodie Red L,Breathable cotton fabric. Available in black color.,/images/apparel-hoodie-red.jpg,30,150.0,GY529155
400045,ON Whey Chocolate 10 servings,Available in natural flavor. High-quality Whey protein with 24g protein per serving.,/images/protein powder-whey-chocolate.jpg,16,80.0,GY293937
400046,CAP Resistance Band Rubber 5kg,Ergonomic design for comfort. Durable rubber construction.,/images/equipment-resistance-band-rubber.jpg,17,150.0,GY376130
400047,Platinum Annual Membership,Access to 4 classes per week. Personal locker included.,/images/membership-annual.jpg,999,210.0,GY653367
400048,CAP Yoga Mat Rubber 5kg,10kg weight option. Ergonomic design for comfort.,/images/equipment-yoga-mat-rubber.jpg,18,200.0,GY122128
400049,Platinum VIP Membership,Personal locker included. Access to 3 classes per week.,/images/membership-vip.jpg,999,150.0,GY616460
400050,Gold Monthly Membership,Includes parking access. Personal locker included.,/images/membership-monthly.jpg,999,100.0,GY944912
400051,ON Whey Unflavored 2kg,Available in natural flavor. Contains essential amino acids.,/images/protein powder-whey-unflavored.jpg,20,100.0,GY615691
400052,MuscleTech Whey Chocolate 5lbs,Available in natural flavor. High-quality Whey protein with 30g protein per serving.,/images/protein powder-whey-chocolate.jpg,23,290.0,GY421169
400053,Yes4All Yoga Mat EVA Foam 10kg,Durable rubber construction. Ergonomic design for comfort.,/images/equipment-yoga-mat-eva-foam.jpg,13,250.0,GY054577
400054,MuscleTech Casein Vanilla 10 servings,Available in natural flavor. Contains essential amino acids.,/images/protein powder-casein-vanilla.jpg,16,280.0,GY652441
400055,ON Plant-Based Strawberry 5lbs,Contains essential amino acids. High-quality Plant-Based protein with 24g protein per serving.,/images/protein powder-plant-based-strawberry.jpg,27,170.0,GY325013
400056,Rogue Resistance Band Neoprene 15kg,10kg weight option. Ergonomic design for comfort.,/images/equipment-resistance-band-neoprene.jpg,19,200.0,GY202899
400057,MuscleTech Whey Chocolate 5lbs,Available in natural flavor. Contains essential amino acids.,/images/protein powder-whey-chocolate.jpg,36,130.0,GY575118
400058,Gold Annual Membership,Includes sauna access. Access to 5 classes per week.,/images/membership-annual.jpg,999,130.0,GY715327
400059,Lucozade Recovery Tropical 1L,Enhances hydration and performance. Recovery drink with electrolytes.,/images/sports drink-recovery-tropical.jpg,61,170.0,GY855611
400060,Gymshark Shorts Navy M,Breathable cotton fabric. Available in black color.,/images/apparel-shorts-navy.jpg,70,260.0,GY597157
400061,Gymshark Shorts Black M,Breathable cotton fabric. Available in black color.,/images/apparel-shorts-black.jpg,96,90.0,GY644515
400062,ON Plant-Based Vanilla 10 servings,Contains essential amino acids. Available in natural flavor.,/images/protein powder-plant-based-vanilla.jpg,18,270.0,GY170837
400063,Under Armour Hoodie Gray S,Breathable cotton fabric. Available in black color.,/images/apparel-hoodie-gray.jpg,87,270.0,GY575673
400064,Dymatize Casein Vanilla 5lbs,Available in natural flavor. Contains essential amino acids.,/images/protein powder-casein-vanilla.jpg,39,50.0,GY427955
400065,Gymshark Hoodie Red S,Breathable cotton fabric. Moisture-wicking technology.,/images/apparel-hoodie-red.jpg,99,280.0,GY617991
400066,Nike Hoodie Gray S,Moisture-wicking technology. Breathable cotton fabric.,/images/apparel-hoodie-gray.jpg,68,140.0,GY647811
400067,Nike Hoodie Navy XL,Breathable cotton fabric. Moisture-wicking technology.,/images/apparel-hoodie-navy.jpg,56,200.0,GY072298
400068,Elite Monthly Membership,Personal locker included. Includes pool access.,/images/membership-monthly.jpg,999,80.0,GY241678
400069,MuscleTech Plant-Based Vanilla 10 servings,Available in natural flavor. Contains essential amino acids.,/images/protein powder-plant-based-vanilla.jpg,30,240.0,GY212122
400070,CAP Dumbbell Neoprene 15kg,Ergonomic design for comfort. Durable rubber construction.,/images/equipment-dumbbell-neoprene.jpg,21,50.0,GY908649
400071,MuscleTech Plant-Based Unflavored 5lbs,Contains essential amino acids. High-quality Plant-Based protein with 24g protein per serving.,/images/protein powder-plant-based-unflavored.jpg,50,60.0,GY332861
400072,Elite Monthly Membership,Includes pool access. Access to 5 classes per week.,/images/membership-monthly.jpg,999,190.0,GY239292
400073,Dymatize Casein Vanilla 5lbs,Available in natural flavor. Contains essential amino acids.,/images/protein powder-casein-vanilla.jpg,47,280.0,GY833824
400074,Elite VIP Membership,Includes pool access. Personal locker included.,/images/membership-vip.jpg,999,280.0,GY194241
400075,CAP Dumbbell EVA Foam 10kg,Durable rubber construction. Ergonomic design for comfort.,/images/equipment-dumbbell-eva-foam.jpg,5,230.0,GY692370
400076,Powerade Recovery Lemon 500ml,Enhances hydration and performance. Recovery drink with electrolytes.,/images/sports drink-recovery-lemon.jpg,90,270.0,GY005722
400077,Powerade Recovery Tropical 1L,Refreshing mixed taste. Recovery drink with electrolytes.,/images/sports drink-recovery-tropical.jpg,171,130.0,GY508427
400078,Rogue Resistance Band Neoprene 10kg,10kg weight option. Durable rubber construction.,/images/equipment-resistance-band-neoprene.jpg,8,240.0,GY488844
400079,Nike Hoodie Gray S,Moisture-wicking technology. Available in black color.,/images/apparel-hoodie-gray.jpg,33,190.0,GY833621
400080,Powerade Energy Berry 6-pack,Energy drink with electrolytes. Refreshing mixed taste.,/images/sports drink-energy-berry.jpg,131,210.0,GY267735
400081,Gymshark Shorts Gray XL,Moisture-wicking technology. Available in black color.,/images/apparel-shorts-gray.jpg,37,240.0,GY239292
400082,ON Whey Vanilla 10 servings,High-quality Whey protein with 30g protein per serving. Available in natural flavor.,/images/protein powder-whey-vanilla.jpg,40,210.0,GY312919
400083,ON Whey Strawberry 2kg,High-quality Whey protein with 24g protein per serving. Available in natural flavor.,/images/protein powder-whey-strawberry.jpg,28,160.0,GY732806
400084,Gold VIP Membership,Access to 4 classes per week. Personal locker included.,/images/membership-vip.jpg,999,260.0,GY269933
400085,Yes4All Yoga Mat Rubber 5kg,Ergonomic design for comfort. Durable rubber construction.,/images/equipment-yoga-mat-rubber.jpg,6,200.0,GY710610
400086,Under Armour Hoodie Navy S,Available in black color. Breathable cotton fabric.,/images/apparel-hoodie-navy.jpg,45,90.0,GY481601
400087,MuscleTech Casein Unflavored 2kg,Available in natural flavor. High-quality Casein protein with 30g protein per serving.,/images/protein powder-casein-unflavored.jpg,25,90.0,GY758595
400088,Platinum Annual Membership,Access to 3 classes per week. Includes pool access.,/images/membership-annual.jpg,999,90.0,GY709586
400089,Gymshark Hoodie Red S,Breathable cotton fabric. Available in black color.,/images/apparel-hoodie-red.jpg,87,80.0,GY644515
400090,Gold Annual Membership,Includes pool access. Personal locker included.,/images/membership-annual.jpg,999,200.0,GY978042
400091,Nike Shorts Navy M,Moisture-wicking technology. Breathable cotton fabric.,/images/apparel-shorts-navy.jpg,94,290.0,GY045760
400092,CAP Resistance Band EVA Foam 10kg,Durable rubber construction. 10kg weight option.,/images/equipment-resistance-band-eva-foam.jpg,19,90.0,GY270890
400093,Platinum VIP Membership,Access to 3 classes per week. Personal locker included.,/images/membership-vip.jpg,999,150.0,GY201323
400094,Gold Annual Membership,Personal locker included. Access to 4 classes per week.,/images/membership-annual.jpg,999,110.0,GY954342
400095,Elite Monthly Membership,Personal locker included. Includes pool access.,/images/membership-monthly.jpg,999,80.0,GY715327
400096,Platinum Annual Membership,Access to 4 classes per week. Includes sauna access.,/images/membership-annual.jpg,999,250.0,GY226202
400097,Dymatize Casein Unflavored 10 servings,High-quality Casein protein with 24g protein per serving. Available in natural flavor.,/images/protein powder-casein-unflavored.jpg,21,140.0,GY040202
400098,Nike Hoodie Gray L,Available in black color. Moisture-wicking technology.,/images/apparel-hoodie-gray.jpg,69,300.0,GY482128
400099,Elite Monthly Membership,Personal locker included. Access to 5 classes per week.,/images/membership-monthly.jpg,999,80.0,GY475709
400100,Gold Monthly Membership,Includes parking access. Personal locker included.,/images/membership-monthly.jpg,999,210.0,GY339848
400101,Gymshark T-Shirt Red S,Moisture-wicking technology. Available in black color.,/images/apparel-t-shirt-red.jpg,27,210.0,GY640708
400102,Gymshark T-Shirt Black S,Available in black color. Moisture-wicking technology.,/images/apparel-t-shirt-black.jpg,86,150.0,GY507471
400103,Nike Shorts Red L,Breathable cotton fabric. Moisture-wicking technology.,/images/apparel-shorts-red.jpg,94,70.0,GY803163
400104,Lucozade Energy Berry 500ml,Refreshing mixed taste. Enhances hydration and performance.,/images/sports drink-energy-berry.jpg,149,110.0,GY368836
400105,Dymatize Whey Vanilla 5lbs,High-quality Whey protein with 30g protein per serving. Contains essential amino acids.,/images/protein powder-whey-vanilla.jpg,30,260.0,GY683723
400106,Gymshark T-Shirt Red L,Breathable cotton fabric. Available in black color.,/images/apparel-t-shirt-red.jpg,63,120.0,GY749720
400107,Gold Monthly Membership,Access to 3 classes per week. Personal locker included.,/images/membership-monthly.jpg,999,270.0,GY114249
400108,Lucozade Isotonic Tropical 500ml,Refreshing mixed taste. Enhances hydration and performance.,/images/sports drink-isotonic-tropical.jpg,177,190.0,GY811259
400109,Elite Annual Membership,Access to 3 classes per week. Personal locker included.,/images/membership-annual.jpg,999,200.0,GY648763
400110,MuscleTech Whey Chocolate 10 servings,Available in natural flavor. High-quality Whey protein with 24g protein per serving.,/images/protein powder-whey-chocolate.jpg,15,250.0,GY488213
400111,CAP Yoga Mat EVA Foam 5kg,10kg weight option. Durable rubber construction.,/images/equipment-yoga-mat-eva-foam.jpg,29,180.0,GY912891
400112,Gymshark Shorts Gray L,Available in black color. Moisture-wicking technology.,/images/apparel-shorts-gray.jpg,88,180.0,GY691039
400113,Platinum VIP Membership,Access to 4 classes per week. Includes pool access.,/images/membership-vip.jpg,999,300.0,GY161621
400114,MuscleTech Plant-Based Vanilla 10 servings,Contains essential amino acids. Available in natural flavor.,/images/protein powder-plant-based-vanilla.jpg,33,250.0,GY103551
400115,Nike Hoodie Navy L,Moisture-wicking technology. Breathable cotton fabric.,/images/apparel-hoodie-navy.jpg,47,200.0,GY668198
400116,CAP Dumbbell EVA Foam 15kg,Durable rubber construction. 10kg weight option.,/images/equipment-dumbbell-eva-foam.jpg,30,260.0,GY832732
400117,MuscleTech Casein Chocolate 5lbs,Contains essential amino acids. High-quality Casein protein with 30g protein per serving.,/images/protein powder-casein-chocolate.jpg,44,160.0,GY841954
400118,Nike T-Shirt Gray M,Breathable cotton fabric. Available in black color.,/images/apparel-t-shirt-gray.jpg,71,70.0,GY212122
400119,Gatorade Recovery Lemon 500ml,Recovery drink with electrolytes. Enhances hydration and performance.,/images/sports drink-recovery-lemon.jpg,200,290.0,GY894831
400120,Powerade Energy Tropical 1L,Enhances hydration and performance. Refreshing mixed taste.,/images/sports drink-energy-tropical.jpg,168,80.0,GY054577
400121,Yes4All Resistance Band Neoprene 15kg,Durable rubber construction. Ergonomic design for comfort.,/images/equipment-resistance-band-neoprene.jpg,21,170.0,GY401111
400122,Dymatize Whey Vanilla 5lbs,Contains essential amino acids. Available in natural flavor.,/images/protein powder-whey-vanilla.jpg,16,60.0,GY861980
400123,Nike Shorts Gray XL,Available in black color. Breathable cotton fabric.,/images/apparel-shorts-gray.jpg,46,70.0,GY079513
400124,Rogue Dumbbell Rubber 15kg,Ergonomic design for comfort. Durable rubber construction.,/images/equipment-dumbbell-rubber.jpg,13,250.0,GY912891
400125,MuscleTech Plant-Based Unflavored 10 servings,Contains essential amino acids. Available in natural flavor.,/images/protein powder-plant-based-unflavored.jpg,15,140.0,GY991101
400126,Nike Shorts Black M,Available in black color. Moisture-wicking technology.,/images/apparel-shorts-black.jpg,94,160.0,GY951423
400127,Under Armour T-Shirt Red S,Breathable cotton fabric. Available in black color.,/images/apparel-t-shirt-red.jpg,93,60.0,GY027076
400128,Platinum Annual Membership,Personal locker included. Includes sauna access.,/images/membership-annual.jpg,999,220.0,GY564797
400129,Gymshark Hoodie Gray S,Available in black color. Moisture-wicking technology.,/images/apparel-hoodie-gray.jpg,83,90.0,GY954757
400130,Under Armour Hoodie Navy L,Moisture-wicking technology. Breathable cotton fabric.,/images/apparel-hoodie-navy.jpg,73,250.0,GY231870
400131,CAP Dumbbell EVA Foam 10kg,10kg weight option. Durable rubber construction.,/images/equipment-dumbbell-eva-foam.jpg,27,90.0,GY119378
400132,Yes4All Resistance Band Neoprene 15kg,10kg weight option. Ergonomic design for comfort.,/images/equipment-resistance-band-neoprene.jpg,28,160.0,GY257988
400133,CAP Yoga Mat EVA Foam 5kg,10kg weight option. Durable rubber construction.,/images/equipment-yoga-mat-eva-foam.jpg,17,270.0,GY939135
400134,Yes4All Resistance Band EVA Foam 5kg,Durable rubber construction. Ergonomic design for comfort.,/images/equipment-resistance-band-eva-foam.jpg,17,270.0,GY185662
400135,Lucozade Isotonic Tropical 6-pack,Refreshing mixed taste. Isotonic drink with electrolytes.,/images/sports drink-isotonic-tropical.jpg,100,140.0,GY954655
400136,Elite Monthly Membership,Includes sauna access. Access to 3 classes per week.,/images/membership-monthly.jpg,999,160.0,GY086394
400137,Gold Annual Membership,Personal locker included. Access to 5 classes per week.,/images/membership-annual.jpg,999,300.0,GY867762
400138,Lucozade Recovery Tropical 1L,Recovery drink with electrolytes. Refreshing mixed taste.,/images/sports drink-recovery-tropical.jpg,51,260.0,GY803163
400139,Under Armour Hoodie Gray L,Breathable cotton fabric. Available in black color.,/images/apparel-hoodie-gray.jpg,64,100.0,GY466238
400140,Elite Annual Membership,Includes parking access. Access to 5 classes per week.,/images/membership-annual.jpg,999,260.0,GY597157
400141,Gatorade Isotonic Tropical 500ml,Refreshing mixed taste. Enhances hydration and performance.,/images/sports drink-isotonic-tropical.jpg,83,110.0,GY376130
400142,Yes4All Yoga Mat Neoprene 10kg,Durable rubber construction. 10kg weight option.,/images/equipment-yoga-mat-neoprene.jpg,10,90.0,GY796508
400143,CAP Dumbbell Neoprene 10kg,Ergonomic design for comfort. 10kg weight option.,/images/equipment-dumbbell-neoprene.jpg,11,270.0,GY930069
400144,Gymshark Hoodie Red S,Available in black color. Moisture-wicking technology.,/images/apparel-hoodie-red.jpg,72,50.0,GY402209
400145,Platinum Annual Membership,Includes parking access. Access to 3 classes per week.,/images/membership-annual.jpg,999,230.0,GY745311
400146,MuscleTech Casein Strawberry 5lbs,Available in natural flavor. High-quality Casein protein with 30g protein per serving.,/images/protein powder-casein-strawberry.jpg,46,130.0,GY682521
400147,Yes4All Resistance Band Rubber 10kg,Durable rubber construction. 10kg weight option.,/images/equipment-resistance-band-rubber.jpg,18,280.0,GY801404
400148,Gold Monthly Membership,Access to 4 classes per week. Includes parking access.,/images/membership-monthly.jpg,999,240.0,GY683723
400149,Lucozade Isotonic Berry 500ml,Enhances hydration and performance. Isotonic drink with electrolytes.,/images/sports drink-isotonic-berry.jpg,112,240.0,GY880600
400150,Gold Monthly Membership,Personal locker included. Access to 3 classes per week.,/images/membership-monthly.jpg,999,90.0,GY448837
400151,Yes4All Yoga Mat EVA Foam 15kg,10kg weight option. Ergonomic design for comfort.,/images/equipment-yoga-mat-eva-foam.jpg,12,220.0,GY456066
400152,Gold Monthly Membership,Personal locker included. Includes sauna access.,/images/membership-monthly.jpg,999,80.0,GY954757
400153,Platinum VIP Membership,Access to 4 classes per week. Personal locker included.,/images/membership-vip.jpg,999,100.0,GY820447
400154,ON Whey Chocolate 2kg,Contains essential amino acids. Available in natural flavor.,/images/protein powder-whey-chocolate.jpg,21,100.0,GY624371
400155,ON Whey Chocolate 5lbs,Contains essential amino acids. Available in natural flavor.,/images/protein powder-whey-chocolate.jpg,46,240.0,GY030844
400156,Gatorade Isotonic Tropical 6-pack,Refreshing mixed taste. Enhances hydration and performance.,/images/sports drink-isotonic-tropical.jpg,132,280.0,GY908432
400157,Yes4All Resistance Band Rubber 15kg,Durable rubber construction. 10kg weight option.,/images/equipment-resistance-band-rubber.jpg,22,260.0,GY703805
400158,Under Armour Shorts Red XL,Breathable cotton fabric. Available in black color.,/images/apparel-shorts-red.jpg,93,90.0,GY726412
400159,Yes4All Dumbbell Rubber 10kg,Ergonomic design for comfort. 10kg weight option.,/images/equipment-dumbbell-rubber.jpg,28,70.0,GY110573
400160,Platinum VIP Membership,Includes sauna access. Access to 5 classes per week.,/images/membership-vip.jpg,999,180.0,GY827170
400161,Yes4All Dumbbell Neoprene 5kg,Durable rubber construction. 10kg weight option.,/images/equipment-dumbbell-neoprene.jpg,16,220.0,GY647256
400162,Gatorade Recovery Berry 1L,Recovery drink with electrolytes. Refreshing mixed taste.,/images/sports drink-recovery-berry.jpg,174,270.0,GY490481
400163,Gymshark Hoodie Red XL,Available in black color. Moisture-wicking technology.,/images/apparel-hoodie-red.jpg,78,100.0,GY399470
400164,CAP Resistance Band EVA Foam 5kg,Ergonomic design for comfort. 10kg weight option.,/images/equipment-resistance-band-eva-foam.jpg,15,170.0,GY139035
400165,Nike Hoodie Gray M,Available in black color. Moisture-wicking technology.,/images/apparel-hoodie-gray.jpg,49,140.0,GY271396
400166,Dymatize Whey Vanilla 10 servings,High-quality Whey protein with 24g protein per serving. Available in natural flavor.,/images/protein powder-whey-vanilla.jpg,14,140.0,GY368836
400167,Powerade Isotonic Berry 500ml,Refreshing mixed taste. Isotonic drink with electrolytes.,/images/sports drink-isotonic-berry.jpg,175,240.0,GY037481
400168,Gatorade Energy Lemon 500ml,Energy drink with electrolytes. Refreshing mixed taste.,/images/sports drink-energy-lemon.jpg,176,220.0,GY951423
400169,Dymatize Whey Vanilla 2kg,High-quality Whey protein with 30g protein per serving. Available in natural flavor.,/images/protein powder-whey-vanilla.jpg,27,250.0,GY615222
400170,Powerade Recovery Lemon 6-pack,Recovery drink with electrolytes. Enhances hydration and performance.,/images/sports drink-recovery-lemon.jpg,95,190.0,GY072298
400171,Under Armour T-Shirt Navy L,Available in black color. Breathable cotton fabric.,/images/apparel-t-shirt-navy.jpg,99,100.0,GY241678
400172,ON Casein Chocolate 10 servings,Available in natural flavor. Contains essential amino acids.,/images/protein powder-casein-chocolate.jpg,31,100.0,GY781273
400173,Elite Annual Membership,Personal locker included. Access to 4 classes per week.,/images/membership-annual.jpg,999,100.0,GY647811
400174,Powerade Energy Berry 500ml,Enhances hydration and performance. Refreshing mixed taste.,/images/sports drink-energy-berry.jpg,56,290.0,GY206862
400175,Gymshark Hoodie Black XL,Breathable cotton fabric. Moisture-wicking technology.,/images/apparel-hoodie-black.jpg,65,270.0,GY303560
400176,Dymatize Casein Unflavored 10 servings,High-quality Casein protein with 24g protein per serving. Contains essential amino acids.,/images/protein powder-casein-unflavored.jpg,26,300.0,GY110573
400177,Yes4All Resistance Band Neoprene 5kg,10kg weight option. Ergonomic design for comfort.,/images/equipment-resistance-band-neoprene.jpg,11,150.0,GY859382
400178,Lucozade Isotonic Tropical 1L,Isotonic drink with electrolytes. Enhances hydration and performance.,/images/sports drink-isotonic-tropical.jpg,87,220.0,GY211147
400179,ON Whey Vanilla 10 servings,Available in natural flavor. High-quality Whey protein with 24g protein per serving.,/images/protein powder-whey-vanilla.jpg,50,230.0,GY429615
400180,ON Whey Vanilla 5lbs,High-quality Whey protein with 24g protein per serving. Available in natural flavor.,/images/protein powder-whey-vanilla.jpg,14,80.0,GY954757
400181,ON Whey Unflavored 5lbs,High-quality Whey protein with 24g protein per serving. Available in natural flavor.,/images/protein powder-whey-unflavored.jpg,14,200.0,GY168712
400182,Rogue Dumbbell EVA Foam 15kg,Ergonomic design for comfort. 10kg weight option.,/images/equipment-dumbbell-eva-foam.jpg,23,230.0,GY587184
400183,Elite VIP Membership,Personal locker included. Includes parking access.,/images/membership-vip.jpg,999,270.0,GY086594
400184,Nike Shorts Red L,Available in black color. Moisture-wicking technology.,/images/apparel-shorts-red.jpg,87,50.0,GY078323
400185,CAP Dumbbell Rubber 10kg,Durable rubber construction. Ergonomic design for comfort.,/images/equipment-dumbbell-rubber.jpg,28,180.0,GY270030
400186,Gymshark T-Shirt Navy L,Moisture-wicking technology. Breathable cotton fabric.,/images/apparel-t-shirt-navy.jpg,79,300.0,GY119378
400187,Dymatize Casein Vanilla 2kg,Available in natural flavor. Contains essential amino acids.,/images/protein powder-casein-vanilla.jpg,23,80.0,GY621789
400188,Gatorade Energy Berry 500ml,Refreshing mixed taste. Energy drink with electrolytes.,/images/sports drink-energy-berry.jpg,147,250.0,GY442600
400189,ON Casein Strawberry 10 servings,Available in natural flavor. Contains essential amino acids.,/images/protein powder-casein-strawberry.jpg,10,120.0,GY006384
400190,Under Armour Hoodie Gray L,Breathable cotton fabric. Moisture-wicking technology.,/images/apparel-hoodie-gray.jpg,52,70.0,GY859382
400191,Lucozade Energy Tropical 6-pack,Enhances hydration and performance. Energy drink with electrolytes.,/images/sports drink-energy-tropical.jpg,155,80.0,GY475709
400192,Rogue Yoga Mat EVA Foam 10kg,10kg weight option. Ergonomic design for comfort.,/images/equipment-yoga-mat-eva-foam.jpg,9,90.0,GY781273
400193,Rogue Yoga Mat Neoprene 15kg,10kg weight option. Durable rubber construction.,/images/equipment-yoga-mat-neoprene.jpg,11,70.0,GY145654
400194,MuscleTech Plant-Based Chocolate 5lbs,High-quality Plant-Based protein with 30g protein per serving. Available in natural flavor.,/images/protein powder-plant-based-chocolate.jpg,36,260.0,GY312919
400195,Lucozade Energy Lemon 6-pack,Refreshing mixed taste. Energy drink with electrolytes.,/images/sports drink-energy-lemon.jpg,143,110.0,GY530688
400196,Rogue Yoga Mat EVA Foam 5kg,10kg weight option. Durable rubber construction.,/images/equipment-yoga-mat-eva-foam.jpg,21,240.0,GY608812
400197,Elite Annual Membership,Access to 4 classes per week. Includes pool access.,/images/membership-annual.jpg,999,50.0,GY096554
400198,Yes4All Yoga Mat Neoprene 10kg,10kg weight option. Ergonomic design for comfort.,/images/equipment-yoga-mat-neoprene.jpg,30,210.0,GY691039
400199,Elite Monthly Membership,Includes sauna access. Personal locker included.,/images/membership-monthly.jpg,999,180.0,GY270030
400200,Nike Shorts Navy M,Breathable cotton fabric. Moisture-wicking technology.,/images/apparel-shorts-navy.jpg,79,100.0,GY951423
400201,Under Armour Hoodie Red XL,Available in black color. Moisture-wicking technology.,/images/apparel-hoodie-red.jpg,39,260.0,GY780708
400202,Elite Annual Membership,Personal locker included. Includes sauna access.,/images/membership-annual.jpg,999,240.0,GY841954
400203,Powerade Energy Tropical 500ml,Energy drink with electrolytes. Refreshing mixed taste.,/images/sports drink-energy-tropical.jpg,73,260.0,GY135402
400204,Yes4All Yoga Mat Neoprene 15kg,Durable rubber construction. Ergonomic design for comfort.,/images/equipment-yoga-mat-neoprene.jpg,26,130.0,GY285430
400205,Rogue Resistance Band Neoprene 5kg,Durable rubber construction. Ergonomic design for comfort.,/images/equipment-resistance-band-neoprene.jpg,14,160.0,GY241678
400206,Gatorade Isotonic Berry 6-pack,Enhances hydration and performance. Refreshing mixed taste.,/images/sports drink-isotonic-berry.jpg,59,190.0,GY858824
400207,Nike Hoodie Navy L,Breathable cotton fabric. Moisture-wicking technology.,/images/apparel-hoodie-navy.jpg,81,290.0,GY484442
400208,Gold Annual Membership,Access to 4 classes per week. Includes sauna access.,/images/membership-annual.jpg,999,140.0,GY417452
400209,Under Armour Hoodie Navy L,Moisture-wicking technology. Breathable cotton fabric.,/images/apparel-hoodie-navy.jpg,76,190.0,GY161336
400210,Gatorade Energy Lemon 1L,Refreshing mixed taste. Energy drink with electrolytes.,/images/sports drink-energy-lemon.jpg,167,190.0,GY943983
400211,Gymshark Shorts Red XL,Available in black color. Moisture-wicking technology.,/images/apparel-shorts-red.jpg,48,90.0,GY507471
400212,Yes4All Dumbbell Neoprene 10kg,Ergonomic design for comfort. 10kg weight option.,/images/equipment-dumbbell-neoprene.jpg,13,290.0,GY242167
400213,Yes4All Yoga Mat Rubber 5kg,Ergonomic design for comfort. 10kg weight option.,/images/equipment-yoga-mat-rubber.jpg,29,100.0,GY401111
400214,Gold Monthly Membership,Includes parking access. Personal locker included.,/images/membership-monthly.jpg,999,110.0,GY384360
400215,MuscleTech Plant-Based Unflavored 2kg,Available in natural flavor. Contains essential amino acids.,/images/protein powder-plant-based-unflavored.jpg,38,150.0,GY781273
400216,Lucozade Recovery Berry 500ml,Enhances hydration and performance. Recovery drink with electrolytes.,/images/sports drink-recovery-berry.jpg,71,70.0,GY895647
400217,Powerade Energy Lemon 500ml,Enhances hydration and performance. Energy drink with electrolytes.,/images/sports drink-energy-lemon.jpg,171,180.0,GY028745
400218,Gold VIP Membership,Includes sauna access. Personal locker included.,/images/membership-vip.jpg,999,200.0,GY123898
400219,Powerade Energy Tropical 500ml,Energy drink with electrolytes. Refreshing mixed taste.,/images/sports drink-energy-tropical.jpg,183,210.0,GY803163
400220,Yes4All Yoga Mat Neoprene 15kg,Durable rubber construction. Ergonomic design for comfort.,/images/equipment-yoga-mat-neoprene.jpg,22,50.0,GY654855
400221,Platinum Monthly Membership,Access to 5 classes per week. Includes parking access.,/images/membership-monthly.jpg,999,290.0,GY561808
400222,Elite Annual Membership,Includes sauna access. Access to 3 classes per week.,/images/membership-annual.jpg,999,150.0,GY449289
400223,Platinum Annual Membership,Access to 3 classes per week. Includes pool access.,/images/membership-annual.jpg,999,170.0,GY974363
400224,ON Casein Vanilla 10 servings,Contains essential amino acids. High-quality Casein protein with 24g protein per serving.,/images/protein powder-casein-vanilla.jpg,10,260.0,GY390379
400225,Gymshark Hoodie Navy XL,Breathable cotton fabric. Moisture-wicking technology.,/images/apparel-hoodie-navy.jpg,24,170.0,GY909784
400226,Dymatize Plant-Based Strawberry 10 servings,Contains essential amino acids. Available in natural flavor.,/images/protein powder-plant-based-strawberry.jpg,45,160.0,GY327682
400227,Dymatize Casein Vanilla 5lbs,Available in natural flavor. High-quality Casein protein with 24g protein per serving.,/images/protein powder-casein-vanilla.jpg,42,250.0,GY739492
400228,Powerade Recovery Berry 500ml,Refreshing mixed taste. Enhances hydration and performance.,/images/sports drink-recovery-berry.jpg,109,180.0,GY709624
400229,Gatorade Recovery Tropical 1L,Refreshing mixed taste. Recovery drink with electrolytes.,/images/sports drink-recovery-tropical.jpg,99,280.0,GY827170
400230,Platinum Annual Membership,Access to 4 classes per week. Personal locker included.,/images/membership-annual.jpg,999,170.0,GY621809
400231,Gatorade Isotonic Lemon 6-pack,Refreshing mixed taste. Isotonic drink with electrolytes.,/images/sports drink-isotonic-lemon.jpg,69,220.0,GY147429
400232,Rogue Yoga Mat EVA Foam 15kg,Durable rubber construction. 10kg weight option.,/images/equipment-yoga-mat-eva-foam.jpg,7,240.0,GY215387
400233,Nike Hoodie Navy XL,Available in black color. Moisture-wicking technology.,/images/apparel-hoodie-navy.jpg,95,110.0,GY811259
400234,CAP Yoga Mat Rubber 10kg,Ergonomic design for comfort. Durable rubber construction.,/images/equipment-yoga-mat-rubber.jpg,10,270.0,GY325013
400235,Elite Monthly Membership,Includes sauna access. Access to 4 classes per week.,/images/membership-monthly.jpg,999,130.0,GY811259
400236,Powerade Recovery Berry 1L,Recovery drink with electrolytes. Refreshing mixed taste.,/images/sports drink-recovery-berry.jpg,174,250.0,GY707780
400237,ON Whey Chocolate 5lbs,Contains essential amino acids. Available in natural flavor.,/images/protein powder-whey-chocolate.jpg,29,140.0,GY946464
400238,Lucozade Energy Berry 6-pack,Refreshing mixed taste. Enhances hydration and performance.,/images/sports drink-energy-berry.jpg,91,180.0,GY733070
400239,Yes4All Resistance Band EVA Foam 15kg,10kg weight option. Durable rubber construction.,/images/equipment-resistance-band-eva-foam.jpg,19,100.0,GY809175
400240,ON Plant-Based Vanilla 5lbs,Contains essential amino acids. High-quality Plant-Based protein with 30g protein per serving.,/images/protein powder-plant-based-vanilla.jpg,30,110.0,GY324747
400241,MuscleTech Plant-Based Vanilla 5lbs,High-quality Plant-Based protein with 30g protein per serving. Available in natural flavor.,/images/protein powder-plant-based-vanilla.jpg,28,180.0,GY530688
400242,Dymatize Plant-Based Chocolate 10 servings,Contains essential amino acids. Available in natural flavor.,/images/protein powder-plant-based-chocolate.jpg,48,280.0,GY376130
400243,Yes4All Resistance Band Rubber 15kg,10kg weight option. Durable rubber construction.,/images/equipment-resistance-band-rubber.jpg,29,270.0,GY147429
400244,Gatorade Recovery Lemon 1L,Recovery drink with electrolytes. Refreshing mixed taste.,/images/sports drink-recovery-lemon.jpg,118,60.0,GY114249
400245,Nike Hoodie Red L,Available in black color. Moisture-wicking technology.,/images/apparel-hoodie-red.jpg,100,260.0,GY587184
400246,Under Armour Hoodie Gray L,Available in black color. Moisture-wicking technology.,/images/apparel-hoodie-gray.jpg,77,100.0,GY546544
400247,Powerade Isotonic Berry 1L,Refreshing mixed taste. Enhances hydration and performance.,/images/sports drink-isotonic-berry.jpg,88,140.0,GY078698
400248,Under Armour Hoodie Gray S,Available in black color. Moisture-wicking technology.,/images/apparel-hoodie-gray.jpg,24,160.0,GY546612
400249,MuscleTech Casein Strawberry 10 servings,Contains essential amino acids. High-quality Casein protein with 30g protein per serving.,/images/protein powder-casein-strawberry.jpg,26,240.0,GY650332
400250,CAP Resistance Band EVA Foam 5kg,Durable rubber construction. 10kg weight option.,/images/equipment-resistance-band-eva-foam.jpg,15,130.0,GY743300
400251,Platinum Monthly Membership,Access to 3 classes per week. Personal locker included.,/images/membership-monthly.jpg,999,140.0,GY880600
400252,CAP Yoga Mat Rubber 15kg,10kg weight option. Durable rubber construction.,/images/equipment-yoga-mat-rubber.jpg,25,50.0,GY894831
400253,Under Armour Shorts Black S,Breathable cotton fabric. Moisture-wicking technology.,/images/apparel-shorts-black.jpg,41,200.0,GY256065
400254,Gatorade Energy Tropical 1L,Enhances hydration and performance. Energy drink with electrolytes.,/images/sports drink-energy-tropical.jpg,126,180.0,GY546544
400255,Platinum VIP Membership,Includes sauna access. Personal locker included.,/images/membership-vip.jpg,999,230.0,GY996706
400256,Dymatize Casein Chocolate 2kg,High-quality Casein protein with 24g protein per serving. Available in natural flavor.,/images/protein powder-casein-chocolate.jpg,29,290.0,GY621809
400257,Platinum VIP Membership,Personal locker included. Includes sauna access.,/images/membership-vip.jpg,999,60.0,GY180063
400258,Elite VIP Membership,Personal locker included. Access to 3 classes per week.,/images/membership-vip.jpg,999,290.0,GY006384
400259,Lucozade Energy Tropical 500ml,Refreshing mixed taste. Enhances hydration and performance.,/images/sports drink-energy-tropical.jpg,139,120.0,GY006384
400260,Platinum Annual Membership,Personal locker included. Access to 4 classes per week.,/images/membership-annual.jpg,999,90.0,GY796508
400261,Gatorade Isotonic Tropical 500ml,Isotonic drink with electrolytes. Refreshing mixed taste.,/images/sports drink-isotonic-tropical.jpg,50,90.0,GY814424
400262,CAP Dumbbell EVA Foam 15kg,10kg weight option. Ergonomic design for comfort.,/images/equipment-dumbbell-eva-foam.jpg,19,80.0,GY859047
400263,Platinum Monthly Membership,Personal locker included. Includes pool access.,/images/membership-monthly.jpg,999,200.0,GY194812
400264,MuscleTech Whey Vanilla 2kg,Available in natural flavor. Contains essential amino acids.,/images/protein powder-whey-vanilla.jpg,42,160.0,GY690767
400265,Gatorade Recovery Berry 500ml,Recovery drink with electrolytes. Enhances hydration and performance.,/images/sports drink-recovery-berry.jpg,136,240.0,GY890947
400266,Gold Annual Membership,Personal locker included. Access to 5 classes per week.,/images/membership-annual.jpg,999,90.0,GY564797
400267,Gatorade Isotonic Lemon 6-pack,Refreshing mixed taste. Enhances hydration and performance.,/images/sports drink-isotonic-lemon.jpg,148,100.0,GY025020
400268,ON Plant-Based Unflavored 10 servings,High-quality Plant-Based protein with 24g protein per serving. Available in natural flavor.,/images/protein powder-plant-based-unflavored.jpg,48,100.0,GY427955
400269,Rogue Dumbbell Neoprene 10kg,10kg weight option. Durable rubber construction.,/images/equipment-dumbbell-neoprene.jpg,17,190.0,GY544467
400270,Lucozade Recovery Berry 1L,Enhances hydration and performance. Recovery drink with electrolytes.,/images/sports drink-recovery-berry.jpg,140,240.0,GY106685
400271,Gymshark T-Shirt Gray S,Available in black color. Breathable cotton fabric.,/images/apparel-t-shirt-gray.jpg,89,70.0,GY509448
400272,Nike Hoodie Black M,Available in black color. Moisture-wicking technology.,/images/apparel-hoodie-black.jpg,56,60.0,GY269933
400273,Under Armour Hoodie Red L,Available in black color. Breathable cotton fabric.,/images/apparel-hoodie-red.jpg,94,170.0,GY842570
400274,Gold Monthly Membership,Includes sauna access. Personal locker included.,/images/membership-monthly.jpg,999,250.0,GY789796
400275,CAP Yoga Mat Rubber 5kg,Durable rubber construction. Ergonomic design for comfort.,/images/equipment-yoga-mat-rubber.jpg,26,110.0,GY135973
400276,Dymatize Whey Chocolate 5lbs,Available in natural flavor. High-quality Whey protein with 30g protein per serving.,/images/protein powder-whey-chocolate.jpg,46,120.0,GY466238
400277,Powerade Recovery Tropical 6-pack,Enhances hydration and performance. Refreshing mixed taste.,/images/sports drink-recovery-tropical.jpg,92,290.0,GY257294
400278,Rogue Yoga Mat EVA Foam 5kg,10kg weight option. Durable rubber construction.,/images/equipment-yoga-mat-eva-foam.jpg,13,170.0,GY499491
400279,ON Whey Vanilla 5lbs,Available in natural flavor. High-quality Whey protein with 30g protein per serving.,/images/protein powder-whey-vanilla.jpg,41,210.0,GY529155
400280,ON Whey Unflavored 10 servings,Contains essential amino acids. High-quality Whey protein with 24g protein per serving.,/images/protein powder-whey-unflavored.jpg,40,300.0,GY604256
400281,Gatorade Energy Tropical 6-pack,Enhances hydration and performance. Refreshing mixed taste.,/images/sports drink-energy-tropical.jpg,60,50.0,GY934081
400282,Elite VIP Membership,Personal locker included. Includes parking access.,/images/membership-vip.jpg,999,240.0,GY604256
400283,Gatorade Recovery Lemon 500ml,Enhances hydration and performance. Refreshing mixed taste.,/images/sports drink-recovery-lemon.jpg,134,120.0,GY699570
400284,Rogue Yoga Mat EVA Foam 5kg,10kg weight option. Durable rubber construction.,/images/equipment-yoga-mat-eva-foam.jpg,19,180.0,GY240005
400285,Gymshark Shorts Black L,Breathable cotton fabric. Available in black color.,/images/apparel-shorts-black.jpg,98,100.0,GY270890
400286,Yes4All Resistance Band EVA Foam 10kg,Ergonomic design for comfort. 10kg weight option.,/images/equipment-resistance-band-eva-foam.jpg,8,240.0,GY956299
400287,Rogue Dumbbell Neoprene 5kg,10kg weight option. Durable rubber construction.,/images/equipment-dumbbell-neoprene.jpg,23,240.0,GY811259
400288,CAP Yoga Mat EVA Foam 5kg,10kg weight option. Ergonomic design for comfort.,/images/equipment-yoga-mat-eva-foam.jpg,13,280.0,GY715327
400289,Platinum Monthly Membership,Personal locker included. Access to 3 classes per week.,/images/membership-monthly.jpg,999,100.0,GY442600
400290,CAP Dumbbell EVA Foam 15kg,Durable rubber construction. Ergonomic design for comfort.,/images/equipment-dumbbell-eva-foam.jpg,24,110.0,GY401630
400291,Platinum Monthly Membership,Access to 3 classes per week. Personal locker included.,/images/membership-monthly.jpg,999,100.0,GY151081
400292,Gymshark T-Shirt Black XL,Available in black color. Moisture-wicking technology.,/images/apparel-t-shirt-black.jpg,53,50.0,GY954342
400293,Powerade Isotonic Berry 6-pack,Refreshing mixed taste. Isotonic drink with electrolytes.,/images/sports drink-isotonic-berry.jpg,87,170.0,GY579507
400294,Dymatize Whey Vanilla 2kg,Available in natural flavor. High-quality Whey protein with 24g protein per serving.,/images/protein powder-whey-vanilla.jpg,47,180.0,GY861583
400295,Gatorade Isotonic Berry 1L,Isotonic drink with electrolytes. Enhances hydration and performance.,/images/sports drink-isotonic-berry.jpg,198,170.0,GY913040
400296,Gold VIP Membership,Includes pool access. Access to 4 classes per week.,/images/membership-vip.jpg,999,200.0,GY961403
400297,Lucozade Isotonic Lemon 1L,Enhances hydration and performance. Refreshing mixed taste.,/images/sports drink-isotonic-lemon.jpg,52,70.0,GY854734
400298,Dymatize Plant-Based Chocolate 10 servings,High-quality Plant-Based protein with 24g protein per serving. Contains essential amino acids.,/images/protein powder-plant-based-chocolate.jpg,39,60.0,GY771938
400299,Gymshark T-Shirt Navy S,Breathable cotton fabric. Available in black color.,/images/apparel-t-shirt-navy.jpg,54,250.0,GY054577
