course_id,name,start_date,end_date,hours,coach_id,branch_id,location,fee,requirement,max_seats,img
300321,Morning Yoga Prenatal Session,2025-05-24,2025-06-21,2.0,137979,GY827105,Studio A2,230,Medical clearance needed,30,/images/yoga-1.jpg
300089,Morning Weightlifting Technique Workshop,2025-05-25,2025-06-22,2.0,107776,GY773201,Studio C2,70,Age 16+,20,/images/weightlifting-5.jpg
300135,Evening Cycling HIIT Workshop,2025-05-25,2025-06-22,2.0,106209,GY639740,Studio B4,280,No experience required,20,/images/cycling-3.jpg
300070,Morning Dance Zumba Workshop,2025-05-25,2025-06-22,2.0,106663,GY196210,Studio B4,120,Basic fitness required,20,/images/dance-3.jpg
300019,Morning Dance Hip-hop Program,2025-05-26,2025-06-23,2.0,119946,GY094189,Studio A3,100,No experience required,25,/images/dance-3.jpg
300044,Weekend Dance Hip-hop Session,2025-05-27,2025-06-24,2.0,134292,GY526081,Studio C3,230,Age 16+,20,/images/dance-1.jpg
300065,Morning Cycling Indoor Workshop,2025-05-27,2025-07-22,2.0,132199,GY550665,Studio C4,230,No experience required,20,/images/cycling-1.jpg
300309,Evening Dance Aerobic Session,2025-05-27,2025-07-22,2.0,154332,GY835355,Studio C5,190,Basic fitness required,20,/images/dance-2.jpg
300245,Evening Pilates Group Workshop,2025-05-27,2025-07-22,2.0,122739,GY999073,Studio C5,250,Age 16+,25,/images/pilates-2.jpg
300196,Evening Yoga Intermediate Workshop,2025-05-27,2025-07-22,2.0,157277,GY441497,Studio C5,150,Medical clearance needed,15,/images/yoga-4.jpg
300076,Weekend Weightlifting Power Program,2025-05-27,2025-08-19,2.0,104278,GY004015,Studio B4,80,Medical clearance needed,20,/images/weightlifting-1.jpg
300379,Morning Yoga Advanced Class,2025-05-27,2025-08-19,2.0,122458,GY943545,Studio B1,140,Age 16+,25,/images/yoga-4.jpg
300360,Weekend Weightlifting Olympic Session,2025-05-28,2025-08-20,2.0,117145,GY491016,Studio A3,220,Age 16+,25,/images/weightlifting-4.jpg
300339,Evening Pilates Clinical Workshop,2025-05-28,2025-06-25,2.0,141430,GY203253,Studio B5,210,Age 16+,25,/images/pilates-3.jpg
300055,Afternoon Cycling Indoor Class,2025-05-29,2025-08-21,2.0,165566,GY523557,Studio C1,60,Basic fitness required,25,/images/cycling-2.jpg
300138,Morning Yoga Intermediate Program,2025-05-29,2025-07-24,2.0,156886,GY482515,Studio A3,90,Basic fitness required,25,/images/yoga-1.jpg
300213,Weekend Yoga Hot Program,2025-05-30,2025-08-22,2.0,120449,GY005363,Studio A2,270,No experience required,25,/images/yoga-3.jpg
300054,Morning Cycling HIIT Workshop,2025-05-30,2025-06-27,2.0,120661,GY717025,Studio C3,110,Basic fitness required,25,/images/cycling-2.jpg
300373,Evening Pilates Clinical Workshop,2025-05-30,2025-07-25,2.0,121640,GY465252,Studio B5,70,No experience required,30,/images/pilates-2.jpg
300185,Evening Dance Aerobic Session,2025-05-30,2025-07-25,2.0,117684,GY180669,Studio A5,140,Medical clearance needed,25,/images/dance-2.jpg
300482,Morning Yoga Advanced Session,2025-05-30,2025-06-27,2.0,134264,GY823410,Studio C4,300,Basic fitness required,20,/images/yoga-4.jpg
300393,Evening Cycling Endurance Workshop,2025-05-30,2025-06-27,2.0,154317,GY880908,Studio C2,100,Medical clearance needed,20,/images/cycling-2.jpg
300323,Afternoon Pilates Clinical Session,2025-05-31,2025-07-26,2.0,146058,GY484510,Studio B1,200,Medical clearance needed,20,/images/pilates-3.jpg
300043,Weekend Dance Hip-hop Class,2025-05-31,2025-06-28,2.0,130755,GY411712,Studio C3,180,Medical clearance needed,25,/images/dance-3.jpg
300438,Weekend Martial Arts MMA Workshop,2025-05-31,2025-06-28,2.0,146982,GY943545,Studio A5,160,Medical clearance needed,30,/images/martial arts-1.jpg
300038,Morning Martial Arts MMA Workshop,2025-05-31,2025-06-28,2.0,125142,GY344569,Studio C2,160,Basic fitness required,30,/images/martial arts-2.jpg
300344,Morning Weightlifting Power Workshop,2025-05-31,2025-08-23,2.0,156608,GY744300,Studio A1,130,No experience required,25,/images/weightlifting-1.jpg
300492,Morning Dance Aerobic Class,2025-05-31,2025-06-28,2.0,123578,GY997533,Studio C5,230,Medical clearance needed,25,/images/dance-4.jpg
300208,Morning Weightlifting Strength Session,2025-05-31,2025-06-28,2.0,161747,GY119850,Studio C2,110,Basic fitness required,20,/images/weightlifting-2.jpg
300456,Afternoon Weightlifting Power Class,2025-05-31,2025-06-28,2.0,145638,GY666916,Studio B1,180,Age 16+,30,/images/weightlifting-4.jpg
300383,Weekend Pilates Mat Class,2025-06-01,2025-08-24,2.0,144189,GY628303,Studio C4,170,Basic fitness required,15,/images/pilates-1.jpg
300074,Weekend Pilates Group Session,2025-06-01,2025-06-29,2.0,112874,GY952752,Studio A5,270,Medical clearance needed,25,/images/pilates-1.jpg
300088,Afternoon Martial Arts Kickboxing Workshop,2025-06-01,2025-06-29,2.0,160051,GY108267,Studio A5,230,Basic fitness required,20,/images/martial arts-1.jpg
300398,Morning Weightlifting Technique Session,2025-06-01,2025-07-27,2.0,129721,GY162142,Studio C2,110,No experience required,15,/images/weightlifting-2.jpg
300120,Morning Weightlifting Strength Program,2025-06-02,2025-06-30,2.0,108056,GY526081,Studio B4,260,No experience required,20,/images/weightlifting-5.jpg
300113,Morning Dance Zumba Class,2025-06-02,2025-06-30,2.0,132434,GY094179,Studio A4,90,Medical clearance needed,30,/images/dance-4.jpg
300110,Weekend Yoga Beginner Workshop,2025-06-02,2025-08-25,2.0,113808,GY276329,Studio A3,160,Medical clearance needed,20,/images/yoga-2.jpg
300132,Evening Pilates Reformer Session,2025-06-02,2025-07-28,2.0,157283,GY437696,Studio A2,90,No experience required,20,/images/pilates-3.jpg
300079,Morning Martial Arts Boxing Class,2025-06-02,2025-08-25,2.0,132416,GY636029,Studio C3,180,No experience required,20,/images/martial arts-5.jpg
300077,Morning Dance Aerobic Program,2025-06-02,2025-07-28,2.0,136464,GY488432,Studio C1,240,Medical clearance needed,30,/images/dance-4.jpg
300263,Morning Weightlifting Power Workshop,2025-06-02,2025-07-28,2.0,168375,GY246616,Studio C2,120,Medical clearance needed,30,/images/weightlifting-1.jpg
300475,Evening Pilates Reformer Class,2025-06-02,2025-08-25,2.0,111906,GY628303,Studio C4,160,Age 16+,25,/images/pilates-1.jpg
300338,Afternoon Weightlifting Technique Session,2025-06-02,2025-07-28,2.0,152000,GY521102,Studio C2,240,Medical clearance needed,20,/images/weightlifting-3.jpg
300410,Afternoon Martial Arts Boxing Workshop,2025-06-02,2025-07-28,2.0,151380,GY448309,Studio C5,70,Basic fitness required,20,/images/martial arts-3.jpg
300471,Afternoon Martial Arts MMA Session,2025-06-03,2025-07-29,2.0,111500,GY642998,Studio A1,200,No experience required,25,/images/martial arts-5.jpg
300406,Afternoon Dance Zumba Program,2025-06-03,2025-07-01,2.0,141825,GY393015,Studio C3,270,Age 16+,20,/images/dance-2.jpg
300034,Morning Dance Aerobic Program,2025-06-03,2025-07-29,2.0,127886,GY276329,Studio B2,130,No experience required,20,/images/dance-3.jpg
300234,Morning Martial Arts MMA Class,2025-06-03,2025-07-29,2.0,104567,GY600932,Studio C2,200,Medical clearance needed,20,/images/martial arts-3.jpg
300362,Weekend Cycling Indoor Class,2025-06-04,2025-07-30,2.0,168678,GY034591,Studio B5,200,Basic fitness required,20,/images/cycling-4.jpg
300136,Evening Martial Arts MMA Workshop,2025-06-04,2025-07-02,2.0,115602,GY165618,Studio A2,150,Medical clearance needed,15,/images/martial arts-3.jpg
300494,Evening Dance Hip-hop Session,2025-06-04,2025-08-27,2.0,163219,GY880908,Studio A5,290,No experience required,25,/images/dance-3.jpg
300277,Evening Dance Hip-hop Session,2025-06-05,2025-07-31,2.0,106648,GY066144,Studio B4,270,Basic fitness required,20,/images/dance-4.jpg
300311,Afternoon Yoga Advanced Session,2025-06-05,2025-07-03,2.0,126022,GY803626,Studio B3,250,No experience required,30,/images/yoga-3.jpg
300300,Weekend Weightlifting Strength Program,2025-06-05,2025-07-03,2.0,118483,GY592598,Studio C2,150,Age 16+,20,/images/weightlifting-5.jpg
300302,Morning Pilates Reformer Session,2025-06-05,2025-07-31,2.0,169065,GY584202,Studio B4,130,Basic fitness required,20,/images/pilates-5.jpg
300017,Morning Pilates Mat Class,2025-06-05,2025-08-28,2.0,111106,GY873199,Studio C4,160,No experience required,20,/images/pilates-3.jpg
300239,Morning Yoga Intermediate Program,2025-06-05,2025-08-28,2.0,115131,GY417330,Studio A4,110,Basic fitness required,25,/images/yoga-3.jpg
300495,Weekend Yoga Prenatal Session,2025-06-05,2025-07-03,2.0,146275,GY987462,Studio C2,150,Medical clearance needed,20,/images/yoga-1.jpg
300335,Weekend Pilates Mat Session,2025-06-06,2025-08-01,2.0,101853,GY137222,Studio C1,200,Age 16+,25,/images/pilates-2.jpg
300444,Afternoon Cycling Indoor Session,2025-06-06,2025-07-04,2.0,112748,GY976894,Studio B4,110,Basic fitness required,20,/images/cycling-3.jpg
300271,Morning Cycling HIIT Class,2025-06-06,2025-08-29,2.0,138399,GY415430,Studio C5,180,Basic fitness required,25,/images/cycling-4.jpg
300497,Morning Martial Arts MMA Class,2025-06-06,2025-07-04,2.0,161817,GY811525,Studio A5,270,Age 16+,20,/images/martial arts-2.jpg
300408,Morning Cycling Endurance Program,2025-06-06,2025-08-01,2.0,120297,GY214139,Studio B4,220,Age 16+,25,/images/cycling-2.jpg
300108,Evening Martial Arts MMA Program,2025-06-06,2025-08-01,2.0,154837,GY200061,Studio B5,60,Medical clearance needed,15,/images/martial arts-4.jpg
300457,Morning Martial Arts Kickboxing Program,2025-06-07,2025-08-02,2.0,163113,GY980616,Studio B4,200,Basic fitness required,30,/images/martial arts-1.jpg
300022,Evening Dance Aerobic Session,2025-06-07,2025-08-02,2.0,156838,GY742023,Studio C1,150,Age 16+,30,/images/dance-4.jpg
300248,Morning Weightlifting Power Session,2025-06-07,2025-07-05,2.0,135197,GY437696,Studio A4,260,Medical clearance needed,15,/images/weightlifting-1.jpg
300203,Weekend Yoga Advanced Workshop,2025-06-07,2025-08-30,2.0,114839,GY402288,Studio B3,110,Medical clearance needed,20,/images/yoga-1.jpg
300307,Morning Pilates Reformer Program,2025-06-08,2025-08-31,2.0,113953,GY461570,Studio A3,260,Basic fitness required,15,/images/pilates-5.jpg
300233,Evening Cycling Endurance Session,2025-06-08,2025-08-03,2.0,106209,GY418477,Studio A5,270,Age 16+,20,/images/cycling-5.jpg
300389,Afternoon Pilates Group Session,2025-06-08,2025-08-03,2.0,119760,GY279755,Studio C2,150,Age 16+,25,/images/pilates-1.jpg
300425,Afternoon Yoga Hot Program,2025-06-08,2025-08-03,2.0,117451,GY976894,Studio B1,70,Basic fitness required,20,/images/yoga-1.jpg
300083,Weekend Pilates Group Session,2025-06-09,2025-09-01,2.0,129080,GY756241,Studio C4,170,Basic fitness required,15,/images/pilates-5.jpg
300367,Weekend Dance Aerobic Workshop,2025-06-09,2025-08-04,2.0,129657,GY418477,Studio A3,160,Basic fitness required,20,/images/dance-1.jpg
300027,Evening Martial Arts MMA Program,2025-06-09,2025-08-04,2.0,165148,GY468865,Studio B2,80,No experience required,30,/images/martial arts-2.jpg
300276,Evening Dance Zumba Workshop,2025-06-09,2025-08-04,2.0,100406,GY240684,Studio A5,160,No experience required,20,/images/dance-3.jpg
300294,Evening Yoga Prenatal Session,2025-06-09,2025-08-04,2.0,161338,GY418477,Studio A1,190,Basic fitness required,20,/images/yoga-1.jpg
300275,Evening Martial Arts Kickboxing Session,2025-06-09,2025-07-07,2.0,135891,GY827105,Studio A5,90,Medical clearance needed,30,/images/martial arts-4.jpg
300228,Weekend Pilates Reformer Class,2025-06-09,2025-09-01,2.0,121717,GY577604,Studio A1,160,Medical clearance needed,25,/images/pilates-1.jpg
300287,Evening Yoga Beginner Program,2025-06-10,2025-07-08,2.0,141832,GY252688,Studio A2,180,Basic fitness required,20,/images/yoga-5.jpg
300319,Afternoon Cycling Indoor Program,2025-06-10,2025-08-05,2.0,126047,GY810977,Studio C4,270,Basic fitness required,20,/images/cycling-5.jpg
300150,Morning Weightlifting Strength Workshop,2025-06-10,2025-09-02,2.0,134834,GY758125,Studio A3,260,Age 16+,15,/images/weightlifting-4.jpg
300149,Weekend Weightlifting Technique Class,2025-06-10,2025-07-08,2.0,104148,GY539748,Studio A5,230,Age 16+,30,/images/weightlifting-5.jpg
300364,Afternoon Weightlifting Power Class,2025-06-10,2025-07-08,2.0,120775,GY241406,Studio A5,120,Medical clearance needed,20,/images/weightlifting-4.jpg
300429,Evening Pilates Clinical Session,2025-06-10,2025-07-08,2.0,103484,GY700482,Studio A5,290,No experience required,20,/images/pilates-3.jpg
300104,Evening Weightlifting Technique Class,2025-06-11,2025-09-03,2.0,165153,GY549013,Studio A2,220,No experience required,25,/images/weightlifting-2.jpg
300099,Weekend Martial Arts Boxing Session,2025-06-11,2025-08-06,2.0,127396,GY164968,Studio C5,250,Medical clearance needed,20,/images/martial arts-5.jpg
300465,Evening Martial Arts Kickboxing Workshop,2025-06-11,2025-07-09,2.0,143985,GY544821,Studio A5,100,Basic fitness required,25,/images/martial arts-2.jpg
300325,Afternoon Martial Arts Kickboxing Workshop,2025-06-11,2025-09-03,2.0,127006,GY435783,Studio B5,140,Age 16+,25,/images/martial arts-4.jpg
300314,Morning Pilates Mat Class,2025-06-11,2025-07-09,2.0,140010,GY855806,Studio A3,290,Basic fitness required,15,/images/pilates-2.jpg
300012,Afternoon Martial Arts MMA Program,2025-06-11,2025-08-06,2.0,152959,GY051525,Studio A2,160,Basic fitness required,25,/images/martial arts-5.jpg
300005,Evening Cycling Endurance Class,2025-06-11,2025-08-06,2.0,121366,GY254010,Studio B5,140,Basic fitness required,30,/images/cycling-3.jpg
300411,Weekend Weightlifting Strength Session,2025-06-11,2025-09-03,2.0,155301,GY460868,Studio B4,150,No experience required,20,/images/weightlifting-4.jpg
300015,Evening Pilates Clinical Program,2025-06-11,2025-07-09,2.0,111149,GY332801,Studio B4,260,Age 16+,20,/images/pilates-3.jpg
300382,Evening Pilates Clinical Class,2025-06-11,2025-09-03,2.0,135094,GY639695,Studio B3,170,Medical clearance needed,25,/images/pilates-5.jpg
300414,Evening Weightlifting Power Session,2025-06-11,2025-09-03,2.0,105366,GY515955,Studio A5,290,Basic fitness required,15,/images/weightlifting-4.jpg
300432,Evening Martial Arts MMA Workshop,2025-06-12,2025-09-04,2.0,146984,GY811525,Studio A5,60,Age 16+,30,/images/martial arts-1.jpg
300219,Morning Cycling HIIT Session,2025-06-12,2025-09-04,2.0,122440,GY934106,Studio A5,160,Age 16+,20,/images/cycling-4.jpg
300246,Morning Dance Hip-hop Program,2025-06-12,2025-07-10,2.0,142025,GY827291,Studio A1,180,Basic fitness required,20,/images/dance-5.jpg
300078,Evening Yoga Beginner Program,2025-06-12,2025-07-10,2.0,101950,GY855806,Studio C2,250,Age 16+,25,/images/yoga-3.jpg
300270,Weekend Cycling HIIT Session,2025-06-13,2025-07-11,2.0,158730,GY203253,Studio C5,230,Basic fitness required,25,/images/cycling-4.jpg
300200,Evening Martial Arts Boxing Session,2025-06-13,2025-07-11,2.0,122478,GY593944,Studio B3,70,No experience required,25,/images/martial arts-2.jpg
300112,Morning Martial Arts Boxing Class,2025-06-13,2025-09-05,2.0,147294,GY628631,Studio A2,150,Medical clearance needed,20,/images/martial arts-3.jpg
300178,Afternoon Weightlifting Strength Class,2025-06-13,2025-07-11,2.0,131146,GY383917,Studio A2,200,Basic fitness required,15,/images/weightlifting-5.jpg
300441,Evening Weightlifting Olympic Program,2025-06-13,2025-09-05,2.0,123387,GY306120,Studio B2,270,Age 16+,25,/images/weightlifting-5.jpg
300440,Weekend Weightlifting Technique Program,2025-06-13,2025-08-08,2.0,159715,GY962625,Studio C1,130,Medical clearance needed,20,/images/weightlifting-2.jpg
300036,Morning Weightlifting Technique Workshop,2025-06-13,2025-09-05,2.0,124331,GY962625,Studio B5,110,Medical clearance needed,25,/images/weightlifting-2.jpg
300080,Morning Martial Arts Kickboxing Class,2025-06-13,2025-08-08,2.0,118517,GY125224,Studio B2,200,No experience required,20,/images/martial arts-4.jpg
300453,Weekend Pilates Mat Program,2025-06-13,2025-07-11,2.0,160254,GY598203,Studio A1,100,Basic fitness required,15,/images/pilates-4.jpg
300369,Afternoon Cycling Indoor Session,2025-06-13,2025-09-05,2.0,142750,GY145962,Studio A5,90,No experience required,25,/images/cycling-3.jpg
300396,Morning Weightlifting Olympic Program,2025-06-13,2025-09-05,2.0,120272,GY177116,Studio A4,260,Age 16+,30,/images/weightlifting-2.jpg
300042,Evening Pilates Reformer Workshop,2025-06-14,2025-07-12,2.0,141972,GY185749,Studio A1,60,Medical clearance needed,25,/images/pilates-4.jpg
300449,Weekend Yoga Beginner Class,2025-06-14,2025-07-12,2.0,100163,GY268201,Studio B2,130,No experience required,20,/images/yoga-3.jpg
300357,Morning Pilates Mat Session,2025-06-14,2025-09-06,2.0,116309,GY983612,Studio A5,270,Basic fitness required,30,/images/pilates-5.jpg
300226,Afternoon Martial Arts MMA Class,2025-06-14,2025-07-12,2.0,165758,GY597722,Studio C3,220,No experience required,20,/images/martial arts-3.jpg
300224,Evening Yoga Beginner Class,2025-06-14,2025-07-12,2.0,117491,GY597873,Studio C5,100,Medical clearance needed,25,/images/yoga-5.jpg
300466,Afternoon Weightlifting Technique Workshop,2025-06-14,2025-08-09,2.0,148674,GY381068,Studio C2,120,Basic fitness required,20,/images/weightlifting-3.jpg
300163,Afternoon Martial Arts Kickboxing Workshop,2025-06-15,2025-09-07,2.0,125151,GY145962,Studio C5,200,No experience required,20,/images/martial arts-4.jpg
300235,Afternoon Dance Aerobic Class,2025-06-15,2025-07-13,2.0,157449,GY666916,Studio B3,300,No experience required,25,/images/dance-4.jpg
300156,Afternoon Martial Arts Boxing Workshop,2025-06-15,2025-08-10,2.0,157969,GY674814,Studio B4,90,Age 16+,20,/images/martial arts-2.jpg
300032,Afternoon Weightlifting Power Session,2025-06-15,2025-07-13,2.0,118039,GY074409,Studio C2,190,No experience required,15,/images/weightlifting-1.jpg
300252,Weekend Weightlifting Olympic Workshop,2025-06-15,2025-09-07,2.0,139495,GY508075,Studio A3,230,No experience required,25,/images/weightlifting-5.jpg
300345,Afternoon Pilates Reformer Workshop,2025-06-15,2025-08-10,2.0,118570,GY975046,Studio C5,210,No experience required,20,/images/pilates-1.jpg
300238,Evening Dance Zumba Program,2025-06-15,2025-09-07,2.0,140808,GY987472,Studio C5,300,No experience required,25,/images/dance-1.jpg
300249,Evening Martial Arts Kickboxing Program,2025-06-15,2025-08-10,2.0,138844,GY016708,Studio A5,220,Basic fitness required,30,/images/martial arts-4.jpg
300075,Evening Cycling HIIT Class,2025-06-15,2025-08-10,2.0,115942,GY526081,Studio C3,100,No experience required,15,/images/cycling-5.jpg
300082,Weekend Martial Arts Kickboxing Workshop,2025-06-16,2025-09-08,2.0,145813,GY789462,Studio B5,270,Age 16+,20,/images/martial arts-2.jpg
300161,Afternoon Weightlifting Olympic Program,2025-06-16,2025-09-08,2.0,130099,GY304792,Studio C2,240,Medical clearance needed,25,/images/weightlifting-4.jpg
300093,Afternoon Weightlifting Olympic Class,2025-06-16,2025-08-11,2.0,108974,GY492776,Studio A2,290,Age 16+,25,/images/weightlifting-3.jpg
300209,Morning Cycling HIIT Workshop,2025-06-16,2025-09-08,2.0,117046,GY119161,Studio B3,160,Medical clearance needed,30,/images/cycling-3.jpg
300385,Weekend Dance Hip-hop Session,2025-06-16,2025-07-14,2.0,161908,GY610696,Studio B5,60,No experience required,25,/images/dance-4.jpg
300214,Evening Martial Arts Boxing Workshop,2025-06-17,2025-09-09,2.0,142305,GY610752,Studio A4,170,Basic fitness required,25,/images/martial arts-5.jpg
300400,Evening Dance Zumba Class,2025-06-17,2025-08-12,2.0,132665,GY061918,Studio C5,100,Basic fitness required,20,/images/dance-5.jpg
300407,Afternoon Yoga Beginner Class,2025-06-17,2025-08-12,2.0,162680,GY016708,Studio B5,280,No experience required,20,/images/yoga-3.jpg
300448,Afternoon Martial Arts Kickboxing Class,2025-06-18,2025-09-10,2.0,102690,GY707267,Studio B4,170,Age 16+,15,/images/martial arts-2.jpg
300067,Morning Cycling Indoor Session,2025-06-18,2025-07-16,2.0,109535,GY678047,Studio B2,140,Medical clearance needed,25,/images/cycling-1.jpg
300278,Evening Weightlifting Strength Workshop,2025-06-18,2025-09-10,2.0,153422,GY958698,Studio A5,180,Basic fitness required,25,/images/weightlifting-4.jpg
300437,Afternoon Yoga Intermediate Class,2025-06-18,2025-08-13,2.0,135459,GY539748,Studio B5,210,Medical clearance needed,20,/images/yoga-5.jpg
300467,Weekend Yoga Hot Workshop,2025-06-18,2025-07-16,2.0,161909,GY628211,Studio A3,170,No experience required,20,/images/yoga-2.jpg
300269,Morning Dance Zumba Class,2025-06-19,2025-09-11,2.0,140158,GY697601,Studio B3,190,Basic fitness required,30,/images/dance-5.jpg
300452,Weekend Pilates Reformer Program,2025-06-19,2025-09-11,2.0,166280,GY238305,Studio C2,160,Age 16+,20,/images/pilates-3.jpg
300206,Evening Yoga Intermediate Program,2025-06-19,2025-07-17,2.0,108981,GY038952,Studio B1,180,Basic fitness required,25,/images/yoga-3.jpg
300298,Weekend Dance Aerobic Class,2025-06-19,2025-07-17,2.0,166008,GY092917,Studio B3,170,No experience required,30,/images/dance-5.jpg
300048,Afternoon Weightlifting Technique Session,2025-06-20,2025-09-12,2.0,104367,GY648484,Studio A4,110,No experience required,25,/images/weightlifting-2.jpg
300489,Afternoon Martial Arts MMA Class,2025-06-20,2025-09-12,2.0,104429,GY356349,Studio B2,60,Medical clearance needed,20,/images/martial arts-4.jpg
300446,Morning Pilates Group Program,2025-06-20,2025-09-12,2.0,169370,GY070738,Studio B2,80,Age 16+,30,/images/pilates-2.jpg
300455,Morning Cycling Indoor Class,2025-06-20,2025-08-15,2.0,107065,GY550665,Studio B4,110,Age 16+,30,/images/cycling-4.jpg
300084,Morning Pilates Reformer Program,2025-06-20,2025-08-15,2.0,156049,GY393015,Studio C2,210,No experience required,15,/images/pilates-4.jpg
300303,Afternoon Martial Arts Kickboxing Class,2025-06-20,2025-07-18,2.0,169003,GY468865,Studio B1,280,Basic fitness required,30,/images/martial arts-2.jpg
300106,Weekend Martial Arts Kickboxing Program,2025-06-21,2025-08-16,2.0,124102,GY398041,Studio B1,300,No experience required,20,/images/martial arts-3.jpg
300493,Weekend Martial Arts Boxing Program,2025-06-21,2025-09-13,2.0,169650,GY484389,Studio A5,270,Basic fitness required,20,/images/martial arts-3.jpg
300496,Afternoon Cycling HIIT Session,2025-06-21,2025-07-19,2.0,131799,GY816185,Studio C4,70,No experience required,20,/images/cycling-3.jpg
300179,Evening Pilates Mat Session,2025-06-21,2025-09-13,2.0,166565,GY031351,Studio B3,250,Age 16+,25,/images/pilates-2.jpg
300100,Evening Weightlifting Power Program,2025-06-21,2025-07-19,2.0,160790,GY352439,Studio A2,160,Medical clearance needed,30,/images/weightlifting-3.jpg
300295,Afternoon Martial Arts Kickboxing Workshop,2025-06-21,2025-07-19,2.0,146779,GY983612,Studio C3,220,Basic fitness required,20,/images/martial arts-3.jpg
300405,Afternoon Weightlifting Power Workshop,2025-06-21,2025-07-19,2.0,150304,GY806823,Studio A4,240,Basic fitness required,20,/images/weightlifting-2.jpg
300430,Morning Cycling Indoor Class,2025-06-21,2025-07-19,2.0,106427,GY265446,Studio B3,120,Medical clearance needed,20,/images/cycling-3.jpg
300266,Afternoon Dance Aerobic Class,2025-06-21,2025-09-13,2.0,164932,GY544543,Studio B1,180,Basic fitness required,15,/images/dance-1.jpg
300384,Weekend Yoga Prenatal Class,2025-06-21,2025-09-13,2.0,128636,GY267185,Studio A2,260,Medical clearance needed,15,/images/yoga-4.jpg
300242,Evening Yoga Hot Program,2025-06-22,2025-07-20,2.0,153006,GY138463,Studio C5,120,Medical clearance needed,20,/images/yoga-1.jpg
300395,Afternoon Martial Arts Kickboxing Class,2025-06-22,2025-07-20,2.0,127519,GY655481,Studio B4,160,Basic fitness required,15,/images/martial arts-4.jpg
300114,Evening Pilates Clinical Class,2025-06-22,2025-07-20,2.0,157298,GY843590,Studio C1,270,Age 16+,30,/images/pilates-1.jpg
300483,Evening Martial Arts MMA Workshop,2025-06-22,2025-09-14,2.0,156004,GY209138,Studio A1,60,Basic fitness required,20,/images/martial arts-3.jpg
300472,Morning Cycling Endurance Session,2025-06-22,2025-09-14,2.0,164721,GY959367,Studio A5,80,Medical clearance needed,20,/images/cycling-4.jpg
300144,Morning Cycling HIIT Session,2025-06-22,2025-09-14,2.0,129678,GY357259,Studio B5,280,Age 16+,15,/images/cycling-1.jpg
300348,Weekend Pilates Group Program,2025-06-22,2025-07-20,2.0,130515,GY707901,Studio B1,290,Age 16+,25,/images/pilates-2.jpg
300140,Morning Dance Aerobic Program,2025-06-23,2025-09-15,2.0,105283,GY707901,Studio A4,240,Medical clearance needed,20,/images/dance-4.jpg
300260,Afternoon Pilates Reformer Session,2025-06-23,2025-08-18,2.0,157703,GY186720,Studio A2,220,Age 16+,20,/images/pilates-5.jpg
300304,Evening Cycling Endurance Workshop,2025-06-23,2025-09-15,2.0,112637,GY643791,Studio A3,180,No experience required,30,/images/cycling-3.jpg
300381,Evening Dance Aerobic Session,2025-06-23,2025-08-18,2.0,135741,GY240978,Studio C1,280,No experience required,15,/images/dance-5.jpg
300030,Weekend Dance Aerobic Class,2025-06-23,2025-07-21,2.0,162139,GY279755,Studio C1,100,No experience required,20,/images/dance-2.jpg
300324,Afternoon Martial Arts Boxing Class,2025-06-23,2025-09-15,2.0,165379,GY279755,Studio B2,290,Age 16+,20,/images/martial arts-3.jpg
300391,Afternoon Dance Hip-hop Program,2025-06-24,2025-09-16,2.0,100693,GY023071,Studio B1,180,No experience required,20,/images/dance-4.jpg
300329,Morning Cycling HIIT Session,2025-06-24,2025-09-16,2.0,126573,GY789462,Studio B1,190,Medical clearance needed,20,/images/cycling-3.jpg
300476,Morning Weightlifting Power Program,2025-06-24,2025-08-19,2.0,118483,GY033706,Studio C1,230,Age 16+,30,/images/weightlifting-4.jpg
300059,Morning Dance Hip-hop Class,2025-06-24,2025-07-22,2.0,139989,GY392848,Studio A5,250,Basic fitness required,30,/images/dance-3.jpg
300450,Morning Dance Aerobic Workshop,2025-06-24,2025-09-16,2.0,104443,GY359994,Studio A5,290,No experience required,20,/images/dance-1.jpg
300370,Morning Dance Zumba Workshop,2025-06-25,2025-08-20,2.0,162490,GY325258,Studio A3,140,Basic fitness required,25,/images/dance-1.jpg
300195,Morning Pilates Reformer Session,2025-06-25,2025-09-17,2.0,111076,GY172723,Studio C3,190,No experience required,20,/images/pilates-1.jpg
300499,Evening Weightlifting Power Workshop,2025-06-25,2025-09-17,2.0,141209,GY366143,Studio C5,220,Medical clearance needed,20,/images/weightlifting-4.jpg
300090,Weekend Weightlifting Strength Program,2025-06-26,2025-07-24,2.0,101348,GY551278,Studio B3,290,Basic fitness required,20,/images/weightlifting-1.jpg
300122,Evening Weightlifting Technique Class,2025-06-26,2025-08-21,2.0,126578,GY435783,Studio A4,60,No experience required,25,/images/weightlifting-2.jpg
300316,Afternoon Dance Zumba Program,2025-06-26,2025-07-24,2.0,142294,GY649862,Studio B1,80,Medical clearance needed,20,/images/dance-5.jpg
300118,Weekend Dance Hip-hop Class,2025-06-26,2025-09-18,2.0,118464,GY158382,Studio B4,60,No experience required,20,/images/dance-5.jpg
300115,Afternoon Cycling Indoor Class,2025-06-26,2025-08-21,2.0,162531,GY365485,Studio B4,270,Basic fitness required,25,/images/cycling-3.jpg
300170,Morning Weightlifting Power Session,2025-06-27,2025-07-25,2.0,156976,GY807116,Studio C1,60,No experience required,15,/images/weightlifting-3.jpg
300283,Afternoon Weightlifting Strength Program,2025-06-27,2025-07-25,2.0,106635,GY873199,Studio B5,180,Basic fitness required,20,/images/weightlifting-5.jpg
300330,Afternoon Weightlifting Technique Class,2025-06-27,2025-09-19,2.0,152471,GY983612,Studio B4,240,No experience required,30,/images/weightlifting-1.jpg
300037,Evening Dance Zumba Session,2025-06-27,2025-08-22,2.0,127335,GY045588,Studio C5,120,Medical clearance needed,25,/images/dance-1.jpg
300131,Weekend Yoga Prenatal Session,2025-06-27,2025-08-22,2.0,105363,GY778134,Studio C1,60,Medical clearance needed,20,/images/yoga-2.jpg
300273,Afternoon Cycling HIIT Session,2025-06-28,2025-07-26,2.0,119465,GY655481,Studio B5,180,Medical clearance needed,30,/images/cycling-5.jpg
300218,Afternoon Weightlifting Olympic Workshop,2025-06-28,2025-08-23,2.0,150979,GY415430,Studio B5,150,Basic fitness required,25,/images/weightlifting-3.jpg
300025,Evening Yoga Prenatal Program,2025-06-28,2025-07-26,2.0,111399,GY697879,Studio A3,280,Basic fitness required,25,/images/yoga-4.jpg
300123,Morning Dance Zumba Class,2025-06-28,2025-08-23,2.0,105594,GY087507,Studio A1,230,Basic fitness required,25,/images/dance-3.jpg
300462,Morning Pilates Clinical Class,2025-06-28,2025-09-20,2.0,112834,GY628631,Studio B5,280,No experience required,25,/images/pilates-2.jpg
300086,Morning Pilates Clinical Session,2025-06-28,2025-07-26,2.0,106707,GY200061,Studio C3,210,Age 16+,25,/images/pilates-1.jpg
300184,Weekend Cycling Indoor Program,2025-06-29,2025-07-27,2.0,121522,GY549013,Studio B1,160,Medical clearance needed,20,/images/cycling-2.jpg
300282,Afternoon Martial Arts Boxing Program,2025-06-29,2025-08-24,2.0,166394,GY113587,Studio B5,300,Basic fitness required,20,/images/martial arts-3.jpg
300207,Afternoon Pilates Group Class,2025-06-29,2025-07-27,2.0,138151,GY701388,Studio B1,230,No experience required,20,/images/pilates-3.jpg
300124,Morning Weightlifting Technique Session,2025-06-29,2025-09-21,2.0,100479,GY045588,Studio B1,90,Medical clearance needed,20,/images/weightlifting-4.jpg
300280,Afternoon Martial Arts Kickboxing Program,2025-06-29,2025-07-27,2.0,101661,GY190425,Studio C5,90,Basic fitness required,20,/images/martial arts-5.jpg
300047,Evening Weightlifting Technique Workshop,2025-06-29,2025-09-21,2.0,109886,GY014722,Studio A3,120,No experience required,15,/images/weightlifting-1.jpg
300387,Weekend Weightlifting Olympic Workshop,2025-06-29,2025-09-21,2.0,130458,GY642998,Studio B1,60,Medical clearance needed,25,/images/weightlifting-1.jpg
300341,Weekend Yoga Advanced Session,2025-06-30,2025-08-25,2.0,166722,GY356059,Studio A3,270,Age 16+,30,/images/yoga-2.jpg
300004,Morning Yoga Advanced Workshop,2025-06-30,2025-08-25,2.0,163697,GY839193,Studio C2,260,No experience required,30,/images/yoga-2.jpg
300003,Afternoon Martial Arts Boxing Class,2025-06-30,2025-07-28,2.0,148902,GY722359,Studio C5,120,Basic fitness required,25,/images/martial arts-4.jpg
300060,Morning Pilates Clinical Session,2025-06-30,2025-09-22,2.0,119596,GY109009,Studio A1,190,Age 16+,15,/images/pilates-3.jpg
300040,Afternoon Pilates Clinical Session,2025-06-30,2025-08-25,2.0,156076,GY172723,Studio A4,180,Age 16+,30,/images/pilates-5.jpg
300416,Afternoon Martial Arts MMA Class,2025-06-30,2025-07-28,2.0,105441,GY579437,Studio A2,260,No experience required,20,/images/martial arts-1.jpg
300336,Evening Pilates Group Class,2025-06-30,2025-08-25,2.0,107592,GY975046,Studio B1,160,Age 16+,20,/images/pilates-4.jpg
300128,Morning Cycling HIIT Session,2025-06-30,2025-07-28,2.0,150702,GY476239,Studio A4,70,Medical clearance needed,25,/images/cycling-3.jpg
300137,Afternoon Martial Arts Kickboxing Workshop,2025-07-01,2025-07-29,2.0,143411,GY597873,Studio C2,120,Basic fitness required,25,/images/martial arts-1.jpg
300372,Evening Cycling Endurance Workshop,2025-07-01,2025-09-23,2.0,116906,GY797264,Studio C1,280,Basic fitness required,20,/images/cycling-3.jpg
300261,Evening Pilates Group Workshop,2025-07-01,2025-07-29,2.0,104311,GY811525,Studio B3,150,Age 16+,30,/images/pilates-5.jpg
300334,Afternoon Martial Arts Boxing Session,2025-07-01,2025-09-23,2.0,127833,GY673528,Studio C1,150,No experience required,30,/images/martial arts-2.jpg
300073,Weekend Dance Hip-hop Workshop,2025-07-01,2025-07-29,2.0,110646,GY240684,Studio A1,60,Medical clearance needed,15,/images/dance-1.jpg
300187,Morning Pilates Mat Class,2025-07-01,2025-07-29,2.0,124170,GY014429,Studio B1,110,Basic fitness required,30,/images/pilates-2.jpg
300205,Weekend Yoga Hot Workshop,2025-07-01,2025-09-23,2.0,149427,GY448309,Studio C2,260,Medical clearance needed,20,/images/yoga-1.jpg
300498,Afternoon Weightlifting Olympic Session,2025-07-02,2025-09-24,2.0,150144,GY014722,Studio A5,130,Medical clearance needed,30,/images/weightlifting-1.jpg
300175,Weekend Pilates Group Program,2025-07-02,2025-08-27,2.0,113444,GY337141,Studio B5,250,Medical clearance needed,25,/images/pilates-3.jpg
300451,Morning Dance Hip-hop Workshop,2025-07-02,2025-08-27,2.0,144173,GY147558,Studio B3,90,Age 16+,25,/images/dance-5.jpg
300397,Morning Weightlifting Olympic Workshop,2025-07-02,2025-07-30,2.0,153310,GY465252,Studio B2,140,No experience required,25,/images/weightlifting-3.jpg
300085,Afternoon Pilates Clinical Workshop,2025-07-02,2025-09-24,2.0,109763,GY916601,Studio C1,130,No experience required,30,/images/pilates-5.jpg
300313,Evening Pilates Group Program,2025-07-03,2025-07-31,2.0,116391,GY192714,Studio B2,170,Age 16+,25,/images/pilates-1.jpg
300139,Weekend Pilates Clinical Program,2025-07-03,2025-09-25,2.0,106483,GY302687,Studio B5,300,Basic fitness required,25,/images/pilates-1.jpg
300326,Afternoon Dance Zumba Session,2025-07-03,2025-07-31,2.0,113827,GY876173,Studio A1,60,Medical clearance needed,30,/images/dance-1.jpg
300337,Morning Cycling Endurance Class,2025-07-03,2025-09-25,2.0,137053,GY277165,Studio A1,270,No experience required,25,/images/cycling-1.jpg
300134,Weekend Dance Zumba Class,2025-07-04,2025-08-29,2.0,134541,GY067959,Studio C1,280,Age 16+,25,/images/dance-5.jpg
300418,Afternoon Martial Arts Kickboxing Workshop,2025-07-04,2025-08-01,2.0,168828,GY303867,Studio C4,210,Medical clearance needed,25,/images/martial arts-4.jpg
300020,Afternoon Cycling HIIT Program,2025-07-04,2025-08-29,2.0,136078,GY818689,Studio A5,100,Medical clearance needed,25,/images/cycling-3.jpg
300454,Weekend Martial Arts Boxing Session,2025-07-04,2025-08-29,2.0,114167,GY140012,Studio C3,160,Basic fitness required,20,/images/martial arts-3.jpg
300056,Morning Cycling HIIT Workshop,2025-07-04,2025-08-01,2.0,133257,GY092917,Studio C4,110,Age 16+,30,/images/cycling-1.jpg
300126,Evening Weightlifting Technique Session,2025-07-04,2025-08-01,2.0,113444,GY517270,Studio C1,240,Basic fitness required,25,/images/weightlifting-5.jpg
300171,Morning Yoga Advanced Workshop,2025-07-05,2025-08-02,2.0,135372,GY332801,Studio A4,60,Medical clearance needed,20,/images/yoga-5.jpg
300346,Weekend Dance Zumba Workshop,2025-07-05,2025-08-30,2.0,129504,GY185749,Studio B4,70,Basic fitness required,20,/images/dance-5.jpg
300490,Afternoon Cycling Indoor Session,2025-07-05,2025-09-27,2.0,150518,GY162174,Studio A4,80,Medical clearance needed,30,/images/cycling-3.jpg
300378,Morning Pilates Reformer Class,2025-07-05,2025-09-27,2.0,165060,GY347258,Studio A1,70,Age 16+,25,/images/pilates-1.jpg
300024,Evening Dance Aerobic Session,2025-07-05,2025-08-30,2.0,139791,GY108859,Studio C3,290,Basic fitness required,20,/images/dance-2.jpg
300265,Afternoon Dance Aerobic Session,2025-07-06,2025-08-03,2.0,161347,GY373056,Studio C5,230,Age 16+,30,/images/dance-1.jpg
300014,Afternoon Martial Arts Boxing Workshop,2025-07-06,2025-08-31,2.0,115864,GY685068,Studio B4,70,Age 16+,20,/images/martial arts-4.jpg
300399,Evening Weightlifting Strength Class,2025-07-06,2025-09-28,2.0,166903,GY570772,Studio C3,70,Medical clearance needed,30,/images/weightlifting-5.jpg
300274,Evening Weightlifting Olympic Workshop,2025-07-06,2025-08-31,2.0,109350,GY825727,Studio B2,110,Age 16+,30,/images/weightlifting-4.jpg
300141,Evening Yoga Hot Class,2025-07-06,2025-08-03,2.0,121075,GY810977,Studio A5,190,Basic fitness required,25,/images/yoga-5.jpg
300363,Morning Weightlifting Olympic Session,2025-07-07,2025-08-04,2.0,103868,GY441497,Studio A5,280,Age 16+,20,/images/weightlifting-1.jpg
300288,Evening Martial Arts Boxing Class,2025-07-07,2025-08-04,2.0,121558,GY031351,Studio C4,250,Basic fitness required,20,/images/martial arts-1.jpg
300165,Weekend Dance Aerobic Class,2025-07-07,2025-08-04,2.0,106195,GY453307,Studio B4,280,Age 16+,25,/images/dance-5.jpg
300151,Afternoon Cycling HIIT Workshop,2025-07-07,2025-09-01,2.0,134043,GY997152,Studio A1,80,Basic fitness required,20,/images/cycling-5.jpg
300461,Weekend Yoga Hot Workshop,2025-07-08,2025-09-02,2.0,148760,GY668178,Studio B4,210,Age 16+,20,/images/yoga-1.jpg
300356,Weekend Pilates Clinical Session,2025-07-08,2025-08-05,2.0,142458,GY543074,Studio A2,190,Medical clearance needed,20,/images/pilates-1.jpg
300439,Evening Dance Zumba Class,2025-07-08,2025-08-05,2.0,137718,GY515906,Studio C2,80,Basic fitness required,25,/images/dance-4.jpg
300264,Morning Martial Arts MMA Class,2025-07-08,2025-08-05,2.0,127295,GY004015,Studio A1,60,Medical clearance needed,25,/images/martial arts-4.jpg
300436,Morning Pilates Group Program,2025-07-08,2025-09-30,2.0,155463,GY344171,Studio A3,200,Age 16+,20,/images/pilates-4.jpg
300172,Morning Dance Hip-hop Class,2025-07-08,2025-09-30,2.0,135958,GY600098,Studio C5,260,No experience required,25,/images/dance-2.jpg
300081,Weekend Cycling HIIT Session,2025-07-08,2025-08-05,2.0,115843,GY401382,Studio B1,90,Medical clearance needed,25,/images/cycling-1.jpg
300217,Afternoon Pilates Clinical Workshop,2025-07-08,2025-09-30,2.0,154515,GY402288,Studio C3,50,Age 16+,20,/images/pilates-4.jpg
300064,Evening Yoga Hot Class,2025-07-08,2025-09-30,2.0,105959,GY656332,Studio A1,50,Basic fitness required,20,/images/yoga-1.jpg
300159,Evening Dance Hip-hop Session,2025-07-08,2025-09-30,2.0,140147,GY274837,Studio A5,250,No experience required,25,/images/dance-5.jpg
300096,Evening Yoga Prenatal Program,2025-07-09,2025-08-06,2.0,144640,GY165618,Studio A3,130,Basic fitness required,25,/images/yoga-2.jpg
300097,Weekend Yoga Hot Class,2025-07-09,2025-10-01,2.0,135017,GY904171,Studio B3,190,Age 16+,30,/images/yoga-4.jpg
300111,Afternoon Yoga Prenatal Class,2025-07-09,2025-08-06,2.0,159556,GY227230,Studio C2,170,Basic fitness required,15,/images/yoga-1.jpg
300101,Evening Pilates Mat Program,2025-07-09,2025-10-01,2.0,111551,GY351601,Studio B3,130,Basic fitness required,25,/images/pilates-4.jpg
300463,Weekend Martial Arts MMA Program,2025-07-09,2025-10-01,2.0,146154,GY568912,Studio A5,110,No experience required,30,/images/martial arts-5.jpg
300377,Weekend Yoga Intermediate Class,2025-07-09,2025-09-03,2.0,159671,GY765044,Studio A3,180,Age 16+,25,/images/yoga-5.jpg
300374,Evening Cycling HIIT Workshop,2025-07-10,2025-09-04,2.0,109849,GY876173,Studio A5,170,Medical clearance needed,20,/images/cycling-3.jpg
300231,Morning Cycling Endurance Workshop,2025-07-10,2025-08-07,2.0,136867,GY939009,Studio A4,180,Age 16+,15,/images/cycling-4.jpg
300087,Morning Dance Hip-hop Session,2025-07-10,2025-08-07,2.0,135872,GY226861,Studio A1,180,Medical clearance needed,20,/images/dance-3.jpg
300332,Evening Dance Hip-hop Session,2025-07-10,2025-09-04,2.0,141202,GY544543,Studio C1,280,Basic fitness required,25,/images/dance-2.jpg
300193,Morning Martial Arts Boxing Class,2025-07-10,2025-09-04,2.0,136651,GY917872,Studio A4,230,Medical clearance needed,15,/images/martial arts-1.jpg
300281,Afternoon Yoga Prenatal Session,2025-07-10,2025-10-02,2.0,147205,GY375318,Studio B5,100,No experience required,20,/images/yoga-3.jpg
300199,Afternoon Yoga Beginner Program,2025-07-10,2025-09-04,2.0,158162,GY108859,Studio B2,170,Basic fitness required,25,/images/yoga-1.jpg
300375,Morning Pilates Reformer Class,2025-07-10,2025-09-04,2.0,163936,GY952752,Studio A2,60,Age 16+,20,/images/pilates-1.jpg
300119,Weekend Weightlifting Technique Program,2025-07-11,2025-10-03,2.0,167966,GY508075,Studio B2,70,Age 16+,15,/images/weightlifting-1.jpg
300447,Afternoon Cycling HIIT Workshop,2025-07-12,2025-08-09,2.0,142440,GY823410,Studio A4,270,Age 16+,30,/images/cycling-3.jpg
300167,Weekend Cycling HIIT Workshop,2025-07-12,2025-08-09,2.0,125008,GY607791,Studio A4,260,No experience required,20,/images/cycling-2.jpg
300010,Weekend Weightlifting Technique Program,2025-07-12,2025-10-04,2.0,119313,GY016662,Studio B2,190,No experience required,30,/images/weightlifting-2.jpg
300347,Afternoon Yoga Prenatal Workshop,2025-07-12,2025-09-06,2.0,117831,GY277165,Studio C5,250,Age 16+,20,/images/yoga-2.jpg
300008,Weekend Yoga Advanced Program,2025-07-12,2025-10-04,2.0,133935,GY019820,Studio C2,90,Medical clearance needed,25,/images/yoga-1.jpg
300255,Evening Yoga Advanced Session,2025-07-12,2025-08-09,2.0,145890,GY254010,Studio B2,80,Basic fitness required,20,/images/yoga-5.jpg
300183,Evening Weightlifting Strength Class,2025-07-12,2025-08-09,2.0,138844,GY215386,Studio A1,110,Medical clearance needed,20,/images/weightlifting-5.jpg
300212,Weekend Dance Hip-hop Session,2025-07-13,2025-10-05,2.0,107580,GY610752,Studio C1,90,Age 16+,30,/images/dance-2.jpg
300220,Morning Weightlifting Olympic Workshop,2025-07-13,2025-10-05,2.0,147245,GY827105,Studio C1,220,Age 16+,20,/images/weightlifting-3.jpg
300487,Weekend Dance Zumba Class,2025-07-13,2025-10-05,2.0,150319,GY517270,Studio C3,120,Medical clearance needed,25,/images/dance-2.jpg
300202,Weekend Cycling Endurance Class,2025-07-13,2025-10-05,2.0,133985,GY445282,Studio B1,50,Age 16+,25,/images/cycling-3.jpg
300331,Morning Martial Arts Boxing Class,2025-07-13,2025-09-07,2.0,163284,GY560133,Studio A5,270,Age 16+,15,/images/martial arts-5.jpg
300051,Morning Yoga Advanced Class,2025-07-13,2025-09-07,2.0,121714,GY843590,Studio C5,180,Age 16+,15,/images/yoga-2.jpg
300464,Afternoon Yoga Prenatal Workshop,2025-07-13,2025-09-07,2.0,103077,GY560133,Studio A4,50,No experience required,20,/images/yoga-2.jpg
300147,Weekend Weightlifting Power Session,2025-07-13,2025-09-07,2.0,155143,GY628211,Studio A5,130,Medical clearance needed,15,/images/weightlifting-1.jpg
300068,Morning Martial Arts Kickboxing Class,2025-07-13,2025-09-07,2.0,154304,GY598923,Studio C2,140,Age 16+,20,/images/martial arts-4.jpg
300390,Weekend Weightlifting Technique Workshop,2025-07-13,2025-09-07,2.0,107428,GY150531,Studio C5,220,Age 16+,25,/images/weightlifting-5.jpg
300247,Evening Cycling HIIT Session,2025-07-13,2025-10-05,2.0,160668,GY241406,Studio B3,170,No experience required,30,/images/cycling-3.jpg
300237,Weekend Pilates Mat Workshop,2025-07-13,2025-08-10,2.0,127679,GY589724,Studio B5,130,Medical clearance needed,20,/images/pilates-2.jpg
300041,Morning Weightlifting Power Workshop,2025-07-13,2025-08-10,2.0,128252,GY839193,Studio A1,270,Age 16+,20,/images/weightlifting-3.jpg
300181,Morning Martial Arts Boxing Class,2025-07-14,2025-08-11,2.0,168403,GY252688,Studio A5,200,Medical clearance needed,20,/images/martial arts-3.jpg
300045,Evening Martial Arts Boxing Class,2025-07-15,2025-08-12,2.0,168079,GY585321,Studio B3,120,Age 16+,30,/images/martial arts-4.jpg
300305,Afternoon Dance Zumba Session,2025-07-15,2025-10-07,2.0,168506,GY386651,Studio A1,210,No experience required,20,/images/dance-5.jpg
300236,Afternoon Pilates Mat Program,2025-07-15,2025-09-09,2.0,166827,GY925640,Studio C1,180,Basic fitness required,25,/images/pilates-5.jpg
300105,Weekend Yoga Intermediate Session,2025-07-15,2025-09-09,2.0,146679,GY192714,Studio B4,70,Age 16+,30,/images/yoga-4.jpg
300009,Afternoon Pilates Reformer Workshop,2025-07-15,2025-08-12,2.0,121362,GY900421,Studio C4,120,Medical clearance needed,20,/images/pilates-2.jpg
300258,Afternoon Martial Arts Kickboxing Session,2025-07-15,2025-09-09,2.0,157947,GY983808,Studio B4,210,Age 16+,30,/images/martial arts-2.jpg
300315,Afternoon Dance Hip-hop Program,2025-07-16,2025-09-10,2.0,107932,GY256704,Studio B1,180,No experience required,20,/images/dance-3.jpg
300001,Evening Weightlifting Strength Workshop,2025-07-16,2025-10-08,2.0,133059,GY673528,Studio C2,250,Basic fitness required,25,/images/weightlifting-1.jpg
300368,Afternoon Cycling Indoor Program,2025-07-16,2025-08-13,2.0,167531,GY411712,Studio B5,100,Basic fitness required,20,/images/cycling-4.jpg
300296,Weekend Cycling Endurance Session,2025-07-16,2025-08-13,2.0,107180,GY277306,Studio C3,190,Age 16+,30,/images/cycling-5.jpg
300351,Morning Martial Arts MMA Class,2025-07-16,2025-08-13,2.0,119465,GY024519,Studio C3,240,Medical clearance needed,25,/images/martial arts-2.jpg
300158,Evening Weightlifting Power Class,2025-07-16,2025-09-10,2.0,106953,GY306120,Studio A5,220,No experience required,25,/images/weightlifting-1.jpg
300253,Afternoon Cycling Endurance Workshop,2025-07-16,2025-08-13,2.0,143339,GY196210,Studio C4,260,Medical clearance needed,20,/images/cycling-4.jpg
300320,Afternoon Weightlifting Technique Program,2025-07-16,2025-08-13,2.0,136550,GY851045,Studio B4,290,Medical clearance needed,20,/images/weightlifting-2.jpg
300182,Morning Pilates Group Workshop,2025-07-16,2025-09-10,2.0,135830,GY394763,Studio C2,160,Medical clearance needed,15,/images/pilates-3.jpg
300380,Morning Cycling Indoor Workshop,2025-07-17,2025-10-09,2.0,159908,GY094450,Studio C4,120,Medical clearance needed,25,/images/cycling-1.jpg
300317,Afternoon Yoga Advanced Program,2025-07-17,2025-10-09,2.0,150896,GY418725,Studio C4,180,No experience required,20,/images/yoga-1.jpg
300244,Evening Martial Arts MMA Program,2025-07-17,2025-10-09,2.0,146475,GY137662,Studio C3,300,No experience required,25,/images/martial arts-4.jpg
300210,Morning Weightlifting Olympic Program,2025-07-17,2025-09-11,2.0,163193,GY260917,Studio A5,190,Basic fitness required,20,/images/weightlifting-3.jpg
300018,Afternoon Weightlifting Technique Class,2025-07-17,2025-10-09,2.0,143267,GY655481,Studio C2,90,Age 16+,15,/images/weightlifting-5.jpg
300240,Morning Weightlifting Olympic Workshop,2025-07-17,2025-10-09,2.0,126304,GY484510,Studio B1,200,No experience required,30,/images/weightlifting-1.jpg
300023,Weekend Martial Arts Boxing Program,2025-07-17,2025-09-11,2.0,115874,GY601717,Studio A3,260,Basic fitness required,15,/images/martial arts-3.jpg
300102,Morning Weightlifting Strength Program,2025-07-18,2025-08-15,2.0,150991,GY125459,Studio A1,130,No experience required,15,/images/weightlifting-2.jpg
300243,Evening Yoga Beginner Session,2025-07-18,2025-10-10,2.0,169909,GY873199,Studio C3,230,Medical clearance needed,25,/images/yoga-4.jpg
300142,Evening Yoga Advanced Class,2025-07-18,2025-10-10,2.0,138792,GY790981,Studio A4,130,Age 16+,30,/images/yoga-3.jpg
300155,Afternoon Martial Arts MMA Program,2025-07-18,2025-09-12,2.0,110776,GY492776,Studio C2,110,Basic fitness required,25,/images/martial arts-3.jpg
300190,Morning Cycling Indoor Workshop,2025-07-18,2025-10-10,2.0,167171,GY365485,Studio B2,290,Medical clearance needed,25,/images/cycling-1.jpg
300286,Morning Dance Hip-hop Program,2025-07-18,2025-08-15,2.0,128338,GY051525,Studio C2,140,Medical clearance needed,30,/images/dance-3.jpg
300194,Evening Weightlifting Technique Session,2025-07-18,2025-08-15,2.0,104912,GY717025,Studio B1,250,Medical clearance needed,20,/images/weightlifting-3.jpg
300007,Afternoon Martial Arts Kickboxing Workshop,2025-07-18,2025-09-12,2.0,162851,GY165387,Studio A2,240,Age 16+,30,/images/martial arts-3.jpg
300188,Morning Pilates Group Workshop,2025-07-18,2025-08-15,2.0,125691,GY593944,Studio A2,240,Medical clearance needed,30,/images/pilates-1.jpg
300250,Morning Cycling HIIT Session,2025-07-19,2025-08-16,2.0,119575,GY337594,Studio A1,270,No experience required,20,/images/cycling-5.jpg
300359,Afternoon Martial Arts MMA Session,2025-07-19,2025-10-11,2.0,160010,GY397360,Studio B4,80,Basic fitness required,20,/images/martial arts-5.jpg
300259,Evening Yoga Intermediate Program,2025-07-19,2025-10-11,2.0,101468,GY809011,Studio B5,280,No experience required,30,/images/yoga-1.jpg
300358,Morning Dance Zumba Program,2025-07-19,2025-10-11,2.0,122967,GY553231,Studio A2,290,Age 16+,20,/images/dance-2.jpg
300062,Weekend Dance Zumba Class,2025-07-19,2025-10-11,2.0,158218,GY907898,Studio A3,290,No experience required,15,/images/dance-5.jpg
300129,Weekend Yoga Hot Program,2025-07-19,2025-09-13,2.0,165148,GY113587,Studio A5,280,Basic fitness required,20,/images/yoga-1.jpg
300164,Weekend Yoga Intermediate Class,2025-07-19,2025-10-11,2.0,134043,GY758125,Studio B2,190,Age 16+,20,/images/yoga-3.jpg
300103,Evening Cycling HIIT Program,2025-07-19,2025-08-16,2.0,164448,GY465252,Studio B3,120,Basic fitness required,25,/images/cycling-4.jpg
300442,Weekend Yoga Advanced Session,2025-07-19,2025-09-13,2.0,118868,GY981817,Studio B1,220,No experience required,20,/images/yoga-5.jpg
300049,Evening Dance Aerobic Program,2025-07-20,2025-10-12,2.0,120267,GY113587,Studio C5,260,Basic fitness required,20,/images/dance-3.jpg
300006,Weekend Pilates Clinical Program,2025-07-20,2025-08-17,2.0,119911,GY598203,Studio A5,120,Age 16+,20,/images/pilates-3.jpg
300216,Morning Cycling HIIT Class,2025-07-20,2025-09-14,2.0,151891,GY394763,Studio A4,140,Basic fitness required,20,/images/cycling-4.jpg
300434,Morning Pilates Group Program,2025-07-20,2025-10-12,2.0,161513,GY066144,Studio C5,200,No experience required,25,/images/pilates-1.jpg
300130,Afternoon Cycling HIIT Program,2025-07-20,2025-08-17,2.0,145869,GY990624,Studio B4,250,Age 16+,20,/images/cycling-4.jpg
300488,Weekend Cycling HIIT Class,2025-07-20,2025-08-17,2.0,139410,GY926866,Studio A1,100,Medical clearance needed,25,/images/cycling-2.jpg
300415,Weekend Pilates Reformer Workshop,2025-07-21,2025-09-15,2.0,164860,GY603770,Studio C3,270,Basic fitness required,25,/images/pilates-2.jpg
300016,Evening Cycling HIIT Workshop,2025-07-21,2025-10-13,2.0,159955,GY170177,Studio A2,130,Basic fitness required,25,/images/cycling-2.jpg
300420,Weekend Pilates Mat Class,2025-07-21,2025-08-18,2.0,122120,GY975046,Studio A4,180,No experience required,20,/images/pilates-3.jpg
300157,Afternoon Pilates Group Workshop,2025-07-21,2025-10-13,2.0,120201,GY773201,Studio B4,230,No experience required,25,/images/pilates-5.jpg
300146,Weekend Pilates Reformer Program,2025-07-21,2025-08-18,2.0,106099,GY526081,Studio B5,270,No experience required,20,/images/pilates-1.jpg
300256,Evening Weightlifting Olympic Workshop,2025-07-21,2025-10-13,2.0,117502,GY974567,Studio A5,200,Basic fitness required,25,/images/weightlifting-2.jpg
300177,Afternoon Martial Arts Kickboxing Class,2025-07-21,2025-08-18,2.0,153048,GY402288,Studio C1,90,Age 16+,30,/images/martial arts-5.jpg
300272,Afternoon Dance Aerobic Class,2025-07-22,2025-09-16,2.0,138844,GY277022,Studio A2,280,No experience required,25,/images/dance-2.jpg
300342,Morning Dance Zumba Class,2025-07-22,2025-10-14,2.0,154422,GY732992,Studio B4,250,Age 16+,15,/images/dance-1.jpg
300473,Morning Pilates Clinical Workshop,2025-07-22,2025-08-19,2.0,133167,GY923193,Studio B1,70,Medical clearance needed,20,/images/pilates-3.jpg
300293,Morning Weightlifting Power Session,2025-07-23,2025-10-15,2.0,141080,GY351233,Studio C4,130,Basic fitness required,25,/images/weightlifting-5.jpg
300232,Evening Martial Arts MMA Class,2025-07-23,2025-09-17,2.0,144030,GY881226,Studio C1,220,Basic fitness required,30,/images/martial arts-2.jpg
300327,Weekend Martial Arts MMA Workshop,2025-07-23,2025-08-20,2.0,125215,GY784236,Studio C3,80,Medical clearance needed,30,/images/martial arts-3.jpg
300289,Morning Yoga Hot Program,2025-07-23,2025-10-15,2.0,121237,GY203858,Studio C2,230,No experience required,25,/images/yoga-2.jpg
300350,Afternoon Martial Arts Boxing Program,2025-07-24,2025-08-21,2.0,169557,GY510295,Studio B4,100,Age 16+,20,/images/martial arts-3.jpg
300166,Morning Pilates Clinical Workshop,2025-07-24,2025-09-18,2.0,139130,GY194251,Studio A5,180,Age 16+,20,/images/pilates-3.jpg
300312,Weekend Dance Hip-hop Program,2025-07-25,2025-08-22,2.0,117370,GY818689,Studio A3,190,Medical clearance needed,20,/images/dance-4.jpg
300361,Weekend Martial Arts MMA Program,2025-07-25,2025-09-19,2.0,129142,GY568453,Studio C4,190,No experience required,25,/images/martial arts-4.jpg
300299,Weekend Pilates Reformer Program,2025-07-25,2025-08-22,2.0,107058,GY926671,Studio C4,210,Medical clearance needed,25,/images/pilates-3.jpg
300174,Afternoon Pilates Reformer Session,2025-07-25,2025-10-17,2.0,139212,GY484389,Studio C1,300,Age 16+,30,/images/pilates-1.jpg
300354,Evening Pilates Mat Program,2025-07-26,2025-10-18,2.0,169152,GY749814,Studio B1,60,No experience required,20,/images/pilates-5.jpg
300431,Afternoon Martial Arts Kickboxing Workshop,2025-07-26,2025-09-20,2.0,150413,GY610752,Studio C4,250,Age 16+,20,/images/martial arts-1.jpg
300353,Weekend Yoga Intermediate Workshop,2025-07-26,2025-08-23,2.0,156076,GY162917,Studio C1,90,Age 16+,25,/images/yoga-4.jpg
300121,Morning Weightlifting Power Session,2025-07-26,2025-09-20,2.0,110982,GY286922,Studio C4,80,Age 16+,20,/images/weightlifting-3.jpg
300230,Weekend Pilates Reformer Workshop,2025-07-26,2025-08-23,2.0,115190,GY408088,Studio B4,240,Medical clearance needed,25,/images/pilates-4.jpg
300152,Afternoon Pilates Mat Class,2025-07-26,2025-09-20,2.0,125915,GY240684,Studio C4,250,Age 16+,20,/images/pilates-1.jpg
300173,Weekend Martial Arts MMA Class,2025-07-27,2025-08-24,2.0,123569,GY579437,Studio C4,150,Medical clearance needed,25,/images/martial arts-4.jpg
300333,Weekend Yoga Prenatal Workshop,2025-07-27,2025-08-24,2.0,128317,GY238305,Studio A1,290,No experience required,20,/images/yoga-1.jpg
300419,Evening Martial Arts MMA Class,2025-07-27,2025-10-19,2.0,143426,GY543074,Studio C5,190,Basic fitness required,20,/images/martial arts-4.jpg
300470,Morning Yoga Advanced Workshop,2025-07-27,2025-09-21,2.0,144086,GY997533,Studio C5,160,Age 16+,25,/images/yoga-4.jpg
300306,Morning Pilates Clinical Workshop,2025-07-28,2025-08-25,2.0,112185,GY549013,Studio C3,190,No experience required,30,/images/pilates-2.jpg
300349,Afternoon Cycling Endurance Class,2025-07-29,2025-08-26,2.0,127861,GY092753,Studio C4,210,Medical clearance needed,20,/images/cycling-3.jpg
300169,Afternoon Dance Hip-hop Session,2025-07-29,2025-10-21,2.0,112169,GY094450,Studio B2,300,No experience required,20,/images/dance-5.jpg
300401,Weekend Dance Hip-hop Session,2025-07-29,2025-09-23,2.0,135372,GY407162,Studio C2,90,Basic fitness required,25,/images/dance-3.jpg
300443,Weekend Cycling Indoor Session,2025-07-29,2025-08-26,2.0,100822,GY855806,Studio C3,260,Medical clearance needed,25,/images/cycling-5.jpg
300116,Weekend Pilates Mat Session,2025-07-29,2025-10-21,2.0,149561,GY294432,Studio A2,100,Age 16+,15,/images/pilates-4.jpg
300109,Evening Yoga Prenatal Session,2025-07-29,2025-08-26,2.0,169700,GY203253,Studio A2,170,Age 16+,15,/images/yoga-4.jpg
300301,Weekend Pilates Reformer Workshop,2025-07-30,2025-09-24,2.0,152119,GY079541,Studio C5,60,Basic fitness required,20,/images/pilates-4.jpg
300468,Morning Dance Aerobic Class,2025-07-30,2025-10-22,2.0,106791,GY094179,Studio B5,90,Medical clearance needed,20,/images/dance-2.jpg
300352,Afternoon Weightlifting Strength Program,2025-07-30,2025-10-22,2.0,140234,GY845841,Studio B1,70,Age 16+,25,/images/weightlifting-3.jpg
300154,Weekend Cycling Endurance Class,2025-07-30,2025-10-22,2.0,133081,GY629605,Studio C3,180,Age 16+,30,/images/cycling-2.jpg
300254,Morning Pilates Group Program,2025-07-30,2025-10-22,2.0,141053,GY217388,Studio C4,150,Medical clearance needed,30,/images/pilates-1.jpg
300478,Afternoon Yoga Advanced Class,2025-07-31,2025-08-28,2.0,100914,GY620034,Studio C2,160,Age 16+,20,/images/yoga-4.jpg
300268,Afternoon Martial Arts Boxing Class,2025-07-31,2025-10-23,2.0,146720,GY990624,Studio A5,210,Medical clearance needed,25,/images/martial arts-3.jpg
300021,Afternoon Weightlifting Technique Workshop,2025-07-31,2025-09-25,2.0,125935,GY941166,Studio C4,60,Medical clearance needed,20,/images/weightlifting-4.jpg
300310,Morning Cycling HIIT Program,2025-07-31,2025-08-28,2.0,110317,GY424769,Studio C4,130,Basic fitness required,30,/images/cycling-3.jpg
300376,Weekend Dance Aerobic Class,2025-07-31,2025-10-23,2.0,162561,GY544821,Studio B2,100,Medical clearance needed,25,/images/dance-3.jpg
300355,Afternoon Pilates Clinical Program,2025-08-01,2025-10-24,2.0,115171,GY169247,Studio B1,90,No experience required,25,/images/pilates-1.jpg
300412,Morning Dance Hip-hop Workshop,2025-08-01,2025-09-26,2.0,100897,GY567008,Studio C1,260,Basic fitness required,20,/images/dance-4.jpg
300061,Morning Dance Aerobic Program,2025-08-01,2025-10-24,2.0,154321,GY837054,Studio C5,150,Medical clearance needed,25,/images/dance-5.jpg
300222,Afternoon Martial Arts Boxing Workshop,2025-08-01,2025-10-24,2.0,137694,GY249484,Studio A1,80,Basic fitness required,25,/images/martial arts-3.jpg
300125,Morning Yoga Prenatal Workshop,2025-08-01,2025-09-26,2.0,117541,GY619450,Studio A5,160,Age 16+,30,/images/yoga-4.jpg
300092,Evening Cycling Indoor Class,2025-08-01,2025-08-29,2.0,106309,GY383917,Studio B1,220,No experience required,20,/images/cycling-4.jpg
300069,Evening Yoga Hot Program,2025-08-01,2025-09-26,2.0,111967,GY167302,Studio A2,120,No experience required,20,/images/yoga-5.jpg
300428,Afternoon Yoga Hot Workshop,2025-08-01,2025-08-29,2.0,154878,GY926866,Studio B4,250,Medical clearance needed,25,/images/yoga-4.jpg
300153,Afternoon Weightlifting Olympic Class,2025-08-01,2025-09-26,2.0,101282,GY277306,Studio A4,100,Medical clearance needed,20,/images/weightlifting-3.jpg
300297,Morning Pilates Reformer Session,2025-08-01,2025-08-29,2.0,114958,GY568453,Studio A2,260,No experience required,30,/images/pilates-5.jpg
300127,Afternoon Weightlifting Technique Workshop,2025-08-02,2025-09-27,2.0,100729,GY976894,Studio A5,220,No experience required,20,/images/weightlifting-2.jpg
300251,Evening Pilates Mat Class,2025-08-02,2025-10-25,2.0,143875,GY939009,Studio B3,200,No experience required,25,/images/pilates-3.jpg
300267,Afternoon Dance Hip-hop Program,2025-08-02,2025-10-25,2.0,123578,GY522523,Studio A4,290,Medical clearance needed,25,/images/dance-3.jpg
300481,Weekend Yoga Intermediate Session,2025-08-02,2025-08-30,2.0,123617,GY810977,Studio A4,150,Basic fitness required,25,/images/yoga-2.jpg
300421,Afternoon Yoga Prenatal Session,2025-08-02,2025-08-30,2.0,105371,GY162142,Studio B2,90,Medical clearance needed,15,/images/yoga-4.jpg
300197,Afternoon Pilates Group Class,2025-08-02,2025-08-30,2.0,127560,GY697288,Studio B3,200,Age 16+,30,/images/pilates-5.jpg
300388,Weekend Weightlifting Technique Workshop,2025-08-03,2025-10-26,2.0,104377,GY139886,Studio A1,240,Basic fitness required,25,/images/weightlifting-2.jpg
300366,Morning Cycling Endurance Workshop,2025-08-03,2025-08-31,2.0,124601,GY962625,Studio A3,150,Age 16+,25,/images/cycling-5.jpg
300046,Morning Pilates Mat Session,2025-08-03,2025-09-28,2.0,117237,GY585238,Studio B3,60,No experience required,25,/images/pilates-4.jpg
300039,Weekend Dance Aerobic Workshop,2025-08-03,2025-08-31,2.0,112531,GY543074,Studio A4,120,No experience required,20,/images/dance-5.jpg
300057,Afternoon Weightlifting Power Class,2025-08-03,2025-08-31,2.0,107751,GY355492,Studio B3,120,Basic fitness required,15,/images/weightlifting-1.jpg
300433,Weekend Yoga Beginner Program,2025-08-04,2025-09-01,2.0,139780,GY654375,Studio B5,90,Age 16+,20,/images/yoga-2.jpg
300000,Evening Yoga Hot Session,2025-08-04,2025-10-27,2.0,142619,GY807116,Studio A2,180,Age 16+,25,/images/yoga-5.jpg
300162,Weekend Weightlifting Power Class,2025-08-04,2025-09-01,2.0,116544,GY673528,Studio B5,180,Age 16+,20,/images/weightlifting-3.jpg
300204,Weekend Martial Arts MMA Session,2025-08-04,2025-09-01,2.0,118178,GY777814,Studio A2,200,Age 16+,30,/images/martial arts-4.jpg
300063,Weekend Pilates Group Class,2025-08-04,2025-10-27,2.0,127585,GY655481,Studio A1,130,Medical clearance needed,30,/images/pilates-1.jpg
300201,Weekend Cycling Indoor Workshop,2025-08-04,2025-10-27,2.0,133005,GY060945,Studio B3,270,Medical clearance needed,30,/images/cycling-5.jpg
300035,Morning Martial Arts Kickboxing Workshop,2025-08-05,2025-09-30,2.0,136552,GY700482,Studio A3,210,Basic fitness required,25,/images/martial arts-1.jpg
300033,Evening Yoga Intermediate Program,2025-08-05,2025-09-02,2.0,144655,GY553231,Studio C5,270,Age 16+,20,/images/yoga-1.jpg
300211,Morning Cycling Endurance Program,2025-08-05,2025-09-30,2.0,155099,GY240684,Studio B2,270,Age 16+,20,/images/cycling-5.jpg
300091,Weekend Dance Zumba Session,2025-08-05,2025-09-30,2.0,125693,GY584202,Studio A3,280,Basic fitness required,25,/images/dance-4.jpg
300479,Evening Yoga Hot Workshop,2025-08-05,2025-10-28,2.0,161727,GY656332,Studio B3,240,Medical clearance needed,20,/images/yoga-3.jpg
300284,Evening Yoga Intermediate Class,2025-08-05,2025-10-28,2.0,124979,GY229648,Studio B5,200,Medical clearance needed,20,/images/yoga-2.jpg
300050,Morning Dance Aerobic Class,2025-08-05,2025-09-30,2.0,115131,GY133842,Studio B4,270,Age 16+,20,/images/dance-4.jpg
300029,Morning Weightlifting Strength Session,2025-08-06,2025-10-29,2.0,150455,GY701700,Studio A1,300,No experience required,25,/images/weightlifting-2.jpg
300028,Weekend Yoga Prenatal Session,2025-08-06,2025-10-01,2.0,105653,GY700482,Studio B2,270,Basic fitness required,30,/images/yoga-3.jpg
300445,Weekend Weightlifting Strength Class,2025-08-06,2025-10-29,2.0,128250,GY610696,Studio A1,160,No experience required,30,/images/weightlifting-1.jpg
300241,Weekend Yoga Advanced Program,2025-08-06,2025-10-29,2.0,158348,GY598203,Studio A1,150,Basic fitness required,25,/images/yoga-4.jpg
300013,Afternoon Yoga Prenatal Session,2025-08-07,2025-10-02,2.0,162199,GY362747,Studio B3,60,Basic fitness required,20,/images/yoga-5.jpg
300485,Morning Yoga Advanced Program,2025-08-07,2025-09-04,2.0,107059,GY702857,Studio B3,130,No experience required,20,/images/yoga-4.jpg
300423,Afternoon Cycling Indoor Class,2025-08-07,2025-10-02,2.0,166955,GY154296,Studio C1,280,Age 16+,20,/images/cycling-1.jpg
300308,Evening Dance Hip-hop Session,2025-08-08,2025-10-31,2.0,103955,GY661179,Studio A2,280,Basic fitness required,25,/images/dance-1.jpg
300426,Afternoon Dance Hip-hop Session,2025-08-08,2025-10-03,2.0,145180,GY853858,Studio C1,130,No experience required,30,/images/dance-4.jpg
300221,Weekend Yoga Prenatal Class,2025-08-08,2025-10-03,2.0,156608,GY798625,Studio C5,250,Basic fitness required,25,/images/yoga-4.jpg
300058,Weekend Weightlifting Olympic Class,2025-08-08,2025-10-03,2.0,132674,GY975046,Studio A3,130,Medical clearance needed,20,/images/weightlifting-1.jpg
300480,Morning Pilates Clinical Session,2025-08-08,2025-09-05,2.0,165737,GY766200,Studio C1,150,Medical clearance needed,30,/images/pilates-3.jpg
300192,Morning Yoga Prenatal Program,2025-08-08,2025-09-05,2.0,158548,GY515906,Studio B5,250,No experience required,25,/images/yoga-4.jpg
300191,Evening Martial Arts Boxing Class,2025-08-08,2025-09-05,2.0,113730,GY539748,Studio B1,150,Medical clearance needed,20,/images/martial arts-4.jpg
300229,Evening Dance Aerobic Class,2025-08-08,2025-10-03,2.0,101944,GY991564,Studio C1,120,No experience required,20,/images/dance-4.jpg
300486,Evening Yoga Beginner Session,2025-08-09,2025-10-04,2.0,113354,GY535554,Studio B5,220,Age 16+,25,/images/yoga-2.jpg
300285,Morning Martial Arts MMA Workshop,2025-08-09,2025-10-04,2.0,131925,GY544821,Studio A2,150,Basic fitness required,15,/images/martial arts-2.jpg
300072,Afternoon Pilates Clinical Class,2025-08-09,2025-11-01,2.0,104660,GY602921,Studio C4,270,Age 16+,25,/images/pilates-2.jpg
300386,Morning Martial Arts Kickboxing Class,2025-08-09,2025-09-06,2.0,145838,GY407162,Studio B5,90,No experience required,20,/images/martial arts-1.jpg
300031,Weekend Yoga Beginner Class,2025-08-09,2025-10-04,2.0,156854,GY554797,Studio B5,200,Age 16+,20,/images/yoga-4.jpg
300143,Afternoon Yoga Advanced Session,2025-08-10,2025-11-02,2.0,169301,GY843590,Studio A3,200,Age 16+,25,/images/yoga-1.jpg
300098,Weekend Cycling Endurance Class,2025-08-10,2025-10-05,2.0,159183,GY014429,Studio B3,190,Medical clearance needed,20,/images/cycling-2.jpg
300176,Evening Dance Hip-hop Session,2025-08-11,2025-11-03,2.0,159745,GY229648,Studio A2,80,No experience required,25,/images/dance-2.jpg
300424,Evening Dance Aerobic Session,2025-08-11,2025-11-03,2.0,169650,GY575682,Studio C1,50,Medical clearance needed,20,/images/dance-4.jpg
300422,Morning Martial Arts Boxing Class,2025-08-11,2025-10-06,2.0,146779,GY693439,Studio B2,270,Basic fitness required,20,/images/martial arts-4.jpg
300469,Afternoon Martial Arts Kickboxing Session,2025-08-11,2025-10-06,2.0,103262,GY165618,Studio B2,150,Age 16+,15,/images/martial arts-4.jpg
300404,Weekend Yoga Advanced Session,2025-08-11,2025-10-06,2.0,114721,GY381068,Studio A3,60,Basic fitness required,25,/images/yoga-4.jpg
300340,Weekend Cycling Indoor Class,2025-08-12,2025-11-04,2.0,121361,GY584755,Studio A3,250,Age 16+,20,/images/cycling-5.jpg
300484,Morning Yoga Prenatal Class,2025-08-12,2025-09-09,2.0,118178,GY285855,Studio C4,70,Basic fitness required,20,/images/yoga-4.jpg
300094,Weekend Pilates Group Program,2025-08-12,2025-11-04,2.0,103676,GY549013,Studio B4,70,Age 16+,20,/images/pilates-3.jpg
300052,Evening Cycling Indoor Program,2025-08-12,2025-09-09,2.0,101800,GY261274,Studio C5,290,No experience required,30,/images/cycling-3.jpg
300491,Morning Weightlifting Strength Class,2025-08-13,2025-09-10,2.0,115272,GY372155,Studio A4,140,Basic fitness required,25,/images/weightlifting-2.jpg
300392,Morning Weightlifting Olympic Workshop,2025-08-13,2025-10-08,2.0,114289,GY619450,Studio B2,160,Medical clearance needed,20,/images/weightlifting-1.jpg
300011,Afternoon Cycling Endurance Class,2025-08-13,2025-11-05,2.0,111467,GY192227,Studio A1,100,No experience required,25,/images/cycling-5.jpg
300225,Morning Weightlifting Power Class,2025-08-13,2025-11-05,2.0,133702,GY717025,Studio C1,80,Age 16+,25,/images/weightlifting-3.jpg
300180,Evening Yoga Hot Program,2025-08-14,2025-10-09,2.0,138459,GY515906,Studio B4,60,No experience required,30,/images/yoga-5.jpg
300117,Evening Yoga Intermediate Class,2025-08-14,2025-11-06,2.0,138015,GY476239,Studio A3,250,Basic fitness required,30,/images/yoga-3.jpg
300168,Evening Yoga Beginner Workshop,2025-08-14,2025-11-06,2.0,149059,GY271884,Studio A5,190,Age 16+,15,/images/yoga-2.jpg
300198,Weekend Martial Arts MMA Class,2025-08-14,2025-11-06,2.0,123984,GY880908,Studio C5,230,Basic fitness required,20,/images/martial arts-1.jpg
300292,Afternoon Martial Arts MMA Class,2025-08-14,2025-09-11,2.0,155370,GY424769,Studio A2,300,Medical clearance needed,20,/images/martial arts-1.jpg
300458,Afternoon Martial Arts Boxing Class,2025-08-14,2025-09-11,2.0,161348,GY023262,Studio C2,90,No experience required,30,/images/martial arts-2.jpg
300189,Afternoon Yoga Hot Program,2025-08-14,2025-11-06,2.0,143188,GY899440,Studio C2,260,Medical clearance needed,25,/images/yoga-2.jpg
300002,Evening Yoga Hot Workshop,2025-08-15,2025-11-07,2.0,168875,GY231910,Studio B3,220,No experience required,30,/images/yoga-3.jpg
300318,Afternoon Yoga Advanced Workshop,2025-08-15,2025-10-10,2.0,117966,GY240978,Studio B5,180,Medical clearance needed,15,/images/yoga-4.jpg
300477,Weekend Dance Zumba Class,2025-08-15,2025-09-12,2.0,110545,GY401382,Studio C5,120,No experience required,25,/images/dance-4.jpg
300427,Evening Yoga Beginner Class,2025-08-15,2025-11-07,2.0,154175,GY810977,Studio B4,80,Age 16+,15,/images/yoga-4.jpg
300186,Afternoon Weightlifting Technique Class,2025-08-15,2025-09-12,2.0,136579,GY839193,Studio C4,160,Medical clearance needed,20,/images/weightlifting-2.jpg
300066,Afternoon Pilates Reformer Class,2025-08-15,2025-11-07,2.0,146142,GY980616,Studio C3,250,Medical clearance needed,15,/images/pilates-1.jpg
300290,Afternoon Pilates Clinical Program,2025-08-16,2025-09-13,2.0,165691,GY319716,Studio B5,260,Basic fitness required,20,/images/pilates-2.jpg
300148,Morning Weightlifting Olympic Workshop,2025-08-16,2025-11-08,2.0,105283,GY476239,Studio A3,160,Medical clearance needed,25,/images/weightlifting-5.jpg
300279,Morning Weightlifting Olympic Class,2025-08-16,2025-10-11,2.0,121210,GY550665,Studio B4,270,No experience required,20,/images/weightlifting-3.jpg
300107,Weekend Weightlifting Olympic Class,2025-08-16,2025-09-13,2.0,121389,GY514358,Studio B2,290,Medical clearance needed,25,/images/weightlifting-5.jpg
300227,Morning Yoga Advanced Session,2025-08-17,2025-11-09,2.0,148929,GY668073,Studio C3,260,No experience required,20,/images/yoga-5.jpg
300145,Afternoon Weightlifting Olympic Program,2025-08-17,2025-09-14,2.0,157408,GY024519,Studio B5,230,Age 16+,25,/images/weightlifting-4.jpg
300095,Afternoon Yoga Prenatal Class,2025-08-17,2025-09-14,2.0,165365,GY406450,Studio A1,110,No experience required,20,/images/yoga-1.jpg
300026,Weekend Cycling Indoor Program,2025-08-17,2025-11-09,2.0,100598,GY456513,Studio C5,150,Basic fitness required,25,/images/cycling-2.jpg
300160,Afternoon Weightlifting Olympic Program,2025-08-17,2025-09-14,2.0,132718,GY466745,Studio C1,170,Age 16+,15,/images/weightlifting-3.jpg
300053,Weekend Martial Arts Boxing Workshop,2025-08-18,2025-10-13,2.0,121490,GY926671,Studio A5,110,Basic fitness required,15,/images/martial arts-4.jpg
300403,Afternoon Martial Arts Kickboxing Workshop,2025-08-18,2025-09-15,2.0,169670,GY192714,Studio C3,190,Medical clearance needed,20,/images/martial arts-1.jpg
300402,Morning Weightlifting Olympic Session,2025-08-18,2025-10-13,2.0,111076,GY094179,Studio C3,110,Medical clearance needed,25,/images/weightlifting-3.jpg
300417,Morning Cycling HIIT Program,2025-08-18,2025-11-10,2.0,162766,GY023653,Studio B3,100,Basic fitness required,20,/images/cycling-4.jpg
300071,Afternoon Pilates Clinical Class,2025-08-18,2025-10-13,2.0,118703,GY592598,Studio B4,90,No experience required,25,/images/pilates-3.jpg
300343,Weekend Martial Arts MMA Class,2025-08-18,2025-09-15,2.0,104939,GY325258,Studio C4,110,No experience required,20,/images/martial arts-5.jpg
300409,Weekend Cycling Indoor Program,2025-08-18,2025-11-10,2.0,167603,GY252688,Studio B5,60,No experience required,25,/images/cycling-3.jpg
300322,Afternoon Pilates Reformer Workshop,2025-08-18,2025-10-13,2.0,111899,GY038952,Studio B4,160,No experience required,30,/images/pilates-2.jpg
300435,Afternoon Martial Arts Boxing Program,2025-08-19,2025-11-11,2.0,163774,GY693439,Studio B1,120,Basic fitness required,20,/images/martial arts-2.jpg
300371,Morning Cycling Indoor Class,2025-08-19,2025-10-14,2.0,115356,GY589724,Studio A2,150,Medical clearance needed,30,/images/cycling-2.jpg
300460,Weekend Pilates Mat Session,2025-08-19,2025-10-14,2.0,100316,GY713024,Studio A2,260,No experience required,15,/images/pilates-4.jpg
300459,Weekend Cycling HIIT Session,2025-08-20,2025-11-12,2.0,100780,GY835355,Studio C1,170,Medical clearance needed,20,/images/cycling-3.jpg
300262,Afternoon Cycling Indoor Program,2025-08-20,2025-10-15,2.0,127303,GY485079,Studio A5,140,Medical clearance needed,30,/images/cycling-4.jpg
300365,Evening Dance Zumba Session,2025-08-21,2025-11-13,2.0,154422,GY328067,Studio B3,140,No experience required,20,/images/dance-2.jpg
300413,Afternoon Dance Hip-hop Class,2025-08-21,2025-10-16,2.0,167887,GY575682,Studio A4,100,No experience required,30,/images/dance-5.jpg
300257,Evening Yoga Beginner Class,2025-08-21,2025-09-18,2.0,120297,GY024519,Studio B5,290,No experience required,25,/images/yoga-4.jpg
300394,Morning Dance Zumba Workshop,2025-08-22,2025-10-17,2.0,136595,GY900421,Studio A2,130,Age 16+,30,/images/dance-3.jpg
300474,Evening Weightlifting Strength Class,2025-08-22,2025-09-19,2.0,118957,GY277306,Studio C4,120,Basic fitness required,30,/images/weightlifting-3.jpg
300215,Weekend Dance Zumba Program,2025-08-23,2025-11-15,2.0,114802,GY568912,Studio B4,130,Age 16+,15,/images/dance-1.jpg
300223,Morning Weightlifting Power Workshop,2025-08-24,2025-11-16,2.0,137702,GY584755,Studio B4,170,No experience required,25,/images/weightlifting-4.jpg
300328,Afternoon Martial Arts Boxing Class,2025-08-24,2025-10-19,2.0,106128,GY464616,Studio C3,170,Basic fitness required,30,/images/martial arts-2.jpg
300291,Afternoon Weightlifting Strength Program,2025-08-25,2025-10-20,2.0,125182,GY550665,Studio A1,300,Medical clearance needed,25,/images/weightlifting-3.jpg
300133,Morning Yoga Intermediate Class,2025-08-25,2025-10-20,2.0,133732,GY458750,Studio C3,300,Medical clearance needed,30,/images/yoga-1.jpg
