template_id,name,coach_id,branch_id,location,weekly,start_time,end_time,valid_from,valid_to,max_seats,fee,requirement
100274,Cycling Endurance Session,138154,GY797264,Studio A3,Mon,19:00,21:00,2025-05-24,2025-06-21,30,180,No experience required
100222,Yoga Advanced Workshop,167172,GY102241,Studio A2,"Sun, Thu",09:00,11:00,2025-05-24,2025-08-16,15,130,Medical clearance needed
100133,Pilates Group Class,123417,GY306120,Studio A3,Sat,19:00,21:00,2025-05-24,2025-07-19,30,280,Medical clearance needed
100280,Martial Arts MMA Workshop,157538,GY568453,Studio B3,Mon,09:00,11:00,2025-05-24,2025-07-19,25,60,Basic fitness required
100010,Weightlifting Olympic Workshop,166893,GY484510,Studio B5,"Sat, Thu",19:00,21:00,2025-05-24,2025-06-21,25,60,Age 16+
100054,Yoga Advanced Session,122136,GY031351,Studio C5,"Mon, Sat",09:00,11:00,2025-05-25,2025-06-22,20,190,No experience required
100007,Weightlifting Technique Workshop,135975,GY208623,Studio C5,"Fri, Wed",14:00,16:00,2025-05-25,2025-08-17,25,120,Age 16+
100299,Weightlifting Olympic Workshop,163136,GY575682,Studio B2,Sat,19:00,21:00,2025-05-25,2025-07-20,20,280,No experience required
100063,Dance Zumba Workshop,150545,GY789462,Studio C4,Sat,19:00,21:00,2025-05-26,2025-06-23,30,250,Medical clearance needed
100127,Yoga Hot Workshop,138478,GY170177,Studio B4,Sun,18:00,20:00,2025-05-26,2025-07-21,25,140,Medical clearance needed
100117,Weightlifting Olympic Workshop,101981,GY453307,Studio B5,Sun,09:00,11:00,2025-05-26,2025-06-23,15,270,No experience required
100176,Yoga Beginner Class,104391,GY693439,Studio B4,"Thu, Tue",18:00,20:00,2025-05-27,2025-08-19,25,220,Medical clearance needed
100229,Pilates Group Session,145273,GY668073,Studio C3,"Sat, Thu",09:00,11:00,2025-05-27,2025-06-24,20,270,Basic fitness required
100281,Cycling Endurance Class,104579,GY177116,Studio A4,Sun,09:00,11:00,2025-05-27,2025-08-19,20,220,No experience required
100008,Weightlifting Power Workshop,118227,GY450167,Studio A1,"Sun, Tue",18:00,20:00,2025-05-27,2025-07-22,20,50,No experience required
100099,Pilates Group Session,100570,GY568141,Studio A5,Fri,19:00,21:00,2025-05-28,2025-08-20,25,250,Medical clearance needed
100161,Dance Aerobic Class,168160,GY162174,Studio B2,"Thu, Wed",14:00,16:00,2025-05-28,2025-07-23,20,140,No experience required
100126,Martial Arts MMA Workshop,140531,GY702988,Studio A3,Thu,09:00,11:00,2025-05-28,2025-06-25,25,230,No experience required
100135,Cycling Indoor Workshop,136065,GY200061,Studio A4,"Sun, Thu",19:00,21:00,2025-05-28,2025-06-25,20,290,Basic fitness required
100055,Martial Arts Boxing Class,151705,GY170177,Studio C4,Sat,18:00,20:00,2025-05-28,2025-08-20,25,90,Age 16+
100100,Cycling HIIT Session,105371,GY750900,Studio B1,Fri,09:00,11:00,2025-05-28,2025-08-20,20,100,Basic fitness required
100290,Yoga Beginner Session,152091,GY835355,Studio A4,"Mon, Thu",09:00,11:00,2025-05-28,2025-07-23,25,220,Medical clearance needed
100279,Yoga Advanced Class,100922,GY845841,Studio B3,"Sun, Wed",19:00,21:00,2025-05-28,2025-06-25,20,200,No experience required
100267,Weightlifting Power Class,113384,GY411712,Studio C5,Mon,19:00,21:00,2025-05-28,2025-07-23,25,290,Age 16+
100006,Cycling Indoor Class,161908,GY125459,Studio B5,"Fri, Tue, Wed",09:00,11:00,2025-05-29,2025-07-24,25,230,Medical clearance needed
100033,Cycling Endurance Class,115696,GY172723,Studio B3,Wed,14:00,16:00,2025-05-29,2025-06-26,25,200,No experience required
100296,Martial Arts Kickboxing Session,136865,GY823410,Studio A4,Sat,09:00,11:00,2025-05-29,2025-08-21,20,240,Age 16+
100026,Cycling Endurance Class,107409,GY424379,Studio A3,Fri,09:00,11:00,2025-05-29,2025-07-24,20,140,No experience required
100216,Yoga Intermediate Workshop,127316,GY051525,Studio A1,Sun,09:00,11:00,2025-05-29,2025-06-26,20,180,Medical clearance needed
100141,Yoga Hot Class,156206,GY108859,Studio B2,Sun,18:00,20:00,2025-05-29,2025-08-21,30,260,Basic fitness required
100184,Cycling Indoor Workshop,154078,GY003067,Studio C4,Sat,09:00,11:00,2025-05-29,2025-07-24,25,180,Basic fitness required
100095,Yoga Prenatal Class,139813,GY592598,Studio C2,Tue,14:00,16:00,2025-05-30,2025-07-25,20,170,Medical clearance needed
100151,Weightlifting Olympic Session,148963,GY069541,Studio A4,Tue,09:00,11:00,2025-05-30,2025-08-22,30,110,Age 16+
100044,Yoga Beginner Session,126481,GY807116,Studio B5,"Mon, Tue",18:00,20:00,2025-05-30,2025-08-22,30,130,Medical clearance needed
100107,Cycling HIIT Workshop,108384,GY140873,Studio B1,"Sun, Wed",19:00,21:00,2025-05-30,2025-06-27,25,260,Medical clearance needed
100073,Dance Hip-hop Session,165698,GY839193,Studio C3,"Tue, Wed",09:00,11:00,2025-05-30,2025-07-25,20,160,Age 16+
100205,Martial Arts Kickboxing Class,149368,GY236435,Studio C2,Fri,09:00,11:00,2025-05-30,2025-07-25,20,140,Medical clearance needed
100192,Dance Aerobic Workshop,162540,GY666916,Studio B3,Sun,14:00,16:00,2025-05-30,2025-06-27,25,260,Age 16+
100022,Weightlifting Strength Session,160960,GY585111,Studio B2,Fri,14:00,16:00,2025-05-30,2025-06-27,20,110,Medical clearance needed
100268,Weightlifting Strength Workshop,127261,GY687795,Studio A3,"Mon, Sun, Wed",14:00,16:00,2025-05-30,2025-06-27,30,210,Basic fitness required
100284,Dance Zumba Workshop,154892,GY485079,Studio C5,Mon,09:00,11:00,2025-05-30,2025-06-27,25,130,Age 16+
100009,Pilates Group Session,148200,GY842325,Studio B1,"Sun, Wed",14:00,16:00,2025-05-30,2025-06-27,20,260,No experience required
100091,Dance Zumba Session,164506,GY019820,Studio C4,Mon,09:00,11:00,2025-05-31,2025-07-26,20,200,Basic fitness required
100129,Pilates Reformer Session,115322,GY729486,Studio C2,Thu,18:00,20:00,2025-05-31,2025-06-28,20,130,Medical clearance needed
100189,Cycling Endurance Session,154253,GY347258,Studio A3,"Fri, Mon, Wed",18:00,20:00,2025-06-01,2025-06-29,25,270,No experience required
100183,Martial Arts Boxing Session,139022,GY256756,Studio C2,"Sat, Thu",14:00,16:00,2025-06-01,2025-06-29,15,120,Basic fitness required
100291,Cycling Indoor Class,123252,GY601717,Studio C5,Sat,14:00,16:00,2025-06-02,2025-06-30,25,60,Basic fitness required
100197,Martial Arts Kickboxing Session,138078,GY034591,Studio A3,Wed,18:00,20:00,2025-06-02,2025-07-28,20,120,No experience required
100114,Weightlifting Olympic Session,169767,GY628211,Studio A3,"Sat, Wed",18:00,20:00,2025-06-02,2025-08-25,20,230,Medical clearance needed
100171,Yoga Hot Session,122956,GY600098,Studio B3,"Fri, Sun, Wed",19:00,21:00,2025-06-02,2025-08-25,15,160,Age 16+
100088,Dance Zumba Workshop,110913,GY238305,Studio A5,"Mon, Tue",18:00,20:00,2025-06-02,2025-07-28,25,170,Basic fitness required
100253,Dance Zumba Class,137415,GY843590,Studio A2,Mon,09:00,11:00,2025-06-02,2025-07-28,30,230,Basic fitness required
100252,Yoga Advanced Workshop,167852,GY590143,Studio B4,Tue,19:00,21:00,2025-06-02,2025-07-28,30,80,Basic fitness required
100094,Yoga Prenatal Workshop,169912,GY747464,Studio B2,Tue,19:00,21:00,2025-06-03,2025-07-01,30,90,Age 16+
100081,Dance Zumba Session,103427,GY765044,Studio A1,Tue,14:00,16:00,2025-06-03,2025-07-01,20,190,Age 16+
100241,Dance Aerobic Class,144685,GY165618,Studio B3,Thu,18:00,20:00,2025-06-03,2025-07-29,30,90,Basic fitness required
100032,Pilates Group Workshop,109610,GY140975,Studio C2,Wed,14:00,16:00,2025-06-04,2025-08-27,30,80,No experience required
100160,Weightlifting Olympic Workshop,161129,GY445282,Studio A4,Thu,09:00,11:00,2025-06-04,2025-07-30,20,140,Basic fitness required
100212,Martial Arts Boxing Class,100971,GY074409,Studio A2,Mon,18:00,20:00,2025-06-04,2025-07-30,30,170,Basic fitness required
100294,Dance Aerobic Session,127065,GY600098,Studio B2,"Mon, Sat",18:00,20:00,2025-06-04,2025-08-27,25,230,Basic fitness required
100213,Dance Zumba Class,160960,GY837054,Studio C5,Wed,09:00,11:00,2025-06-04,2025-07-30,25,190,No experience required
100047,Pilates Clinical Workshop,144331,GY830872,Studio A3,"Mon, Sat, Wed",19:00,21:00,2025-06-04,2025-07-30,15,200,Age 16+
100046,Cycling Endurance Class,120774,GY976894,Studio B1,"Sun, Tue",09:00,11:00,2025-06-05,2025-07-31,20,150,Basic fitness required
100287,Pilates Reformer Class,149786,GY723558,Studio B4,Mon,14:00,16:00,2025-06-05,2025-07-31,15,290,Medical clearance needed
100004,Weightlifting Strength Class,102317,GY881226,Studio A3,Sun,19:00,21:00,2025-06-06,2025-08-01,25,250,Medical clearance needed
100128,Dance Zumba Class,164866,GY839193,Studio B1,Wed,14:00,16:00,2025-06-06,2025-07-04,15,220,Age 16+
100096,Martial Arts Boxing Workshop,147675,GY568141,Studio A5,"Mon, Sun, Tue",19:00,21:00,2025-06-06,2025-07-04,20,250,Medical clearance needed
100090,Weightlifting Power Class,109395,GY549013,Studio C5,Sun,14:00,16:00,2025-06-06,2025-08-29,20,100,Age 16+
100295,Dance Zumba Session,126140,GY359994,Studio C4,"Tue, Wed",14:00,16:00,2025-06-07,2025-07-05,20,220,Age 16+
100144,Weightlifting Strength Class,124026,GY588571,Studio B1,"Sat, Thu",14:00,16:00,2025-06-07,2025-08-30,30,290,Age 16+
100165,Weightlifting Strength Class,126970,GY435783,Studio A2,Fri,19:00,21:00,2025-06-07,2025-08-02,25,70,Medical clearance needed
100084,Dance Hip-hop Class,156507,GY752655,Studio C1,Sun,18:00,20:00,2025-06-07,2025-08-30,30,150,Medical clearance needed
100186,Dance Aerobic Session,130325,GY094450,Studio B1,"Mon, Sat",19:00,21:00,2025-06-07,2025-08-02,20,240,Basic fitness required
100000,Weightlifting Power Session,125032,GY917872,Studio C3,Wed,14:00,16:00,2025-06-07,2025-07-05,25,60,Basic fitness required
100050,Cycling HIIT Workshop,148573,GY958698,Studio C5,Sun,14:00,16:00,2025-06-08,2025-07-06,25,120,Age 16+
100059,Dance Zumba Workshop,161348,GY488432,Studio C4,Sat,19:00,21:00,2025-06-08,2025-08-31,30,190,Age 16+
100210,Martial Arts Kickboxing Workshop,169465,GY279755,Studio A5,Tue,14:00,16:00,2025-06-08,2025-08-31,20,90,No experience required
100271,Pilates Group Session,115678,GY482515,Studio A1,Fri,18:00,20:00,2025-06-08,2025-08-31,30,60,Medical clearance needed
100119,Martial Arts Boxing Session,149644,GY061918,Studio A3,Sun,14:00,16:00,2025-06-09,2025-08-04,25,280,Medical clearance needed
100039,Dance Zumba Session,121928,GY934227,Studio A5,Mon,14:00,16:00,2025-06-09,2025-09-01,20,280,Medical clearance needed
100254,Martial Arts MMA Class,146067,GY614573,Studio C3,"Mon, Sat, Sun",14:00,16:00,2025-06-09,2025-08-04,25,240,Medical clearance needed
100005,Weightlifting Power Session,134914,GY057710,Studio C1,"Fri, Wed",09:00,11:00,2025-06-10,2025-09-02,20,270,Age 16+
100018,Pilates Group Workshop,113485,GY588571,Studio A3,"Sun, Tue, Wed",18:00,20:00,2025-06-10,2025-09-02,30,90,Age 16+
100103,Yoga Beginner Class,144169,GY597873,Studio B3,Wed,18:00,20:00,2025-06-11,2025-08-06,20,60,Medical clearance needed
100232,Pilates Group Class,158496,GY125224,Studio C2,"Sun, Wed",18:00,20:00,2025-06-11,2025-07-09,25,210,No experience required
100235,Dance Zumba Session,117222,GY172441,Studio B3,Tue,19:00,21:00,2025-06-11,2025-09-03,15,220,Basic fitness required
100074,Pilates Clinical Class,142929,GY352439,Studio B5,Mon,18:00,20:00,2025-06-11,2025-08-06,15,80,Age 16+
100234,Cycling HIIT Session,116907,GY306120,Studio C5,"Mon, Tue",14:00,16:00,2025-06-12,2025-09-04,25,170,Medical clearance needed
100083,Cycling Indoor Workshop,102582,GY356349,Studio C3,Mon,14:00,16:00,2025-06-12,2025-07-10,30,80,Medical clearance needed
100247,Dance Aerobic Class,134673,GY588571,Studio B3,Sat,19:00,21:00,2025-06-12,2025-07-10,30,140,No experience required
100064,Dance Hip-hop Class,133110,GY277165,Studio C5,Fri,14:00,16:00,2025-06-12,2025-08-07,20,90,Age 16+
100028,Cycling Endurance Session,142565,GY756241,Studio C2,Mon,19:00,21:00,2025-06-13,2025-09-05,20,120,Basic fitness required
100086,Dance Aerobic Session,144879,GY450167,Studio A5,"Mon, Sat",09:00,11:00,2025-06-13,2025-09-05,30,80,Medical clearance needed
100060,Yoga Advanced Workshop,122566,GY172723,Studio B3,Mon,18:00,20:00,2025-06-14,2025-08-09,30,270,No experience required
100070,Dance Hip-hop Class,120749,GY366143,Studio A4,"Fri, Sun",18:00,20:00,2025-06-14,2025-08-09,20,200,Basic fitness required
100082,Dance Zumba Workshop,120330,GY962625,Studio A5,Wed,18:00,20:00,2025-06-14,2025-08-09,30,290,No experience required
100093,Cycling Indoor Session,168147,GY119381,Studio A5,"Sat, Tue",14:00,16:00,2025-06-15,2025-08-10,25,200,Medical clearance needed
100180,Martial Arts MMA Workshop,116491,GY729486,Studio C5,Sat,18:00,20:00,2025-06-15,2025-08-10,30,220,Age 16+
100231,Cycling HIIT Workshop,105488,GY139886,Studio C2,"Fri, Mon",14:00,16:00,2025-06-15,2025-08-10,20,240,No experience required
100077,Pilates Clinical Session,124488,GY252688,Studio B1,Sat,14:00,16:00,2025-06-15,2025-09-07,20,250,Age 16+
100146,Yoga Advanced Workshop,143918,GY102241,Studio B1,"Mon, Wed",19:00,21:00,2025-06-15,2025-09-07,25,200,No experience required
100097,Yoga Intermediate Workshop,165734,GY367011,Studio B1,Mon,09:00,11:00,2025-06-16,2025-08-11,20,190,No experience required
100293,Martial Arts Kickboxing Workshop,138046,GY465252,Studio C1,Sun,18:00,20:00,2025-06-16,2025-09-08,20,280,Basic fitness required
100256,Weightlifting Olympic Session,128252,GY758125,Studio A2,"Tue, Wed",09:00,11:00,2025-06-16,2025-08-11,20,120,Basic fitness required
100079,Weightlifting Strength Session,114475,GY268201,Studio C1,"Sat, Thu",18:00,20:00,2025-06-16,2025-09-08,20,120,Age 16+
100230,Weightlifting Strength Class,153323,GY276329,Studio A3,"Sat, Thu, Tue",19:00,21:00,2025-06-16,2025-09-08,30,50,Age 16+
100019,Dance Hip-hop Workshop,126394,GY585111,Studio C1,Tue,09:00,11:00,2025-06-16,2025-07-14,25,170,No experience required
100163,Yoga Hot Session,162852,GY598923,Studio A4,Tue,09:00,11:00,2025-06-16,2025-08-11,20,270,Basic fitness required
100125,Martial Arts MMA Class,169060,GY523557,Studio C3,Fri,18:00,20:00,2025-06-17,2025-09-09,25,170,Basic fitness required
100167,Dance Hip-hop Workshop,124252,GY544821,Studio A1,Mon,14:00,16:00,2025-06-17,2025-08-12,25,290,Medical clearance needed
100168,Cycling HIIT Workshop,159052,GY014722,Studio C3,"Sat, Sun",14:00,16:00,2025-06-17,2025-09-09,25,170,No experience required
100025,Martial Arts MMA Workshop,151744,GY365127,Studio C5,"Sat, Thu",18:00,20:00,2025-06-17,2025-08-12,20,140,Basic fitness required
100220,Yoga Intermediate Class,147887,GY365485,Studio A4,Tue,18:00,20:00,2025-06-17,2025-09-09,25,90,Medical clearance needed
100243,Dance Zumba Session,106020,GY154296,Studio B4,Sun,18:00,20:00,2025-06-17,2025-09-09,20,200,Basic fitness required
100282,Dance Aerobic Class,107411,GY899440,Studio A3,Wed,18:00,20:00,2025-06-17,2025-09-09,20,260,Basic fitness required
100261,Pilates Mat Session,129507,GY886490,Studio B4,Fri,18:00,20:00,2025-06-18,2025-08-13,20,80,Basic fitness required
100124,Martial Arts Boxing Workshop,137035,GY777101,Studio A1,Sun,14:00,16:00,2025-06-18,2025-07-16,25,170,No experience required
100166,Dance Aerobic Workshop,143147,GY495913,Studio B5,"Mon, Thu",19:00,21:00,2025-06-18,2025-09-10,30,180,Medical clearance needed
100218,Dance Hip-hop Class,121199,GY517270,Studio B5,Sat,09:00,11:00,2025-06-18,2025-07-16,20,150,Age 16+
100173,Martial Arts Kickboxing Session,138668,GY568453,Studio C5,Tue,14:00,16:00,2025-06-18,2025-07-16,20,240,Basic fitness required
100195,Yoga Hot Session,167371,GY402288,Studio C1,"Sat, Thu",09:00,11:00,2025-06-18,2025-07-16,20,180,Basic fitness required
100031,Pilates Mat Class,145811,GY127218,Studio C4,Wed,18:00,20:00,2025-06-18,2025-07-16,20,110,Basic fitness required
100101,Martial Arts MMA Class,133445,GY697288,Studio C1,"Sun, Tue, Wed",18:00,20:00,2025-06-18,2025-08-13,20,130,Medical clearance needed
100003,Dance Zumba Session,120093,GY975046,Studio B5,Sun,14:00,16:00,2025-06-19,2025-07-17,20,210,Medical clearance needed
100062,Martial Arts Boxing Session,159178,GY057710,Studio A2,"Mon, Tue",14:00,16:00,2025-06-19,2025-07-17,20,210,Age 16+
100237,Pilates Mat Class,110479,GY014722,Studio A5,"Thu, Tue",19:00,21:00,2025-06-19,2025-08-14,25,280,Medical clearance needed
100225,Cycling Endurance Session,134473,GY267185,Studio C1,Thu,19:00,21:00,2025-06-19,2025-09-11,25,100,Age 16+
100002,Dance Aerobic Session,168746,GY598203,Studio A4,"Mon, Sat, Sun",09:00,11:00,2025-06-19,2025-07-17,20,160,Medical clearance needed
100138,Pilates Reformer Session,133345,GY522523,Studio B5,"Mon, Thu",19:00,21:00,2025-06-20,2025-07-18,25,110,Basic fitness required
100188,Pilates Group Class,145212,GY959367,Studio C5,"Tue, Wed",09:00,11:00,2025-06-20,2025-08-15,20,190,Age 16+
100036,Cycling HIIT Workshop,121408,GY508075,Studio A3,Sun,09:00,11:00,2025-06-20,2025-08-15,25,250,Basic fitness required
100130,Dance Aerobic Session,106810,GY070738,Studio A1,Sat,19:00,21:00,2025-06-20,2025-07-18,25,190,No experience required
100078,Martial Arts MMA Session,153330,GY319684,Studio A2,"Fri, Thu",09:00,11:00,2025-06-20,2025-09-12,30,110,Basic fitness required
100215,Martial Arts Kickboxing Class,134454,GY717025,Studio B5,Wed,18:00,20:00,2025-06-21,2025-08-16,20,290,No experience required
100203,Cycling Indoor Workshop,166955,GY827105,Studio B2,"Sat, Wed",19:00,21:00,2025-06-21,2025-09-13,30,240,Medical clearance needed
100236,Yoga Hot Class,129597,GY368349,Studio B2,"Sat, Wed",19:00,21:00,2025-06-21,2025-09-13,15,280,Medical clearance needed
100244,Pilates Reformer Session,151643,GY092917,Studio C2,Wed,14:00,16:00,2025-06-21,2025-09-13,15,150,Basic fitness required
100260,Martial Arts Boxing Class,111415,GY597722,Studio B2,Sun,18:00,20:00,2025-06-21,2025-09-13,25,280,No experience required
100164,Martial Arts MMA Session,159587,GY991564,Studio C5,Sat,19:00,21:00,2025-06-21,2025-09-13,30,220,No experience required
100057,Dance Aerobic Workshop,102733,GY736045,Studio A1,Sat,09:00,11:00,2025-06-21,2025-09-13,20,230,Age 16+
100170,Martial Arts Boxing Workshop,163221,GY907898,Studio A3,Tue,18:00,20:00,2025-06-21,2025-08-16,20,190,Basic fitness required
100191,Yoga Prenatal Class,100922,GY200061,Studio C3,Thu,18:00,20:00,2025-06-22,2025-09-14,20,110,Basic fitness required
100139,Weightlifting Technique Class,106562,GY507652,Studio B1,Sun,19:00,21:00,2025-06-22,2025-07-20,20,140,No experience required
100053,Pilates Group Session,104909,GY729486,Studio C5,"Mon, Sun",09:00,11:00,2025-06-22,2025-09-14,20,60,Medical clearance needed
100257,Dance Zumba Workshop,159905,GY417330,Studio B5,Tue,18:00,20:00,2025-06-22,2025-09-14,15,220,Medical clearance needed
100239,Yoga Beginner Session,118321,GY752655,Studio C5,"Sat, Thu, Wed",14:00,16:00,2025-06-22,2025-08-17,20,270,No experience required
100202,Weightlifting Technique Workshop,106145,GY701700,Studio A1,"Mon, Tue",18:00,20:00,2025-06-22,2025-08-17,20,80,Medical clearance needed
100201,Cycling Indoor Workshop,146387,GY276329,Studio C1,"Mon, Tue",14:00,16:00,2025-06-22,2025-08-17,25,280,Basic fitness required
100156,Cycling Indoor Session,159587,GY588648,Studio B2,Tue,09:00,11:00,2025-06-22,2025-07-20,20,60,Medical clearance needed
100029,Yoga Intermediate Session,121579,GY579437,Studio A3,"Mon, Tue",18:00,20:00,2025-06-23,2025-08-18,20,170,Basic fitness required
100169,Martial Arts Boxing Workshop,146391,GY639740,Studio B5,Fri,19:00,21:00,2025-06-24,2025-07-22,20,280,No experience required
100014,Pilates Clinical Session,164931,GY678047,Studio B4,"Mon, Sun",19:00,21:00,2025-06-24,2025-09-16,20,100,Basic fitness required
100297,Dance Hip-hop Class,166441,GY344569,Studio B1,"Fri, Tue",09:00,11:00,2025-06-24,2025-09-16,30,150,No experience required
100015,Pilates Mat Workshop,163908,GY087507,Studio C3,Wed,18:00,20:00,2025-06-24,2025-07-22,30,130,No experience required
100266,Dance Hip-hop Class,111402,GY814798,Studio A2,"Fri, Mon",14:00,16:00,2025-06-24,2025-07-22,20,70,Medical clearance needed
100143,Pilates Clinical Session,112310,GY066144,Studio A4,"Mon, Thu",09:00,11:00,2025-06-24,2025-09-16,20,100,Age 16+
100051,Martial Arts Boxing Session,110658,GY162572,Studio B1,"Fri, Sat, Sun",09:00,11:00,2025-06-24,2025-08-19,25,220,No experience required
100221,Weightlifting Olympic Session,109609,GY192714,Studio C3,"Fri, Sat",09:00,11:00,2025-06-24,2025-08-19,25,160,Basic fitness required
100207,Cycling Indoor Session,165891,GY337141,Studio C3,Thu,14:00,16:00,2025-06-24,2025-09-16,20,240,Basic fitness required
100075,Cycling HIIT Session,154682,GY147558,Studio A2,"Tue, Wed",19:00,21:00,2025-06-25,2025-09-17,30,240,Medical clearance needed
100150,Martial Arts MMA Session,130382,GY707267,Studio B2,Sat,09:00,11:00,2025-06-25,2025-09-17,15,270,No experience required
100052,Yoga Intermediate Class,128686,GY941166,Studio B1,"Sat, Tue",19:00,21:00,2025-06-25,2025-09-17,15,230,No experience required
100196,Yoga Prenatal Session,165946,GY365127,Studio A5,"Mon, Thu, Tue",19:00,21:00,2025-06-25,2025-09-17,30,200,Age 16+
100228,Cycling Endurance Session,155517,GY590143,Studio C1,"Sat, Sun",14:00,16:00,2025-06-25,2025-07-23,20,60,Medical clearance needed
100223,Weightlifting Olympic Class,156963,GY356349,Studio C4,Thu,19:00,21:00,2025-06-25,2025-09-17,30,290,Basic fitness required
100158,Dance Aerobic Session,169065,GY108267,Studio A5,"Mon, Thu",19:00,21:00,2025-06-25,2025-08-20,20,270,No experience required
100172,Dance Hip-hop Session,102493,GY069541,Studio A1,Fri,18:00,20:00,2025-06-26,2025-08-21,30,240,Basic fitness required
100181,Weightlifting Strength Session,116491,GY492776,Studio C5,Sun,19:00,21:00,2025-06-26,2025-09-18,25,60,Medical clearance needed
100292,Martial Arts Boxing Class,161908,GY766200,Studio A5,Mon,14:00,16:00,2025-06-26,2025-08-21,20,100,Basic fitness required
100121,Weightlifting Power Session,130116,GY900421,Studio B4,"Thu, Tue",19:00,21:00,2025-06-27,2025-09-19,20,80,Basic fitness required
100017,Cycling Indoor Class,122221,GY936777,Studio A1,Tue,19:00,21:00,2025-06-27,2025-09-19,20,230,Age 16+
100277,Yoga Hot Session,120792,GY361522,Studio A4,Sun,19:00,21:00,2025-06-27,2025-07-25,20,130,No experience required
100030,Yoga Beginner Session,104052,GY034910,Studio A3,"Fri, Tue",18:00,20:00,2025-06-27,2025-08-22,15,180,Medical clearance needed
100174,Weightlifting Olympic Session,163063,GY577604,Studio B2,"Fri, Mon",19:00,21:00,2025-06-27,2025-07-25,15,250,Age 16+
100270,Yoga Intermediate Session,144198,GY373056,Studio A1,Mon,09:00,11:00,2025-06-27,2025-08-22,15,150,No experience required
100145,Yoga Advanced Class,113049,GY392848,Studio B4,"Fri, Wed",14:00,16:00,2025-06-27,2025-08-22,30,260,Medical clearance needed
100206,Yoga Hot Session,121946,GY539748,Studio C3,Fri,19:00,21:00,2025-06-28,2025-09-20,20,210,Medical clearance needed
100137,Weightlifting Power Class,165365,GY503170,Studio A3,Fri,14:00,16:00,2025-06-28,2025-08-23,20,60,Basic fitness required
100204,Pilates Group Session,134935,GY133842,Studio C5,Sun,09:00,11:00,2025-06-28,2025-09-20,20,150,Age 16+
100190,Cycling Endurance Workshop,140808,GY906710,Studio A3,"Sun, Thu",18:00,20:00,2025-06-28,2025-08-23,20,300,No experience required
100219,Pilates Reformer Session,109763,GY294432,Studio B3,Mon,18:00,20:00,2025-06-28,2025-08-23,20,60,Basic fitness required
100037,Weightlifting Olympic Class,134340,GY789462,Studio C4,Sun,19:00,21:00,2025-06-29,2025-08-24,30,80,Age 16+
100288,Cycling Endurance Class,130124,GY543074,Studio B2,"Fri, Mon",19:00,21:00,2025-06-29,2025-07-27,20,270,Age 16+
100246,Dance Hip-hop Session,151211,GY752655,Studio C2,Fri,14:00,16:00,2025-06-29,2025-07-27,25,60,Basic fitness required
100289,Pilates Mat Workshop,122739,GY238305,Studio C2,"Mon, Sun",19:00,21:00,2025-06-29,2025-08-24,25,150,Age 16+
100285,Yoga Beginner Class,142151,GY775398,Studio C3,Tue,18:00,20:00,2025-06-29,2025-09-21,15,100,Age 16+
100142,Yoga Prenatal Class,120067,GY701700,Studio B4,"Mon, Sat, Thu",19:00,21:00,2025-06-30,2025-07-28,20,160,Medical clearance needed
100106,Cycling Endurance Workshop,167302,GY752377,Studio A3,Sat,14:00,16:00,2025-06-30,2025-07-28,20,240,Basic fitness required
100298,Pilates Mat Session,110923,GY699513,Studio A1,Sat,09:00,11:00,2025-07-01,2025-09-23,25,140,Age 16+
100034,Cycling HIIT Workshop,144684,GY839193,Studio A5,Thu,19:00,21:00,2025-07-01,2025-09-23,20,240,No experience required
100069,Yoga Prenatal Workshop,152799,GY177116,Studio B4,"Mon, Sun, Thu",09:00,11:00,2025-07-01,2025-07-29,20,180,Basic fitness required
100273,Pilates Mat Session,107670,GY069541,Studio A3,Tue,18:00,20:00,2025-07-01,2025-08-26,25,210,No experience required
100262,Cycling HIIT Class,100211,GY560133,Studio C1,Sat,09:00,11:00,2025-07-02,2025-09-24,20,120,No experience required
100113,Dance Hip-hop Session,125890,GY286922,Studio B1,"Sat, Tue, Wed",19:00,21:00,2025-07-02,2025-07-30,20,70,No experience required
100226,Dance Aerobic Workshop,109477,GY613095,Studio A3,Tue,14:00,16:00,2025-07-02,2025-09-24,15,130,Age 16+
100214,Weightlifting Olympic Workshop,158759,GY592598,Studio A3,"Fri, Sun, Tue",18:00,20:00,2025-07-03,2025-08-28,30,150,Medical clearance needed
100162,Weightlifting Technique Session,145408,GY268201,Studio A2,Thu,18:00,20:00,2025-07-03,2025-08-28,15,150,No experience required
100071,Dance Zumba Workshop,106438,GY381068,Studio C4,Tue,18:00,20:00,2025-07-03,2025-09-25,25,100,Basic fitness required
100110,Pilates Group Workshop,120639,GY521102,Studio C1,"Mon, Wed",09:00,11:00,2025-07-03,2025-07-31,30,230,No experience required
100217,Dance Hip-hop Class,113953,GY597722,Studio A4,"Sat, Sun",09:00,11:00,2025-07-03,2025-07-31,20,250,No experience required
100041,Yoga Intermediate Class,168896,GY752655,Studio B2,Tue,18:00,20:00,2025-07-04,2025-09-26,25,190,Medical clearance needed
100250,Pilates Clinical Workshop,137520,GY055109,Studio C3,Mon,18:00,20:00,2025-07-04,2025-08-01,20,260,Basic fitness required
100024,Martial Arts Kickboxing Session,111270,GY448309,Studio C5,"Mon, Sat",19:00,21:00,2025-07-04,2025-08-01,15,260,Age 16+
100157,Martial Arts MMA Class,105594,GY445282,Studio B1,"Sat, Tue",09:00,11:00,2025-07-04,2025-08-29,20,120,No experience required
100152,Martial Arts Kickboxing Session,153986,GY590143,Studio C3,Sun,09:00,11:00,2025-07-04,2025-08-29,20,280,Medical clearance needed
100159,Yoga Prenatal Session,126745,GY980616,Studio A1,Sat,18:00,20:00,2025-07-04,2025-09-26,25,250,Medical clearance needed
100021,Weightlifting Power Workshop,162605,GY697288,Studio A2,Wed,19:00,21:00,2025-07-05,2025-08-30,20,150,Medical clearance needed
100265,Weightlifting Technique Session,145295,GY597722,Studio B1,"Fri, Mon, Tue",09:00,11:00,2025-07-05,2025-08-02,25,290,Age 16+
100087,Dance Aerobic Workshop,118570,GY023653,Studio C4,Wed,14:00,16:00,2025-07-05,2025-09-27,20,230,Age 16+
100001,Dance Zumba Class,163442,GY164968,Studio B4,"Mon, Sun, Wed",14:00,16:00,2025-07-05,2025-09-27,25,210,Age 16+
100027,Pilates Mat Session,144685,GY835355,Studio C5,"Sat, Wed",19:00,21:00,2025-07-05,2025-08-02,20,50,No experience required
100131,Cycling Endurance Session,168057,GY240978,Studio A2,"Fri, Tue",19:00,21:00,2025-07-05,2025-08-02,20,130,No experience required
100149,Cycling Endurance Workshop,108130,GY999073,Studio B2,Tue,19:00,21:00,2025-07-05,2025-09-27,20,250,No experience required
100179,Weightlifting Power Class,116817,GY756241,Studio A2,"Thu, Wed",14:00,16:00,2025-07-05,2025-08-02,25,290,Age 16+
100049,Pilates Clinical Workshop,168057,GY613095,Studio A3,"Mon, Thu, Wed",19:00,21:00,2025-07-05,2025-09-27,20,90,Age 16+
100178,Pilates Mat Workshop,137442,GY200061,Studio B4,Thu,14:00,16:00,2025-07-05,2025-08-02,20,150,Age 16+
100118,Cycling HIIT Workshop,156910,GY268201,Studio B1,Tue,19:00,21:00,2025-07-05,2025-09-27,25,200,Medical clearance needed
100122,Dance Hip-hop Session,107672,GY172441,Studio A5,Wed,18:00,20:00,2025-07-05,2025-08-02,20,150,Basic fitness required
100251,Dance Aerobic Session,131138,GY190425,Studio B4,"Sun, Thu",19:00,21:00,2025-07-06,2025-09-28,20,190,Age 16+
100020,Dance Zumba Class,117858,GY620034,Studio A2,"Tue, Wed",09:00,11:00,2025-07-06,2025-08-31,25,240,Basic fitness required
100153,Pilates Mat Workshop,104530,GY057710,Studio B5,"Tue, Wed",09:00,11:00,2025-07-06,2025-08-31,30,210,Medical clearance needed
100269,Dance Aerobic Workshop,135686,GY437696,Studio B3,Sat,18:00,20:00,2025-07-06,2025-08-03,20,200,Medical clearance needed
100115,Dance Hip-hop Class,135420,GY139886,Studio C1,Wed,19:00,21:00,2025-07-06,2025-09-28,25,250,Medical clearance needed
100011,Weightlifting Technique Workshop,151953,GY959367,Studio B4,Wed,19:00,21:00,2025-07-06,2025-08-31,20,190,No experience required
100140,Cycling Indoor Class,133133,GY003067,Studio B4,Wed,19:00,21:00,2025-07-06,2025-08-03,20,300,Basic fitness required
100283,Dance Aerobic Session,151661,GY356059,Studio C5,Thu,19:00,21:00,2025-07-07,2025-08-04,25,270,Age 16+
100238,Cycling Endurance Session,135259,GY822629,Studio C4,"Mon, Sat, Thu",14:00,16:00,2025-07-07,2025-09-01,20,160,Medical clearance needed
100155,Pilates Reformer Class,101234,GY765044,Studio B1,"Tue, Wed",19:00,21:00,2025-07-07,2025-09-29,15,300,Basic fitness required
100182,Yoga Hot Session,101001,GY125224,Studio B3,Tue,09:00,11:00,2025-07-07,2025-09-01,20,80,Medical clearance needed
100264,Cycling HIIT Session,168721,GY920226,Studio C2,Mon,14:00,16:00,2025-07-07,2025-08-04,20,220,Age 16+
100089,Martial Arts MMA Session,113967,GY907898,Studio A2,"Mon, Sun, Thu",18:00,20:00,2025-07-07,2025-08-04,20,180,Medical clearance needed
100080,Cycling HIIT Class,166280,GY729197,Studio B1,Mon,19:00,21:00,2025-07-07,2025-08-04,20,190,Age 16+
100245,Weightlifting Strength Session,138758,GY501396,Studio C1,Fri,19:00,21:00,2025-07-08,2025-08-05,20,100,Basic fitness required
100249,Pilates Reformer Session,101860,GY875647,Studio B5,Sat,19:00,21:00,2025-07-08,2025-08-05,20,60,Medical clearance needed
100136,Dance Hip-hop Class,154866,GY729486,Studio B4,"Sat, Sun",19:00,21:00,2025-07-08,2025-09-02,15,130,Age 16+
100048,Pilates Reformer Session,169700,GY702988,Studio C3,"Tue, Wed",09:00,11:00,2025-07-08,2025-09-30,25,220,Basic fitness required
100175,Dance Aerobic Session,135384,GY585321,Studio C4,Sun,14:00,16:00,2025-07-08,2025-09-02,20,150,Basic fitness required
100276,Pilates Group Session,103517,GY366143,Studio A3,Wed,19:00,21:00,2025-07-09,2025-09-03,20,100,Basic fitness required
100016,Weightlifting Technique Class,164893,GY051410,Studio A2,Sun,14:00,16:00,2025-07-09,2025-08-06,30,140,Basic fitness required
100148,Weightlifting Strength Session,156684,GY687795,Studio B4,Mon,14:00,16:00,2025-07-09,2025-09-03,30,220,Basic fitness required
100066,Martial Arts Kickboxing Class,109602,GY687795,Studio A5,Mon,18:00,20:00,2025-07-09,2025-10-01,25,210,Basic fitness required
100112,Dance Zumba Workshop,137276,GY214139,Studio A3,Tue,18:00,20:00,2025-07-09,2025-08-06,20,80,Age 16+
100102,Martial Arts Boxing Class,165477,GY418725,Studio B3,Sat,14:00,16:00,2025-07-09,2025-10-01,15,130,Medical clearance needed
100208,Weightlifting Strength Class,112531,GY554797,Studio B1,Tue,14:00,16:00,2025-07-09,2025-09-03,20,120,Basic fitness required
100076,Martial Arts MMA Class,169534,GY882510,Studio A5,"Sat, Tue",14:00,16:00,2025-07-10,2025-08-07,30,120,Basic fitness required
100065,Martial Arts Boxing Class,160634,GY306120,Studio B2,"Fri, Sat",14:00,16:00,2025-07-10,2025-08-07,20,140,Medical clearance needed
100185,Dance Hip-hop Workshop,113640,GY983808,Studio C4,Mon,19:00,21:00,2025-07-10,2025-10-02,20,80,Basic fitness required
100023,Cycling Indoor Class,132630,GY515955,Studio C1,Fri,18:00,20:00,2025-07-11,2025-09-05,25,130,Age 16+
100233,Cycling HIIT Class,109486,GY045588,Studio C5,Mon,09:00,11:00,2025-07-11,2025-08-08,20,110,No experience required
100147,Dance Aerobic Session,130087,GY600098,Studio B5,Thu,14:00,16:00,2025-07-11,2025-08-08,25,90,Medical clearance needed
100198,Weightlifting Technique Workshop,134652,GY419750,Studio B3,"Mon, Thu",14:00,16:00,2025-07-11,2025-09-05,25,260,Age 16+
100104,Dance Aerobic Workshop,158675,GY482515,Studio B4,"Sat, Thu",19:00,21:00,2025-07-11,2025-10-03,20,150,No experience required
100040,Pilates Group Session,122458,GY678661,Studio B4,Wed,14:00,16:00,2025-07-12,2025-08-09,25,230,No experience required
100199,Yoga Prenatal Session,114351,GY408088,Studio B1,"Fri, Thu",09:00,11:00,2025-07-12,2025-10-04,25,290,Basic fitness required
100067,Dance Aerobic Class,115945,GY137662,Studio A3,"Sat, Tue",14:00,16:00,2025-07-12,2025-09-06,25,210,No experience required
100240,Weightlifting Olympic Class,117684,GY045588,Studio C4,Wed,09:00,11:00,2025-07-12,2025-08-09,30,280,No experience required
100108,Yoga Intermediate Session,158797,GY855806,Studio B2,"Fri, Wed",19:00,21:00,2025-07-12,2025-10-04,25,260,Age 16+
100275,Martial Arts Boxing Workshop,103120,GY361318,Studio A4,Sun,18:00,20:00,2025-07-12,2025-09-06,30,60,Age 16+
100105,Cycling Indoor Session,162139,GY450167,Studio A4,"Sat, Sun",14:00,16:00,2025-07-13,2025-10-05,20,260,No experience required
100085,Pilates Reformer Class,160945,GY843590,Studio C2,Sat,18:00,20:00,2025-07-13,2025-08-10,20,190,Medical clearance needed
100187,Cycling Indoor Workshop,127773,GY170177,Studio B4,Thu,14:00,16:00,2025-07-13,2025-09-07,25,130,Age 16+
100111,Dance Zumba Class,117165,GY882510,Studio C2,Sun,09:00,11:00,2025-07-13,2025-10-05,15,210,Medical clearance needed
100045,Cycling HIIT Workshop,138339,GY652612,Studio B4,"Mon, Sat",09:00,11:00,2025-07-13,2025-09-07,20,50,Age 16+
100259,Cycling HIIT Workshop,114264,GY523557,Studio B4,Mon,14:00,16:00,2025-07-14,2025-08-11,20,50,Medical clearance needed
100224,Dance Zumba Session,120364,GY654375,Studio C5,"Thu, Wed",14:00,16:00,2025-07-15,2025-09-09,30,150,Medical clearance needed
100272,Weightlifting Technique Class,114625,GY747464,Studio A5,Sun,14:00,16:00,2025-07-15,2025-10-07,20,280,Medical clearance needed
100120,Yoga Beginner Class,121490,GY936777,Studio A1,Fri,19:00,21:00,2025-07-15,2025-08-12,20,260,Medical clearance needed
100056,Cycling Endurance Class,135362,GY619450,Studio A5,Fri,19:00,21:00,2025-07-16,2025-08-13,20,280,Basic fitness required
100209,Pilates Group Workshop,155023,GY215876,Studio C2,"Mon, Thu",09:00,11:00,2025-07-16,2025-08-13,15,160,Medical clearance needed
100013,Cycling Indoor Session,115636,GY507652,Studio A5,Fri,19:00,21:00,2025-07-16,2025-09-10,20,250,No experience required
100123,Pilates Clinical Session,154780,GY060945,Studio C4,Thu,19:00,21:00,2025-07-17,2025-10-09,20,170,No experience required
100263,Yoga Prenatal Session,117997,GY350355,Studio B5,Mon,14:00,16:00,2025-07-17,2025-08-14,20,110,Basic fitness required
100068,Dance Aerobic Class,104377,GY394763,Studio B5,Mon,14:00,16:00,2025-07-17,2025-09-11,15,250,Medical clearance needed
100227,Yoga Advanced Session,106919,GY149129,Studio B1,Sun,18:00,20:00,2025-07-18,2025-10-10,20,80,Basic fitness required
100038,Yoga Intermediate Session,139130,GY482515,Studio B5,Thu,18:00,20:00,2025-07-18,2025-08-15,15,230,Medical clearance needed
100248,Martial Arts Kickboxing Workshop,116605,GY254010,Studio B2,"Sat, Tue, Wed",19:00,21:00,2025-07-18,2025-08-15,25,200,Basic fitness required
100194,Yoga Intermediate Workshop,138961,GY810977,Studio C2,Wed,19:00,21:00,2025-07-18,2025-08-15,20,170,Basic fitness required
100193,Dance Hip-hop Session,116457,GY980616,Studio C3,"Sun, Thu",14:00,16:00,2025-07-18,2025-09-12,20,70,Medical clearance needed
100109,Weightlifting Technique Workshop,107970,GY700482,Studio A3,"Fri, Mon, Tue",19:00,21:00,2025-07-18,2025-10-10,20,90,Age 16+
100058,Dance Hip-hop Class,130849,GY092917,Studio A1,"Sat, Thu",19:00,21:00,2025-07-19,2025-10-11,25,110,Medical clearance needed
100035,Dance Zumba Session,157314,GY356059,Studio C3,Mon,19:00,21:00,2025-07-19,2025-08-16,30,180,Medical clearance needed
100154,Cycling HIIT Session,121093,GY401382,Studio A1,"Fri, Sun",14:00,16:00,2025-07-20,2025-08-17,25,80,Basic fitness required
100043,Weightlifting Technique Class,153534,GY906710,Studio B2,Thu,19:00,21:00,2025-07-20,2025-09-14,20,100,Basic fitness required
100258,Pilates Mat Workshop,139339,GY987462,Studio A3,"Sun, Wed",14:00,16:00,2025-07-20,2025-09-14,30,210,Basic fitness required
100072,Pilates Group Session,162495,GY458750,Studio A3,Tue,19:00,21:00,2025-07-20,2025-08-17,25,220,Basic fitness required
100116,Cycling HIIT Class,129909,GY407162,Studio C4,Wed,18:00,20:00,2025-07-20,2025-09-14,15,270,No experience required
100061,Cycling Indoor Class,136226,GY598923,Studio B2,"Fri, Wed",18:00,20:00,2025-07-20,2025-10-12,25,260,Basic fitness required
100278,Weightlifting Technique Session,163693,GY701388,Studio C3,"Fri, Sun",19:00,21:00,2025-07-20,2025-09-14,15,100,Age 16+
100092,Dance Hip-hop Workshop,139710,GY415430,Studio A2,"Sun, Tue",14:00,16:00,2025-07-20,2025-08-17,20,150,No experience required
100132,Dance Aerobic Class,166934,GY875647,Studio A4,Thu,14:00,16:00,2025-07-21,2025-10-13,20,80,No experience required
100012,Weightlifting Technique Class,111399,GY695593,Studio C5,"Thu, Wed",09:00,11:00,2025-07-21,2025-09-15,25,270,No experience required
100286,Martial Arts Boxing Session,167947,GY332455,Studio C1,"Thu, Wed",19:00,21:00,2025-07-21,2025-10-13,25,150,No experience required
100211,Weightlifting Olympic Workshop,147990,GY666916,Studio A4,Wed,18:00,20:00,2025-07-21,2025-09-15,25,220,Medical clearance needed
100177,Martial Arts MMA Class,113824,GY952752,Studio B2,"Mon, Sat",19:00,21:00,2025-07-21,2025-09-15,25,50,Age 16+
100098,Cycling HIIT Class,154408,GY074409,Studio B1,"Fri, Tue",18:00,20:00,2025-07-21,2025-08-18,30,100,No experience required
100255,Weightlifting Strength Workshop,146390,GY636338,Studio A2,Sun,14:00,16:00,2025-07-21,2025-09-15,20,140,Basic fitness required
100242,Cycling Indoor Workshop,111226,GY337141,Studio C4,Fri,14:00,16:00,2025-07-22,2025-09-16,30,160,Basic fitness required
100200,Pilates Reformer Class,151299,GY162174,Studio A4,Fri,18:00,20:00,2025-07-22,2025-10-14,25,60,Age 16+
100134,Cycling Endurance Workshop,142973,GY492776,Studio B4,"Mon, Sat, Tue",18:00,20:00,2025-07-22,2025-10-14,25,220,Age 16+
100042,Dance Zumba Session,162513,GY687795,Studio B1,"Thu, Wed",18:00,20:00,2025-07-22,2025-08-19,30,160,Medical clearance needed
