employee_id,gender,username,first_name,last_name,birthday,branch_id
EMP000022,Female,melendezkenneth,Jun,Cai,1964-07-27,GY644309
EMP000026,Male,maryayers,Lan Ying,Liao,1979-02-20,GY632126
EMP000034,Female,smithdavid,Hao,Zhang,1963-08-09,GY135043
EMP000037,Male,gail57,Feng Lan,Wu,1985-08-19,GY819261
EMP000047,Male,acastro,Xue,Jiang,1972-07-18,GY617968
EMP000049,Male,salazarandrea,Yu Mei,Zhang,1971-03-09,GY617968
EMP000051,Male,pmckee,Jie,Zhang,1974-10-27,GY425110
EMP000059,Female,smiller,Yu Lan,Bao,1967-03-05,GY910127
EMP000062,Female,zstephenson,Li,Wu,1987-04-08,GY733568
EMP000073,Male,hjohnson,Jian Ping,Ge,1976-08-13,GY609109
EMP000095,Female,kristinjohnson,Yu Mei,Xu,2001-06-04,GY581986
EMP000096,Female,angel52,Jian Hua,Zou,1973-11-16,GY049953
EMP000101,Male,philip51,Ning,Tang,1994-09-05,GY036284
EMP000106,Female,misty44,Gui Ying,Yang,1964-07-31,GY120093
EMP000118,Male,paul10,Ming,Li,1976-01-28,GY636174
EMP000131,Male,cynthiamills,Xin,Sheng,2004-04-07,GY742899
EMP000145,Male,jamesmcfarland,Zhi Qiang,Zhou,1992-04-18,GY513849
EMP000146,Male,david74,Feng Lan,Wang,1963-12-29,GY710078
EMP000152,Female,kylewilliams,Gui Ying,Wang,1980-08-06,GY117524
EMP000167,Female,mle,Dong Mei,Cui,1965-11-30,GY026599
EMP000183,Male,perezlauren,Liang,Chen,1982-12-22,GY968909
EMP000190,Female,rachel35,Yan,Liang,1981-02-01,GY958466
EMP000200,Female,doris13,Gui Xiang,Liu,2000-12-03,GY513849
EMP000217,Male,iwells,Dan,Song,1987-10-04,GY150157
EMP000232,Male,ryan74,Yang,Huang,1989-12-04,GY173787
EMP000233,Female,brandibond,Gui Ying,Li,1962-02-09,GY516352
EMP000255,Male,leetina,Yu Lan,Leng,1992-11-20,GY571730
EMP000263,Male,alexander70,Ping,Ceng,1993-07-30,GY767515
EMP000267,Female,riggsmatthew,Bin,Nie,1979-05-26,GY999136
EMP000280,Female,obest,Yu,Deng,1993-03-03,GY543586
EMP000286,Female,robinsonnancy,Jing,Xia,1968-12-02,GY427759
EMP000287,Male,christophermalone,Ling,Cai,1979-11-03,GY708981
EMP000305,Male,ogarcia,Bin,Ge,1980-08-24,GY121651
EMP000314,Female,jeffrey82,Lei,Hou,2004-01-11,GY609976
EMP000324,Female,jennifervargas,Xiu Mei,Li,2002-07-28,GY267467
EMP000327,Female,derrickmedina,Ming,Liu,1974-10-04,GY372028
EMP000353,Female,noah94,Feng Lan,Li,1968-08-02,GY699579
EMP000354,Female,daniel61,Hong,He,1969-03-24,GY187794
EMP000366,Female,jamie46,Jian Ping,Cheng,1976-09-09,GY293130
EMP000395,Male,davenportstephanie,Rong,Yang,1973-04-30,GY541992
EMP000406,Male,etucker,Gui Fang,Liu,1996-09-25,GY667912
EMP000422,Female,chenderson,Ting Ting,Wang,1980-07-10,GY042346
EMP000423,Female,timothyevans,Shu Ying,Xue,1991-12-25,GY778117
EMP000437,Male,timothyallen,Mei,Yuan,1999-01-25,GY975507
EMP000442,Male,johnsonalexander,Jian,Li,1980-05-08,GY475186
EMP000462,Male,zachary64,Lei,Wan,1992-01-29,GY301925
EMP000463,Female,sara64,Li Li,Li,2006-07-12,GY675960
EMP000479,Female,tyler21,Ying,Wang,2000-06-20,GY899684
EMP000496,Male,ohudson,Li Hua,Yang,1973-10-14,GY966049
EMP000497,Female,mirandaolson,Li,Liu,1996-12-11,GY384578
EMP000516,Female,christina17,Xiu Yun,Duan,2000-10-09,GY650498
EMP000526,Male,cwilson,Xin,Xiong,1989-08-04,GY402518
EMP000528,Male,alexandervalerie,Gui Xiang,Xiong,1991-11-18,GY434067
EMP000531,Male,amberfowler,Jun,Geng,1972-09-14,GY012902
EMP000557,Male,stacey18,Jing,Ren,1988-01-16,GY182632
EMP000573,Male,hoffmanmeredith,Yan,Lou,2004-02-24,GY870748
EMP000585,Male,hansonkristina,Kai,Liu,1997-09-04,GY677957
EMP000590,Female,suzanne98,Yu Mei,Chen,2003-12-09,GY948649
EMP000604,Male,ortegajohn,Yan,Li,1993-06-06,GY237515
EMP000620,Male,oyoder,Gui Hua,Lu,2002-09-29,GY246954
EMP000625,Male,madisonhicks,Hui,Wang,2003-03-31,GY121651
EMP000635,Male,richard63,Jun,Wen,1970-09-21,GY826649
EMP000650,Female,yparker,Zhi Qiang,Jiang,1977-08-18,GY732955
EMP000651,Male,larachristopher,Lei,Lin,2002-07-16,GY710633
EMP000653,Male,virginia63,Dong Mei,Ma,1986-06-18,GY244457
EMP000657,Male,paul09,Juan,Huang,1967-07-02,GY732955
EMP000660,Female,michaelphillips,Li,Ma,2006-03-02,GY263268
EMP000693,Male,allenhawkins,Jie,Xia,1965-09-16,GY986273
EMP000699,Female,escobarrobert,Min,Liao,1990-07-29,GY999136
EMP000706,Female,richaaron,Bo,Huang,1993-06-22,GY936387
EMP000712,Female,marktaylor,Gui Ying,Gan,1990-10-04,GY187794
EMP000713,Female,jhickman,Jian Guo,Yan,1994-09-18,GY910127
EMP000718,Female,melissatapia,Ning,Jiang,2005-01-01,GY288855
EMP000721,Male,wallaceeric,Peng,Lai,1976-09-26,GY617100
EMP000723,Female,shane42,Lin,Li,1990-07-15,GY010216
EMP000724,Male,ibryant,Yu Lan,Zhang,1969-08-22,GY701267
EMP000744,Female,melissahart,Yu Lan,Shi,1992-06-12,GY842441
EMP000751,Female,dustinwilliams,Min,Luo,2005-04-03,GY870748
EMP000756,Male,greenlisa,Fang,Ye,1982-07-08,GY296216
EMP000760,Male,cjohnston,Wen,Peng,1971-04-05,GY856797
EMP000764,Female,chadbooker,Ting Ting,He,2003-01-04,GY265053
EMP000771,Male,barnettwarren,Li Juan,Zhou,1969-04-23,GY859376
EMP000804,Male,fpage,Ning,Wang,1985-06-03,GY818650
EMP000809,Female,simmonsanthony,Gui Xiang,Xu,1990-02-22,GY933010
EMP000817,Male,pwebb,Yang,Pang,1974-01-14,GY052296
EMP000818,Male,cathyford,Wen,Cao,2000-12-12,GY079008
EMP000832,Male,kenneth19,Jing,Huang,1991-02-07,GY301043
EMP000840,Male,fordmelissa,Ping,Chen,2004-05-27,GY263575
EMP000847,Female,jimenezfrederick,Gui Zhen,Chen,1982-04-27,GY659968
EMP000853,Male,heathertanner,Shu Lan,Zhou,1960-07-28,GY272998
EMP000858,Male,candaceallen,Xiu Hua,Zhang,1974-08-14,GY780316
EMP000871,Female,tracy57,Ping,Zhao,1978-05-31,GY408962
EMP000878,Male,hmiller,Xiu Zhen,Zhang,1965-10-14,GY701267
EMP000901,Female,deborahpineda,Lin,Huang,1986-06-18,GY293320
EMP000924,Male,vanessa56,Xin,Yang,1999-06-21,GY698479
EMP000936,Male,baileyjonathan,Rong,Pang,1964-09-23,GY439934
EMP000971,Male,rogersbarry,Bo,Guo,1979-07-23,GY496637
EMP000974,Female,charles42,Hong Xia,Pan,2004-02-08,GY093455
EMP000981,Female,collinsrebecca,Xin,Qiu,1985-10-03,GY073310
EMP000987,Male,stephensanchez,Yu Ying,Wang,2001-12-26,GY178554
EMP001011,Male,deborah42,Xu,Zhang,1999-03-12,GY030894
EMP001013,Male,tarameadows,Liu,Lu,1998-01-16,GY729889
EMP001036,Male,kurtwhite,Xiu Zhen,Lan,1980-02-01,GY073310
EMP001044,Female,knightsean,Li,Ye,1990-05-01,GY397167
EMP001049,Female,bassmichael,Chun Mei,Zhang,1974-04-25,GY790511
EMP001051,Female,jason53,Min,Tan,1968-04-22,GY160132
EMP001061,Male,campbellheather,Jie,Shi,1968-03-30,GY314731
EMP001066,Female,brittanycontreras,Ying,Zhu,1975-05-31,GY059585
EMP001089,Female,oneillmichael,Xia,Zhu,1964-07-14,GY272933
EMP001112,Female,dustinbridges,Na,Li,1999-12-13,GY056592
EMP001118,Female,kayla98,Chang,Zhang,1966-02-25,GY548709
EMP001128,Male,christopher55,Yu,Gu,1990-10-18,GY002066
EMP001131,Male,oconnorkristin,Hui,Chen,1986-10-08,GY164333
EMP001141,Female,jacobaustin,Feng,He,1993-12-13,GY585055
EMP001148,Male,udouglas,Chang,Cheng,1965-11-20,GY597180
EMP001151,Female,ashleyvelez,Hao,Fang,2006-02-18,GY130310
EMP001155,Female,andersonfelicia,Bing,Jiang,1968-05-04,GY332109
EMP001160,Male,joseph72,Bo,Shu,1997-03-30,GY588129
EMP001169,Female,katherine68,Feng,Shen,2003-04-12,GY223648
EMP001180,Female,jenniferhanson,Kun,Dai,1995-05-05,GY999136
EMP001193,Female,lisa71,Dan Dan,Zhang,2004-03-05,GY362704
EMP001221,Male,karen65,Bin,Hu,1998-11-17,GY517505
EMP001223,Male,donburch,Yang,Jiang,1993-10-15,GY897675
EMP001230,Male,owhitney,Bo,Ge,2003-05-29,GY298189
EMP001259,Male,podonnell,Na,Jiang,1960-07-26,GY013037
EMP001275,Male,bryantpaul,Wen,Ma,1965-08-11,GY936387
EMP001282,Male,georgemccullough,Lan Ying,Cai,1994-01-26,GY593541
EMP001284,Female,wendy18,Xue Mei,Wang,2004-02-27,GY494112
EMP001289,Female,wilsonfred,Yan,Wang,1972-01-23,GY642904
EMP001290,Female,bryan39,Fang,Ji,1969-09-08,GY301043
EMP001309,Female,ernestdavis,Xiao Hong,Zhao,2004-03-10,GY021495
EMP001313,Male,shane80,Yan,Zhang,1996-08-05,GY192353
EMP001319,Female,jenkinstracie,Hai Yan,Tang,1965-03-04,GY897675
EMP001323,Male,jameswright,Feng Ying,Wei,1966-09-26,GY281434
EMP001330,Female,zlynn,Yan,Wang,1999-10-21,GY217212
EMP001352,Male,josephrobertson,Yang,Fang,1991-07-02,GY958466
EMP001364,Male,rlindsey,Xue Mei,Li,1976-02-12,GY042346
EMP001368,Female,davisdavid,Hua,Chen,1992-11-29,GY247996
EMP001377,Male,phoward,Jian,Shang,1965-06-15,GY873460
EMP001385,Female,andersonmichelle,Wen,Wang,1982-09-26,GY514371
EMP001396,Female,elizabethkhan,Xia,Zhao,1980-05-06,GY710633
EMP001404,Male,nhunt,Bing,Su,1972-08-31,GY156218
EMP001407,Male,georgenathan,Hai Yan,Wang,1962-02-03,GY217212
EMP001408,Female,rebekah53,Lu,Wu,1960-05-10,GY848881
EMP001410,Male,parkstephen,Tao,Cui,2000-02-16,GY650498
EMP001420,Male,thompsonkara,Li Juan,Jiang,2004-10-19,GY417521
EMP001421,Male,robertsjessica,Ting,Li,1976-06-10,GY710633
EMP001433,Male,jessica83,Hua,Ma,1997-10-16,GY812001
EMP001438,Female,ramirezsteven,Lin,Zhang,1988-02-05,GY036284
EMP001442,Male,kathleen39,Yu Mei,Huang,2005-05-29,GY585055
EMP001463,Female,bhopkins,Qian,Ma,1995-07-06,GY915577
EMP001474,Male,svazquez,Chang,Tan,1973-03-02,GY794867
EMP001500,Male,steven97,Ming,Luo,1962-04-24,GY818650
EMP001501,Male,alejandra32,Jian Ping,Wei,2000-10-30,GY476708
EMP001505,Female,don91,Hua,Yang,1971-12-01,GY914039
EMP001506,Female,kmyers,Ming,Liu,1979-11-01,GY780316
EMP001533,Female,joneskevin,Gang,Liu,1980-03-17,GY627554
EMP001536,Female,ythomas,Shu Zhen,Fang,2003-02-23,GY648271
EMP001551,Male,vanessa03,Yu Mei,Guo,2003-05-07,GY998755
EMP001552,Male,oroach,Dong,Shi,1982-11-02,GY659968
EMP001553,Male,andrechandler,Jie,Gao,1984-08-23,GY481290
EMP001561,Male,marydaugherty,Chun Mei,Zheng,1990-05-08,GY723888
EMP001562,Male,amyowens,Yong,Guo,1990-07-29,GY803376
EMP001579,Female,meganwilliams,Li Juan,Li,2004-07-23,GY981013
EMP001591,Female,cblack,Xiu Mei,Du,1965-04-24,GY971559
EMP001599,Male,jonesaustin,Jing,Hu,1975-11-13,GY647065
EMP001602,Male,terridelgado,Gang,Zhao,1966-05-15,GY607076
EMP001627,Female,rogerssusan,Wei,Wu,1979-08-26,GY412567
EMP001628,Male,rachel00,Jian Jun,Li,1971-07-22,GY597180
EMP001629,Male,ncummings,Gang,Zhang,1986-09-27,GY698390
EMP001635,Female,fosterjennifer,Lan Ying,Ge,2002-12-15,GY618226
EMP001636,Female,kevin76,Yu Zhen,Xiao,2001-09-20,GY451678
EMP001640,Male,alyssaolson,Xiu Lan,Ou Yang,1982-12-11,GY311011
EMP001653,Female,moralesmichael,Yu Hua,Li,1988-04-15,GY499956
EMP001657,Female,mcdanieljohnny,Shu Hua,Zhang,1967-08-27,GY789441
EMP001699,Female,nbrock,Xin,Tang,1961-07-02,GY316089
EMP001709,Female,jenkinsjoann,Qian,Qin,1964-10-15,GY471743
EMP001710,Female,victoriaadams,Lei,Shen,1962-08-17,GY244457
EMP001711,Female,bookerjay,Li Li,Zhang,1980-04-08,GY852665
EMP001714,Female,stephaniewilliams,Xiu Zhen,Lin,1994-03-19,GY396267
EMP001718,Male,hsummers,Fei,Wu,1988-10-15,GY101512
EMP001721,Female,xli,Lin,Wang,2002-11-10,GY097232
EMP001731,Female,lauriesmith,Cheng,He,2006-08-25,GY105358
EMP001746,Male,ibeltran,Rui,Wang,1991-01-16,GY897675
EMP001749,Male,ericwilliams,Yan,Wang,1977-08-26,GY965315
EMP001753,Male,trevor52,Jia,Mo,1985-12-17,GY677957
EMP001765,Male,josephbates,Hui,Zhang,1998-04-13,GY171439
EMP001784,Female,xvaldez,Gui Zhen,Zhang,1989-08-30,GY206759
EMP001790,Male,kimberly36,Lu,Huang,1987-10-06,GY417521
EMP001799,Female,qwood,Ying,Ma,1989-03-26,GY699867
EMP001807,Male,abeasley,Jing,Liu,2001-10-01,GY247996
EMP001819,Male,vgibson,Li Juan,Zhao,1979-05-22,GY731294
EMP001821,Female,floresrobert,Yu Lan,Chen,2002-02-13,GY821646
EMP001829,Female,nicolegraham,Xiu Ying,Xu,2002-01-09,GY049953
EMP001833,Male,fhart,Min,Li,1963-01-23,GY903316
EMP001839,Male,loretta73,Rong,Chen,1990-10-06,GY349088
EMP001847,Male,lbernard,Shuai,Li,1974-03-30,GY437846
EMP001853,Female,lindaburns,Jian Jun,Yang,1986-09-22,GY507004
EMP001854,Female,cherryeric,Xin,Xiao,1991-07-18,GY738383
EMP001855,Female,iryan,Yan,Liang,1989-05-02,GY281197
EMP001858,Male,tuckercynthia,Bin,Zou,1964-02-24,GY293320
EMP001860,Female,veronica24,Wei,Tian,1981-09-04,GY748768
EMP001867,Male,bradley39,Dong Mei,Du,1995-02-22,GY836927
EMP001878,Female,zfields,Xiu Fang,Zhang,1968-04-26,GY254756
EMP001882,Male,jennifermontoya,Hai Yan,Zheng,1968-09-07,GY723888
EMP001886,Female,amandadavis,Li,Chen,1997-06-13,GY673083
EMP001895,Male,smithwilliam,Jun,Yuan,1971-12-04,GY337150
EMP001898,Male,nealbobby,Li,Wu,2003-01-06,GY178554
EMP001900,Male,jaredwerner,Zhi Qiang,Ceng,1980-07-06,GY883753
EMP001907,Male,courtneycardenas,Wen,Zhang,1999-06-12,GY711569
EMP001908,Female,susan65,Hua,Jiang,2004-04-15,GY647065
EMP001913,Male,yhahn,Xiu Lan,Chen,1962-06-26,GY836927
EMP001914,Male,calderonjacqueline,Jian Jun,Xu,1984-02-11,GY223648
EMP001929,Female,rsanders,Shu Zhen,Liu,1994-02-23,GY223648
EMP001949,Female,corygallagher,Ning,Cao,1990-08-06,GY263268
EMP001953,Male,laurenthompson,Shuai,Ma,1998-09-12,GY012902
EMP001966,Female,brownnathaniel,Zhi Qiang,Yang,1989-09-12,GY644309
EMP001973,Male,thomas30,Xue,Xu,1981-10-25,GY636825
EMP001990,Female,vvelazquez,Jing,Wang,1977-07-28,GY121520
EMP001996,Male,wilsonjohn,Jie,Han,1993-02-04,GY271083
EMP001998,Female,claytonkristy,Xiu Fang,Shi,1980-06-17,GY002066
EMP002001,Female,adam89,Dong,Feng,1978-01-18,GY962403
EMP002006,Female,fredwatson,Na,Deng,1996-03-12,GY384578
EMP002015,Female,barnesalbert,Feng,Li,2001-07-28,GY593541
EMP002025,Male,robertajones,Jing,Chen,1978-02-05,GY178554
EMP002028,Male,sotoelizabeth,Chen,Lu,1980-05-26,GY271083
EMP002036,Male,christinamurphy,Shu Ying,Tan,2006-12-01,GY460938
EMP002042,Male,lfisher,Bin,Qin,1972-01-23,GY848881
EMP002043,Male,eric53,Bing,Liu,1973-04-13,GY318828
EMP002050,Female,burkeantonio,Shu Hua,Zheng,1999-05-19,GY366052
EMP002053,Male,ericcastillo,Dong,Li,2005-10-28,GY738383
EMP002055,Female,kelsey82,Ling,Li,1964-01-13,GY211110
EMP002057,Male,harrelljonathan,Li Juan,Li,1975-06-24,GY101512
EMP002073,Male,elizabeth00,Jie,Hu,2004-04-27,GY642961
EMP002075,Female,briannewman,Shu Hua,Wang,1978-10-21,GY164333
EMP002086,Female,tranthomas,Ting,Qian,1964-06-05,GY048981
EMP002096,Female,cindy07,Xiu Mei,Yang,1987-12-12,GY750186
EMP002115,Male,carlbrown,Lu,Yang,1976-03-26,GY044629
EMP002123,Female,perkinsanthony,Xue,Gao,2003-08-27,GY925458
EMP002138,Female,carlospowell,Yong,Qin,1983-06-24,GY314731
EMP002143,Female,hoffmanheather,Na,Chen,1970-08-18,GY926196
EMP002145,Male,john63,Na,Li,1972-11-15,GY122792
EMP002151,Female,mcknightbethany,Gui Lan,Song,1997-02-23,GY745829
EMP002157,Female,othomas,Hui,Wang,1983-02-09,GY439934
EMP002161,Female,debrahaynes,Hong Xia,Yang,1987-05-01,GY534402
EMP002164,Male,nfranklin,Gang,Wang,2002-11-19,GY171439
EMP002185,Female,michellestuart,Juan,Zhang,1970-10-28,GY494112
EMP002191,Male,benjamin58,Yan,Yuan,2005-10-14,GY725291
EMP002205,Male,huffmanjack,Jie,Wang,1967-07-16,GY012902
EMP002225,Female,biancalopez,Lin,Zhang,1987-12-17,GY647065
EMP002255,Female,sara26,Ying,Wang,2002-11-05,GY379382
EMP002264,Male,tyler08,Liu,Jin,1979-01-11,GY750181
EMP002268,Male,afleming,Hua,Lei,1989-12-12,GY372028
EMP002272,Male,james59,Qiang,Tang,1977-06-12,GY822827
EMP002296,Male,simpsonemily,Yong,Zhang,1992-06-17,GY906280
EMP002297,Female,dominguezelizabeth,Yong,Gong,1976-05-09,GY557894
EMP002302,Male,hawkinsstephen,Lin,Jiang,1980-07-27,GY603473
EMP002307,Male,jeremy60,Xue Mei,Zhang,1981-11-17,GY314731
EMP002317,Male,bwilliamson,Jia,Shi,1978-03-08,GY603473
EMP002332,Female,james53,Jun,Li,1981-03-08,GY319687
EMP002337,Male,cookjackson,Yu Lan,Gao,2004-01-10,GY030894
EMP002352,Male,davisteresa,Xia,Zhao,2000-06-26,GY122792
EMP002369,Female,krivera,Wei,Li,2007-04-02,GY931396
EMP002371,Male,wattsjulia,Kun,Zhang,1976-02-16,GY644309
EMP002373,Female,hartmansusan,Gui Zhen,Zhu,2004-06-19,GY450975
EMP002379,Male,slloyd,Xiu Rong,Jin,1993-01-17,GY836927
EMP002393,Male,madelinemeyer,Yu,Du,2003-01-10,GY916456
EMP002405,Male,angela87,Yu Ying,Huang,1984-12-07,GY679093
EMP002407,Female,andrewmassey,Fan,Wang,1965-05-07,GY647065
EMP002409,Male,simmonsjuan,Ping,Jiang,1989-04-25,GY617100
EMP002416,Female,alvin36,Huan,Li,1970-06-12,GY859376
EMP002417,Female,christianperez,Xiu Zhen,Chen,1986-04-26,GY802309
EMP002421,Female,greenrussell,Yong,Hu,1999-10-17,GY496637
EMP002424,Male,hamptoncassandra,Jian Ping,Wang,1973-10-02,GY075553
EMP002426,Male,kennethbauer,Fan,Bai,1983-08-28,GY366052
EMP002429,Female,masontammy,Wei,Jiang,1985-03-15,GY496637
EMP002439,Male,alexander56,Gui Xiang,Zheng,1986-12-22,GY742899
EMP002442,Male,tonyharris,Mei,Wang,1993-12-30,GY780481
EMP002446,Male,brooke22,Shu Zhen,Zhu,2001-09-21,GY962403
EMP002447,Male,danielpugh,Yang,Zhou,1973-08-20,GY603473
EMP002458,Male,bruce45,Ying,Chen,1963-01-13,GY819531
EMP002461,Male,paulpatricia,Xiu Lan,Yang,1969-07-09,GY510083
EMP002464,Male,fwebb,Yan,Lin,1990-04-07,GY862758
EMP002472,Male,jholloway,Peng,Feng,1996-01-14,GY096774
EMP002489,Male,colechristopher,Jian Hua,Zhang,2006-02-17,GY130338
EMP002492,Male,margaret85,Chang,Wu,1990-03-13,GY174807
EMP002516,Female,devonfreeman,Hui,Jiang,1985-12-31,GY299390
EMP002541,Male,bcampos,Lu,Wu,1994-08-09,GY910127
EMP002544,Female,christophermcfarland,Dan,Chen,1974-12-30,GY588203
EMP002548,Male,brian16,Xiu Mei,Zheng,1963-03-02,GY384578
EMP002558,Female,ymclean,Kun,Lin,2004-11-30,GY869373
EMP002566,Male,bryan05,Li,Lu,1981-10-21,GY412567
EMP002567,Female,alan59,Dong Mei,Yang,1968-07-29,GY691966
EMP002600,Female,paulacrosby,Bing,Li,1975-02-10,GY647065
EMP002604,Male,prestoncynthia,Li,Jiang,2002-04-22,GY206759
EMP002622,Female,taguilar,Fang,Liu,1986-03-25,GY021148
EMP002623,Male,debra08,Xiu Rong,Han,1976-03-12,GY112881
EMP002642,Female,marquezann,Yu,Bao,1984-05-03,GY860050
EMP002644,Male,combscourtney,Tao,Chu,1990-10-19,GY687446
EMP002650,Female,jessestrong,Li Li,Xu,2005-02-26,GY725291
EMP002664,Female,melody70,Li Hua,Yang,2002-08-19,GY802309
EMP002681,Female,poncecrystal,Fan,Geng,1966-08-29,GY637908
EMP002689,Male,morrisryan,Wei,Zhou,1979-06-14,GY819261
EMP002699,Male,josephmoore,Gang,Wang,1973-08-28,GY052296
EMP002704,Male,taylorcarr,Ting,Fan,1962-12-21,GY496637
EMP002714,Female,carterjonathon,Fan,Chou,1962-08-12,GY965315
EMP002717,Male,franksantos,Xia,Jin,1970-05-05,GY914039
EMP002726,Female,geoffrey98,Li Li,Chen,1989-09-29,GY748681
EMP002737,Female,joshua02,Jing,Li,1964-03-12,GY789543
EMP002762,Female,klamb,Jian Guo,Zhu,1983-06-19,GY902238
EMP002765,Male,alisonmann,Jian,Xu,1963-05-15,GY784130
EMP002768,Female,nathanielmitchell,Kun,Xiao,1988-05-30,GY862758
EMP002772,Female,emily90,Jian Hua,Chen,1973-08-27,GY617968
EMP002787,Female,castrodawn,Tao,Liu,1975-11-23,GY962403
EMP002822,Female,jonathanlittle,Xiu Rong,Zhang,1995-02-21,GY897675
EMP002827,Female,kelly06,Rui,Shen,1999-07-08,GY427759
EMP002834,Male,vmccall,Shu Hua,Wang,1981-01-23,GY607076
EMP002846,Female,anthonygarcia,Fan,Zhu,1995-05-17,GY441092
EMP002855,Male,kendramorales,Li,Zhang,2002-02-28,GY463586
EMP002874,Male,shaffergregory,Bo,Ye,1975-01-04,GY239835
EMP002883,Female,brandtgeorge,Huan,Ling,1996-05-01,GY301203
EMP002892,Male,evelynpena,Ting,Xiao,1999-01-10,GY265053
EMP002896,Male,joseph56,Xiu Zhen,Zhao,1971-09-25,GY076629
EMP002905,Female,wochoa,Bo,Tang,1963-02-10,GY975507
EMP002913,Female,johntodd,Jing,Liu,1990-02-02,GY730835
EMP002928,Female,elizabethhoward,Jie,Zheng,1987-10-11,GY408583
EMP002944,Male,roberta51,Lei,Xu,1967-04-10,GY627554
EMP002968,Female,mwhite,Jing,Sun,1979-03-01,GY439934
EMP002971,Female,rebeccarobertson,Gui Hua,Duan,1963-08-25,GY375135
EMP002989,Male,fischerjeff,Ming,Tang,1978-06-28,GY052296
EMP002991,Male,michellebartlett,Xia,Chi,1983-11-05,GY902238
EMP003001,Male,smontes,Jian,Xu,2006-05-28,GY897971
EMP003005,Male,william34,Feng,Wang,1986-07-30,GY870819
EMP003020,Male,darrylrice,Xiu Zhen,Gao,1992-04-12,GY465683
EMP003025,Male,montgomerybryan,Yu Zhen,Wang,1980-10-30,GY366985
EMP003060,Female,fischerkelly,Chen,Sun,1968-11-22,GY307656
EMP003074,Male,emily58,Xue,Zhang,1978-02-27,GY948649
EMP003075,Female,tabitha92,Liu,Luo,1967-02-03,GY225239
EMP003096,Male,justin88,Rong,Gao,1968-08-22,GY554614
EMP003103,Male,brookswilliam,Yu Lan,Sun,1984-06-12,GY291195
EMP003104,Male,pgutierrez,Li,Pan,2003-11-22,GY995705
EMP003113,Male,yoderlinda,Ting,Hu,1975-03-25,GY441489
EMP003114,Female,ronaldblackburn,Shu Hua,Fang,1978-11-23,GY160132
EMP003125,Male,xpena,Kun,Liu,1988-10-31,GY710078
EMP003129,Male,ejordan,Yu Lan,Zhan,1962-04-08,GY217212
EMP003152,Female,fsaunders,Yu Mei,Cen,1986-03-22,GY966049
EMP003159,Female,gmurphy,Gui Zhen,Meng,1963-01-15,GY171439
EMP003162,Male,marksbrandon,Hong Mei,Liang,2004-01-05,GY723220
EMP003203,Male,margaret38,Ying,Yang,1987-07-15,GY375135
EMP003209,Female,denise38,Chun Mei,Zhang,2002-01-17,GY013037
EMP003214,Female,oharrison,Xin,Chen,1982-02-10,GY492837
EMP003215,Female,ihaynes,Juan,Hu,1999-02-20,GY022182
EMP003219,Female,kimberlydouglas,Lei,Tian,1995-01-05,GY609396
EMP003226,Male,escott,Chun Mei,Huang,1974-12-30,GY554614
EMP003238,Female,debbiesanchez,Wei,Zhang,2004-06-08,GY163937
EMP003242,Male,zbaxter,Gui Lan,Ma,2002-04-27,GY627554
EMP003243,Female,rstevenson,Shu Zhen,Deng,2005-05-29,GY782956
EMP003249,Male,owade,Kai,Deng,1966-01-06,GY076629
EMP003261,Male,anamcclain,Bo,Lu,1978-11-12,GY465683
EMP003268,Female,derek05,Jian Guo,Chen,1999-01-20,GY984970
EMP003277,Male,shelbycastaneda,Dan Dan,Guo,1970-02-04,GY975507
EMP003303,Male,haley28,Xin,Song,2002-11-14,GY298292
EMP003313,Female,jameswilson,Xiang,Lai,1972-05-21,GY725309
EMP003324,Male,harrisonjames,Xiu Mei,Yang,1990-07-28,GY507004
EMP003332,Female,edward45,Gang,Dong,1980-02-11,GY126731
EMP003351,Male,medinajames,Jing,Li,1984-04-06,GY120093
EMP003356,Female,angelicagates,Hui,Kang,2004-06-18,GY648349
EMP003364,Female,tracy60,Hong Mei,Pan,1974-02-05,GY812947
EMP003408,Male,sheenalara,Lan Ying,Wang,1978-12-02,GY254756
EMP003413,Female,matthewsashley,Yu Hua,Li,1982-02-23,GY363976
EMP003441,Female,cannongerald,Tao,Su,1985-01-09,GY607076
EMP003443,Female,shanebates,Yong,Xue,1989-05-25,GY738383
EMP003460,Female,josephlewis,Jing,Sun,2005-05-27,GY667437
EMP003486,Male,eric16,Min,Deng,1988-03-14,GY126731
EMP003497,Female,adam59,Yong,Liu,1980-05-23,GY454455
EMP003501,Male,douglas04,Xiao Hong,Zhou,1964-08-04,GY759217
EMP003509,Male,moodylauren,Xiu Mei,Guo,1971-08-21,GY288855
EMP003531,Male,hbennett,Lan Ying,Wu,1985-06-15,GY476708
EMP003535,Female,rachelsmith,Gui Rong,Zhang,1988-03-06,GY667437
EMP003536,Female,carralicia,Chen,He,1963-04-22,GY652430
EMP003540,Male,nguyenerin,Jian Hua,Ma,2003-03-30,GY899684
EMP003577,Male,jacqueline99,Hong Mei,Li,2000-06-18,GY030338
EMP003586,Male,umcmillan,Feng,Yang,2005-09-28,GY234853
EMP003591,Female,richardanderson,Bin,Yu,1977-11-28,GY986273
EMP003597,Female,garciacharles,Jun,Pan,1985-01-02,GY075553
EMP003614,Female,melissamorris,Bing,Chen,1988-03-21,GY652227
EMP003619,Female,jasonmiller,Gang,Zheng,1985-11-13,GY607076
EMP003620,Female,catherinemoses,Jin Feng,Chen,1992-04-28,GY906280
EMP003648,Female,megangeorge,Lin,Xu,2001-09-20,GY319687
EMP003652,Female,torresregina,Xin,Wang,1980-08-16,GY829480
EMP003665,Male,cohenbrooke,Jian Guo,Wu,1962-12-11,GY813504
EMP003674,Female,parkerchristopher,Xiu Yun,Li,1987-06-02,GY135604
EMP003675,Female,robert20,Yong,Lu,1971-12-15,GY903316
EMP003703,Male,wilsonchelsey,Gang,Ceng,1964-03-23,GY847791
EMP003714,Male,phillipsjohn,Yan,Qu,1989-06-04,GY742899
EMP003731,Male,curtisjanet,Xiu Hua,Li,2000-02-26,GY673083
EMP003752,Female,amanda40,Li Hua,Liu,2004-09-25,GY248583
EMP003764,Female,michaellong,Jie,Cao,1976-11-18,GY582497
EMP003769,Female,bfrazier,Liang,Liu,1977-12-14,GY648349
EMP003795,Female,pweaver,Jun,Li,1979-07-27,GY404798
EMP003821,Female,ckelley,Ying,Yao,1967-11-05,GY292189
EMP003823,Male,john83,Yang,Li,1988-11-25,GY401799
EMP003830,Female,brendacarroll,Dong,Nie,2004-06-03,GY667437
EMP003833,Male,zbyrd,Juan,Liu,1970-10-04,GY574556
EMP003843,Female,amber00,Yu Zhen,Zhang,2002-03-22,GY274863
EMP003851,Female,trivera,Xiao Hong,Wang,2005-06-05,GY079008
EMP003865,Female,ihenderson,Dan,Ma,2001-11-16,GY829480
EMP003885,Female,kathywilson,Qiang,Wang,1984-06-21,GY219584
EMP003891,Male,cookthomas,Zhi Qiang,Yang,1981-12-16,GY980682
EMP003899,Male,heather05,Ying,Han,1995-09-03,GY914223
EMP003909,Female,harold22,Hong Mei,Wang,1992-04-03,GY823802
EMP003912,Male,petersonjohnny,Hong,Li,1980-08-26,GY467984
EMP003915,Female,montesderrick,Tao,Zhang,1991-08-26,GY022320
EMP003920,Male,karenlara,Min,Si,2001-02-08,GY642904
EMP003933,Female,abenjamin,Xiu Hua,Zhang,1972-12-21,GY161407
EMP003945,Female,morgan00,Ying,Li,1981-06-29,GY926462
EMP003957,Male,josephmccormick,Jian,Zhang,1994-02-24,GY372028
EMP003964,Female,kwallace,Gui Zhi,Liu,1977-04-19,GY856797
EMP003984,Female,denisesummers,Gui Ying,Mao,1995-06-26,GY248583
EMP004000,Male,johnshelton,Jian Ping,Lei,1994-01-25,GY935813
EMP004012,Male,solomonbrenda,Wen,Fan,1968-02-26,GY458464
EMP004018,Male,rosserika,Feng Ying,Lan,1962-10-03,GY981013
EMP004027,Male,gchandler,Jia,Huang,1979-04-01,GY402518
EMP004038,Male,hcarey,Hong Mei,Zhu,1973-02-07,GY450092
EMP004044,Female,josephgriffin,Lin,Man,1962-03-15,GY187794
EMP004050,Male,dannyrandall,Rui,Cai,1982-05-17,GY694862
EMP004056,Female,rtorres,Yu Hua,Sun,1974-10-22,GY852665
EMP004114,Male,morgan20,Gang,Xu,1996-07-05,GY742899
EMP004115,Male,ktran,Xin,Luo,1983-01-06,GY968909
EMP004121,Male,jonesamy,Na,Liao,1963-06-19,GY819531
EMP004140,Male,juan82,Gui Zhi,Ni,1975-09-20,GY314731
EMP004146,Male,alimaria,Yu Zhen,Yu,1995-08-26,GY803055
EMP004182,Male,kevinmichael,Yu Mei,Yao,1977-10-18,GY732955
EMP004187,Male,lauriewilliams,Xin,Huang,2005-02-27,GY499956
EMP004190,Female,andrewschristopher,Qian,Liang,1968-06-08,GY564374
EMP004191,Female,amberdelgado,Cheng,Wang,1985-04-17,GY513849
EMP004193,Female,jonesjohn,Jian,An,1969-10-31,GY935813
EMP004195,Male,batesdouglas,Xia,Li,1982-08-23,GY116913
EMP004201,Male,pmorse,Jie,Mao,1963-07-16,GY277115
EMP004204,Female,nicholedean,Jia,Liu,1970-06-18,GY821646
EMP004213,Female,maxwellharper,Bin,Zou,1962-12-23,GY594757
EMP004217,Female,patrickmorris,Gui Fang,Ji,1985-07-14,GY669274
EMP004220,Female,bryantjody,Yu,Wang,1987-09-09,GY636825
EMP004229,Female,jasonrichardson,Hao,Liu,1998-08-24,GY396267
EMP004230,Male,rparks,Yong,Duan,1991-10-26,GY217212
EMP004244,Female,harold90,Rui,Liu,1971-12-14,GY195642
EMP004249,Male,kyle35,Fang,Deng,2006-08-16,GY527930
EMP004253,Male,hesselizabeth,Jun,Cai,1964-10-15,GY121651
EMP004322,Female,wilsonchristy,Fei,Cheng,1975-06-09,GY076629
EMP004335,Male,sandy33,Yong,Zhang,1999-12-01,GY784130
EMP004356,Male,huntlori,Jian Jun,Qiu,1965-03-31,GY301842
EMP004382,Female,jdorsey,Li,Liu,1990-08-25,GY476708
EMP004391,Male,lauranicholson,Yu Zhen,Chen,1978-06-09,GY607076
EMP004399,Female,burtonpaul,Qian,Zheng,1971-09-24,GY287631
EMP004411,Male,smithcarl,Hong Mei,Li,1974-03-18,GY641784
EMP004437,Female,brian29,Rong,Liu,1990-08-12,GY984970
EMP004447,Female,herbert15,Xiu Zhen,Wang,1992-06-21,GY038186
EMP004452,Female,tayloroconnor,Li Hua,Huang,1990-01-23,GY819261
EMP004470,Female,olopez,Dan Dan,Deng,1972-05-10,GY984970
EMP004491,Female,wandadickerson,Jian Hua,Zhao,1989-07-21,GY327715
EMP004495,Female,nicoleross,Nan,Liu,1989-04-17,GY338994
EMP004504,Male,wsimon,Xiu Lan,Tang,1975-07-27,GY238335
EMP004517,Male,natalie40,Yan,Dong,1968-06-16,GY873460
EMP004530,Male,kennethgreen,Qian,Zhu,1979-11-02,GY096774
EMP004537,Male,nday,Lei,Chen,1962-06-16,GY164333
EMP004552,Male,sroberts,Feng Lan,Tang,1970-07-20,GY827200
EMP004553,Male,andrewwashington,Shuai,Li,1960-10-02,GY787068
EMP004571,Male,christiancastro,Xiao Hong,Gu,1967-04-11,GY425110
EMP004579,Female,grantjames,Xue Mei,Ding,1962-05-08,GY699579
EMP004583,Female,gbaker,Ting,Lai,1978-07-31,GY234046
EMP004585,Female,marystone,Xia,Guo,1976-08-27,GY466738
EMP004587,Female,scottknox,Qin,Yi,1997-12-05,GY634936
EMP004596,Female,michael00,Bo,Huang,1981-07-21,GY581306
EMP004603,Female,jared32,Min,Ma,1972-05-28,GY292672
EMP004606,Female,jose83,Lei,Li,1994-06-06,GY829480
EMP004608,Male,lynntran,Dan Dan,Zhang,1962-10-06,GY036284
EMP004611,Male,anna37,Xiu Yun,Ding,1969-07-08,GY552271
EMP004621,Male,randall78,Gui Rong,Wang,1969-03-01,GY225239
EMP004623,Female,joseph98,Xiu Rong,Wang,1979-06-24,GY732955
EMP004663,Female,aharper,Yan,Shi,1996-04-14,GY637908
EMP004690,Male,nancy47,Ming,Ran,1992-08-17,GY874746
EMP004721,Male,pamelanichols,Yu Mei,Guo,1989-05-13,GY829480
EMP004736,Male,kimberlyconner,Qin,Hao,1973-05-22,GY029113
EMP004744,Male,dwayneboyle,Xiu Zhen,Qiu,1977-11-11,GY318828
EMP004757,Female,brandy97,Li,Huang,1980-12-09,GY223648
EMP004759,Female,fryaudrey,Bo,Cheng,1974-05-09,GY862758
EMP004764,Female,sherriweber,Xiu Lan,Deng,1987-05-23,GY637908
EMP004769,Female,jordanhunter,Xiu Fang,Yang,1965-06-02,GY281434
EMP004777,Female,kristenhamilton,Xiu Mei,Xue,1978-06-24,GY767515
EMP004782,Male,danielle51,Gui Hua,Sun,1998-09-07,GY554043
EMP004790,Male,phillip10,Lin,Wei,1970-01-07,GY296216
EMP004801,Female,amyhancock,Lu,Dong,1968-06-27,GY121651
EMP004806,Female,crawfordroger,Feng,Zheng,1976-10-17,GY234513
EMP004820,Male,alvarezerin,Yu Lan,Sun,2000-11-09,GY118765
EMP004822,Female,ichandler,Li,Yang,2005-01-27,GY487016
EMP004843,Male,holly96,Lin,Wang,1964-07-28,GY725291
EMP004844,Male,kennethhanna,Jia,Zhou,2003-04-05,GY675960
EMP004853,Female,qhaney,Hui,Duan,1968-08-18,GY105358
EMP004859,Male,schmittchelsey,Lin,Zhang,1978-02-26,GY311011
EMP004890,Male,xelliott,Rong,Wang,1993-10-28,GY812001
EMP004894,Male,fordchristopher,Lei,Li,2001-01-17,GY121651
EMP004899,Female,natasha75,Shu Zhen,Tian,2006-09-08,GY343882
EMP004902,Female,lopezkristen,Min,Zhao,2006-09-04,GY527930
EMP004913,Male,nlivingston,Shu Hua,Huang,1965-04-25,GY116913
EMP004916,Male,trujillodennis,Bing,Huang,1983-06-11,GY219584
EMP004930,Male,jacobparsons,Ping,Pan,2003-03-26,GY821646
EMP004934,Male,tracythomas,Cheng,Liu,1987-03-16,GY458464
EMP004960,Male,wboyer,Gui Xiang,Luo,1961-04-11,GY150157
EMP004968,Male,josephgray,Yan,Zhang,2004-11-30,GY454455
EMP004978,Female,baileysuzanne,Jian Ping,Wang,1979-05-12,GY351669
EMP004981,Male,xbutler,Qin,Han,1984-01-10,GY552271
EMP004995,Male,swaller,Shu Zhen,Ceng,1982-08-06,GY534402
EMP004997,Female,mistyjohnson,Lei,Yang,1974-09-18,GY733568
EMP004999,Male,anthonycross,Bo,Yang,1980-05-30,GY962403
EMP005009,Male,palmermarc,Yu Lan,Wang,1982-12-31,GY897675
EMP005013,Female,nancy02,Xiu Ying,Qin,1992-09-08,GY030338
EMP005036,Female,cholmes,Hao,Gao,1978-10-08,GY910360
EMP005038,Male,tamaraguzman,Gui Lan,Ju,1967-01-20,GY246954
EMP005043,Male,daniellephillips,Xu,Yang,1986-05-10,GY476708
EMP005048,Male,villaamy,Xiu Fang,Zhao,1975-10-15,GY780481
EMP005049,Female,hsanchez,Rong,Sun,1987-11-13,GY699867
EMP005053,Female,dorothyperkins,Shu Zhen,Bao,1964-12-30,GY894210
EMP005072,Male,fcarroll,Dong Mei,Luo,2003-05-24,GY298292
EMP005084,Male,sawyerkaren,Yan,Wang,2005-06-27,GY708981
EMP005102,Male,rebeccanash,Xiu Ying,Luo,2003-11-22,GY384578
EMP005107,Male,wsweeney,Bo,Zhuang,1979-04-17,GY581906
EMP005110,Female,burkecarolyn,Gui Fang,Shao,1967-07-07,GY922453
EMP005112,Female,audrey33,Li Li,Xu,1962-08-28,GY634975
EMP005128,Female,mcguiremichele,Ling,Zhu,2002-08-13,GY223648
EMP005137,Female,cbrennan,Rui,Li,1984-06-29,GY617100
EMP005163,Male,mcdanielchristopher,Bin,Tang,1993-10-07,GY601100
EMP005173,Male,dgordon,Xiu Ying,Xie,2006-05-27,GY247996
EMP005178,Female,wilsonkevin,Qian,Xing,1963-12-17,GY292189
EMP005186,Male,jordanwagner,Bin,Duan,1987-05-17,GY271083
EMP005189,Male,mnavarro,Ping,Lei,1979-06-30,GY379382
EMP005225,Male,bridget54,Zhi Qiang,Yuan,1992-12-02,GY665030
EMP005259,Male,emily77,Liu,Wang,1997-07-24,GY153018
EMP005271,Male,donnamiller,Lan Ying,Wang,1975-12-05,GY962403
EMP005276,Male,christophercaldwell,Min,Ma,1965-04-06,GY600026
EMP005277,Male,estesdebra,Xiu Lan,Zhang,1995-07-18,GY185946
EMP005294,Female,melindamorales,Jing,Gao,1986-04-19,GY543586
EMP005297,Male,ethomas,Yu,Zhang,1976-02-18,GY219584
EMP005300,Male,lcarroll,Jing,Liu,1984-03-30,GY301842
EMP005327,Male,nortonheather,Chen,Yang,1970-05-17,GY585055
EMP005336,Female,umueller,Long,Wu,2000-10-14,GY417368
EMP005339,Male,briannamullins,Gui Rong,Qi,1985-09-09,GY759217
EMP005345,Female,sean35,Gui Xiang,Luo,1961-07-22,GY712374
EMP005352,Male,websterelizabeth,Lu,Feng,1995-02-11,GY272933
EMP005362,Female,susan51,Jian,Zhou,1990-12-26,GY036284
EMP005368,Male,derrick22,Gui Fang,Chang,1996-11-11,GY975507
EMP005375,Male,walterli,Xiao Hong,Zhang,1972-11-21,GY079008
EMP005377,Female,frostdebra,Gui Lan,Luo,2002-07-15,GY010216
EMP005378,Male,trevor99,Yang,Zhou,1960-05-29,GY211110
EMP005395,Male,ecastaneda,Gui Lan,Peng,2005-10-30,GY588562
EMP005423,Female,dianecox,Gui Ying,Zhao,1969-05-17,GY345111
EMP005436,Male,rojastiffany,Yu Ying,Yang,1992-09-03,GY604870
EMP005437,Female,charlesproctor,Jian Ping,Bai,1989-12-26,GY031092
EMP005445,Male,jeffreycarlson,Gang,Hu,1994-04-04,GY782956
EMP005451,Male,kayla81,Li,Zhang,1972-02-23,GY002066
EMP005454,Male,xmorris,Li,Lai,1975-05-29,GY001836
EMP005465,Female,lmack,Yu Zhen,Sheng,1968-08-13,GY343882
EMP005504,Male,ncohen,Gui Zhi,Lei,1983-04-07,GY558846
EMP005523,Male,stevenkeith,Dong Mei,Gao,1970-10-29,GY534402
EMP005525,Male,byang,Dong,Zhang,1967-08-24,GY059585
EMP005546,Male,jacobgilbert,Kun,Chen,2001-07-25,GY574556
EMP005548,Female,gillespielisa,Cheng,Zhu,2005-11-27,GY995705
EMP005561,Female,evanswilliam,Lin,Shen,1993-06-19,GY010216
EMP005576,Male,samanthasanchez,Chun Mei,Wang,1976-06-12,GY787068
EMP005578,Male,owenscourtney,Yu Ying,Wang,1989-01-22,GY634641
EMP005585,Male,austinkelly,Chao,Tang,1992-11-23,GY126766
EMP005596,Female,steve37,Min,Chen,1991-09-12,GY237515
EMP005626,Male,hrubio,Gui Fang,Sun,2002-07-20,GY343882
EMP005665,Female,alicia43,Liang,Wen,1978-12-31,GY349088
EMP005678,Female,millsraymond,Li Juan,Song,1969-07-26,GY906112
EMP005685,Male,madison30,Jian,Wen,2001-11-06,GY130338
EMP005690,Male,jefferywatkins,Wei,Wang,1997-02-04,GY803140
EMP005694,Female,robinsoneric,Xin,Fu,1992-09-14,GY634936
EMP005696,Male,perkinsdonna,Qian,Quan,1981-01-09,GY870748
EMP005720,Female,nfrank,Long,Di,2003-08-19,GY026067
EMP005753,Male,fordmichael,Jian Jun,Yang,1964-06-01,GY121651
EMP005754,Male,joneslucas,Jing,He,1985-07-19,GY417521
EMP005757,Male,slutz,Shu Ying,Li,1960-07-24,GY276495
EMP005768,Female,dominiqueadams,Ling,Hou,1994-10-15,GY171439
EMP005798,Male,taylorrichard,Yang,Li,2004-07-05,GY073310
EMP005801,Male,jodyboyd,Hao,Xi,1967-02-07,GY691966
EMP005805,Male,marvin66,Hao,Luo,1963-04-13,GY971559
EMP005820,Male,richarddavenport,Rong,Deng,1995-09-13,GY548709
EMP005828,Female,anthonyaaron,Jun,Sun,1969-09-03,GY234853
EMP005835,Male,evansjacob,Bin,Liu,2007-01-28,GY774985
EMP005839,Male,taylorstacey,Li,Wu,1963-02-07,GY199252
EMP005846,Female,hconrad,Hong,Liang,1999-01-05,GY022182
EMP005856,Female,brandoncalderon,Li Hua,Liu,1963-04-17,GY574556
EMP005872,Male,laurenvasquez,Lu,Ji,1985-07-07,GY279614
EMP005901,Female,istewart,Gui Xiang,Hu,1963-06-01,GY164333
EMP005914,Male,laurenhanna,Tao,Liu,1964-12-13,GY962403
EMP005917,Male,dennisstrickland,Yu Zhen,Chen,1962-01-10,GY530000
EMP005924,Female,goodwinchristina,Fei,Tang,1976-12-23,GY206759
EMP005945,Male,courtney35,Lin,Li,1962-08-02,GY644309
EMP005950,Male,morganmichael,Tao,Qu,1979-06-14,GY922453
EMP005951,Male,amandaschwartz,Ming,Chen,1988-01-31,GY642904
EMP005963,Female,yangjames,Yan,Mu,1975-03-30,GY314731
EMP005964,Male,rojasbethany,Kun,He,1972-08-06,GY738383
EMP005966,Male,jillwebster,Ping,Ma,1980-04-07,GY667437
EMP005968,Male,jennifertravis,Hui,Li,1997-08-19,GY351669
EMP005970,Female,brandonobrien,Yang,Li,1972-06-17,GY802309
EMP005971,Male,ericwilkinson,Yang,Peng,1963-09-16,GY529872
EMP005975,Male,kurtwatts,Mei,Li,1963-09-28,GY975507
EMP005976,Female,maryadams,Juan,Du,1978-01-24,GY856797
EMP005980,Male,greenejoseph,Fang,Huang,1985-09-08,GY126766
EMP005983,Female,umcclure,Feng Lan,Bai,1979-12-26,GY759217
EMP005991,Male,alvarezalyssa,Lu,Ye,1982-12-09,GY557894
EMP005997,Female,jennifer20,Xiu Rong,Liu,1967-03-29,GY594757
EMP006001,Female,allen80,Jian Guo,Li,1979-06-29,GY636174
EMP006009,Female,sandraglenn,Li Li,Zhou,1982-02-01,GY534402
EMP006013,Female,rebecca93,Yan,Su,1967-10-17,GY541992
EMP006027,Female,wallerdavid,Dan Dan,Fang,1961-02-08,GY513849
EMP006037,Male,calebbailey,Ying,Zhang,2000-05-05,GY581906
EMP006049,Female,nchase,Chun Mei,Wang,1982-06-26,GY548709
EMP006055,Female,taylorchaney,Qian,Shi,1961-01-07,GY301043
EMP006088,Male,keith86,Hai Yan,Wang,1964-12-02,GY894580
EMP006093,Male,allison72,Jian Guo,Hu,1994-06-27,GY582497
EMP006098,Male,cody24,Li,Huang,2001-03-24,GY873460
EMP006103,Female,cory17,Liu,Luo,1968-01-11,GY617968
EMP006105,Female,sandrahamilton,Yang,Li,1962-07-06,GY267057
EMP006122,Female,sylviaburns,Mei,Liao,1992-03-25,GY450083
EMP006136,Female,garciadaniel,Tao,Zhang,1973-12-19,GY847791
EMP006139,Male,fowlerraymond,Chao,Mao,1981-01-22,GY725291
EMP006140,Male,drangel,Juan,Di,2000-02-05,GY927923
EMP006153,Female,pereztom,Kai,Zhang,1991-06-04,GY178554
EMP006158,Female,janelogan,Yu Zhen,Du,1961-12-24,GY173787
EMP006169,Female,markhenry,Jian Jun,Zhang,1999-05-14,GY487016
EMP006170,Male,burnettjennifer,Dong Mei,Zheng,2001-02-24,GY861779
EMP006172,Female,quinnalan,Hui,Li,1969-01-13,GY497117
EMP006182,Male,trujillomelissa,Wei,Xie,1981-08-22,GY617968
EMP006183,Female,paulwilliam,Hong Xia,Liu,1968-04-07,GY605115
EMP006203,Female,vali,Chao,Liu,1964-04-26,GY153018
EMP006207,Female,stephaniemartin,Shu Lan,Zhang,1967-11-15,GY588562
EMP006210,Male,willie48,Yu,Zhang,1990-09-11,GY269076
EMP006221,Female,hernandezjohn,Shu Hua,Zhang,1990-02-25,GY558846
EMP006223,Male,dayrobin,Lan Ying,Zhao,1975-03-22,GY906280
EMP006234,Female,angelaporter,Cheng,Hu,1973-02-16,GY417521
EMP006255,Female,bryantcrystal,Lei,Chen,1990-01-30,GY263268
EMP006270,Male,jameswhite,Hua,Gao,1985-05-22,GY073310
EMP006275,Male,destiny78,Ping,Ni,1970-08-04,GY710078
EMP006288,Male,racheloconnell,Xin,Dong,1972-10-03,GY265929
EMP006292,Female,leonrachel,Lu,Xu,1992-12-20,GY642904
EMP006295,Female,danielle10,Ting Ting,Tian,1979-07-15,GY476708
EMP006366,Female,aaronpace,Chao,He,1983-12-31,GY731037
EMP006374,Male,barrdaniel,Gui Fang,Gu,1994-02-03,GY698390
EMP006393,Female,rlawrence,Xiu Lan,Sun,1966-10-27,GY873589
EMP006401,Female,mcmahonholly,Hui,Zhang,1999-07-29,GY036284
EMP006418,Male,jenniferlynch,Shu Lan,Fu,1977-05-09,GY272141
EMP006471,Female,saramalone,Nan,Yang,2006-05-07,GY441489
EMP006478,Male,snowmeghan,Ting Ting,Liu,1979-07-07,GY642966
EMP006482,Male,rodriguezmichael,Xin,Ma,1999-01-27,GY466738
EMP006488,Male,christopherstanley,Yu,Liu,1990-06-23,GY417521
EMP006513,Male,owenrachel,Lin,Li,1995-11-27,GY601100
EMP006525,Male,terrimartin,Hong Xia,Liu,1985-07-10,GY987742
EMP006531,Male,lance33,Yu Mei,Wang,1970-04-25,GY531002
EMP006536,Female,harrellnathan,Ying,Wu,1994-04-11,GY529872
EMP006543,Female,aliciaprice,Li,Chen,1987-12-29,GY806173
EMP006578,Male,karisosa,Xiu Rong,Zhao,1968-11-09,GY935813
EMP006597,Male,burgessbryan,Zhi Qiang,Yin,1973-10-12,GY263575
EMP006598,Male,zbraun,Xiu Zhen,Liao,1974-05-18,GY427759
EMP006614,Female,smithgregory,Chang,Guo,2005-01-24,GY002066
EMP006624,Male,jacqueline59,Ying,Gong,1974-05-02,GY628158
EMP006632,Male,annaclark,Li Juan,Huo,1998-09-14,GY931396
EMP006646,Male,edwinphillips,Long,Chen,1984-06-16,GY641784
EMP006693,Female,haletina,Li,Hong,1989-10-13,GY119246
EMP006694,Female,masseyleah,Kai,Fan,1963-11-30,GY105046
EMP006704,Female,logan47,Gui Rong,Li,1985-05-14,GY698479
EMP006711,Female,tperry,Hai Yan,Cai,1981-12-09,GY427759
EMP006721,Male,danielle85,Hui,Lu,1982-11-23,GY699579
EMP006723,Male,davidowens,Qin,Wang,1976-05-08,GY130310
EMP006739,Female,stevecain,Dan Dan,Wang,1995-03-24,GY859458
EMP006763,Male,rachelreyes,Rui,Lei,1992-10-28,GY458464
EMP006767,Female,nortonmatthew,Jing,Hu,2000-09-29,GY156218
EMP006770,Female,alexiswilliamson,Jing,Peng,1996-11-13,GY732955
EMP006773,Male,amandalewis,Gui Xiang,Li,1968-02-04,GY597180
EMP006775,Female,mwolf,Yang,Kang,2007-03-24,GY513849
EMP006782,Male,sophiavaughn,Yu Mei,He,2006-12-20,GY886308
EMP006788,Female,davidweber,Yang,Li,1982-05-22,GY712374
EMP006800,Male,briankaufman,Gui Zhen,Wu,1987-04-23,GY585055
EMP006816,Male,deborah90,Mei,Long,1960-07-12,GY174807
EMP006836,Female,kelseynorris,Hui,Jin,2001-07-19,GY105046
EMP006840,Male,danielfranco,Lan Ying,Liang,1999-09-10,GY636174
EMP006852,Female,welchlatoya,Qiang,Shao,1991-07-07,GY397167
EMP006857,Female,scottjacqueline,Ling,Zhang,1989-03-21,GY759217
EMP006858,Female,brucejohnson,Ming,Tan,1971-09-01,GY030338
EMP006893,Female,ian09,Lei,Jiang,1971-09-30,GY813504
EMP006900,Female,yvettewalker,Hua,Xiong,1970-03-18,GY156218
EMP006921,Female,holly75,Jie,Ma,1975-06-27,GY798654
EMP006928,Male,destinyjones,Shu Hua,Liu,1963-01-09,GY730835
EMP006958,Male,jacksonadrian,Xin,Zhu,1966-09-22,GY925458
EMP006969,Female,russellluis,Xu,Song,1972-03-26,GY731037
EMP006977,Male,andersonjamie,Yang,Liu,1967-05-24,GY642961
EMP006980,Female,glenbrown,Jian,Yuan,1997-05-21,GY931396
EMP006985,Male,parsonssergio,Yu Mei,Liu,1995-04-06,GY336969
EMP006994,Male,annetterice,Hui,Li,1965-06-07,GY618226
EMP006998,Female,kimberly47,Gui Ying,Liu,1971-06-23,GY463586
EMP007017,Female,davidferguson,Yang,Lu,1976-06-09,GY677957
EMP007031,Male,codycarson,Jun,Chen,1978-07-05,GY848881
EMP007046,Male,jamiesalazar,Li,Xiao,1966-04-05,GY507004
EMP007048,Female,longallen,Gui Rong,Chen,1982-06-08,GY337459
EMP007053,Male,haynessara,Xiu Yun,Yan,1978-05-07,GY287631
EMP007071,Male,lgarrett,Feng,He,2005-02-01,GY240366
EMP007072,Female,campbelljasmine,Liang,Zhu,1987-04-04,GY718818
EMP007080,Male,powelljose,Gui Zhi,Xu,1991-05-27,GY174807
EMP007099,Female,johnsonann,Bin,Hong,1970-11-02,GY748768
EMP007100,Male,jacquelinelee,Wen,Tao,2002-04-13,GY975507
EMP007102,Male,jamesatkins,Chun Mei,Tan,2004-09-15,GY277115
EMP007135,Female,cherylnovak,Li,Yin,1999-07-08,GY750181
EMP007142,Female,lori03,Juan,Wang,1999-05-30,GY007720
EMP007149,Male,anthonydunn,Li Juan,Yuan,1999-10-21,GY862758
EMP007154,Male,deborahliu,Shu Zhen,Yang,1978-05-07,GY873460
EMP007156,Female,ewhite,Qiang,Yang,1964-11-01,GY076629
EMP007171,Female,bryanroman,Jie,Chen,1979-01-31,GY293130
EMP007172,Male,morenoandrew,Gui Fang,Yan,2003-06-27,GY856797
EMP007200,Female,sherryhenry,Wei,Wu,1993-01-10,GY998755
EMP007205,Female,vlucas,Yan,Ran,1982-01-24,GY787068
EMP007207,Male,joyce31,Gang,Sun,1974-05-28,GY135604
EMP007248,Female,villanuevafrank,Xiu Fang,Liu,2005-03-01,GY965315
EMP007254,Female,emcneil,Chao,Zhang,1964-06-22,GY466738
EMP007260,Female,iking,Yang,Nong,1993-09-11,GY617100
EMP007267,Female,hware,Jian,Xu,1980-04-30,GY968909
EMP007269,Male,adampennington,Lu,Liang,1999-07-12,GY803140
EMP007282,Male,keith15,Xiu Zhen,Xu,1968-08-17,GY187794
EMP007294,Female,hobbskevin,Dan Dan,Hu,2003-04-29,GY738383
EMP007299,Male,kaitlynwang,Gang,Deng,1980-09-10,GY856797
EMP007301,Male,shawn07,Jun,Yang,1985-12-19,GY818650
EMP007313,Female,aaronflowers,Qiang,Liu,2006-04-25,GY642904
EMP007316,Male,paul01,Jian Jun,Liu,1990-09-20,GY581986
EMP007323,Female,brenda32,Xiu Hua,Yang,2000-03-06,GY687446
EMP007327,Female,christian18,Jing,Wu,1986-05-26,GY774985
EMP007368,Female,coryalvarez,Hong Xia,Wu,1974-02-19,GY067302
EMP007370,Male,jeffreyparker,Liu,Sun,1971-08-23,GY276495
EMP007378,Female,colin25,Tao,Chen,1969-05-13,GY174807
EMP007405,Female,christine39,Hua,Meng,1979-02-13,GY186322
EMP007409,Male,darryl14,Ping,Tian,1972-09-17,GY607076
EMP007420,Female,nchandler,Gui Rong,Pu,1971-02-23,GY049953
EMP007429,Female,curtis90,Yu,Sun,1973-05-15,GY736462
EMP007439,Female,melendezdanielle,Xin,Fu,1980-03-27,GY309093
EMP007455,Male,kaylaroberson,Hong Mei,Fan,1998-11-27,GY812947
EMP007456,Male,murphycarol,Hong,Qiao,1986-04-05,GY818650
EMP007467,Male,christianhall,Mei,Tian,1969-11-08,GY531002
EMP007482,Male,alexis35,Ping,Su,1990-10-14,GY819531
EMP007483,Female,blakekyle,Rong,Che,1983-08-05,GY244457
EMP007484,Female,mckenzieelizabeth,Hong,An,1968-04-19,GY292346
EMP007495,Female,sydney71,Xiu Mei,Ma,1989-03-05,GY537293
EMP007503,Female,randythompson,Bing,Ma,2003-08-23,GY369434
EMP007531,Female,coreymejia,Yu Mei,He,1974-11-18,GY363976
EMP007532,Male,jasminethompson,Fan,Jiang,1978-12-03,GY217212
EMP007535,Male,clarkraymond,Xiu Mei,Chen,1983-07-03,GY581306
EMP007543,Female,elizabethparker,Xiu Rong,Wu,1964-08-16,GY301925
EMP007546,Female,jgibbs,Li,Deng,1979-04-09,GY351669
EMP007547,Male,jamiemontgomery,Fan,Xu,1966-08-24,GY246954
EMP007551,Female,paul86,Ying,Huang,1989-11-11,GY812947
EMP007552,Female,coreysimpson,Hui,Li,1961-05-28,GY774985
EMP007575,Male,juliecurtis,Yong,Zhu,1989-06-25,GY823802
EMP007578,Male,belljacqueline,Xiu Yun,Chen,1982-04-12,GY694862
EMP007584,Male,nathanmccoy,Wei,Dou,1969-07-01,GY126766
EMP007598,Female,mitchelldebbie,Jing,Sheng,1965-10-29,GY925458
EMP007608,Male,justinparker,Jun,Liu,1962-05-04,GY701267
EMP007613,Female,samuel83,Ying,Yang,1978-07-09,GY163764
EMP007643,Female,daniellesolis,Jian Ping,Hua,1984-12-07,GY244457
EMP007653,Female,kbowen,Juan,Guo,2000-09-27,GY869373
EMP007667,Female,annekane,Yan,Jiang,1999-12-02,GY667437
EMP007669,Male,davidrobertson,Kai,Huang,1995-04-24,GY260416
EMP007675,Female,moorekelly,Gui Rong,He,1987-02-25,GY484509
EMP007683,Male,ellen22,Hui,Yan,1976-12-25,GY986273
EMP007687,Female,jaclyn01,Nan,Shang,1991-05-24,GY948649
EMP007688,Male,brad02,Qin,Li,1978-09-12,GY427759
EMP007706,Female,leecaleb,Hua,Liao,1989-11-06,GY231214
EMP007724,Male,xellis,Shu Ying,Jiang,1969-12-19,GY750181
EMP007727,Female,ashley19,Xiu Fang,Huang,1991-07-09,GY922453
EMP007735,Male,deckerlaura,Gui Xiang,Ma,1973-01-22,GY237515
EMP007736,Female,lpowell,Ying,Ge,2000-10-31,GY460938
EMP007749,Female,deborahhunt,Qin,Ren,1999-07-07,GY585055
EMP007757,Female,callahanjames,Xia,Liu,1966-04-20,GY337459
EMP007765,Female,phouse,Yu Zhen,Gao,1980-10-03,GY514371
EMP007783,Female,jeffreygibson,Liu,Wang,1991-01-18,GY989437
EMP007803,Male,pcook,Gui Zhen,Wang,1986-08-21,GY548709
EMP007804,Female,brandyjarvis,Shu Ying,Luo,1973-08-17,GY803140
EMP007816,Male,kathleenhill,Jian Ping,Chen,1993-12-10,GY076629
EMP007819,Male,reyessheila,Bin,Song,1992-01-27,GY499956
EMP007826,Female,brittanygriffin,Yu Zhen,Liu,1985-03-07,GY870748
EMP007835,Male,youngrebecca,Na,Yang,1975-11-02,GY694862
EMP007837,Male,ybishop,Hong,Wan,1980-02-05,GY516352
EMP007846,Male,millerangela,Feng,Deng,1996-04-16,GY246954
EMP007847,Male,stanleydonald,Dan Dan,Wang,1984-02-05,GY362704
EMP007851,Female,ricky38,Yu Hua,Liu,1970-08-08,GY971559
EMP007884,Female,boothdon,Hong Xia,Ji,1963-06-23,GY427759
EMP007910,Female,molly17,Bo,Xie,1968-07-03,GY870748
EMP007919,Male,ghogan,Ting Ting,Chen,1963-02-14,GY523205
EMP007929,Male,dannycampbell,Lei,Lei,2000-08-27,GY637908
EMP007938,Male,aliciacraig,Shu Hua,Ding,1988-04-25,GY156218
EMP007980,Male,jason24,Xin,Li,1963-03-04,GY725309
EMP007981,Male,jamesgross,Yan,Jia,1965-06-29,GY311909
EMP007985,Male,melissamorgan,Fang,Huang,2006-10-19,GY725291
EMP007998,Male,curtisdiaz,Gui Zhi,Huang,1989-08-21,GY434067
EMP008039,Male,harrisamanda,Yu Ying,Liu,1968-12-04,GY618226
EMP008051,Male,starkchristine,Xue Mei,Dong,1993-07-01,GY698390
EMP008057,Male,ericksonryan,Chen,Xu,1991-09-28,GY802319
EMP008060,Female,ebonylynch,Feng Ying,Ma,1983-04-05,GY576374
EMP008066,Female,destiny31,Gui Xiang,Song,1971-06-25,GY873589
EMP008070,Male,lucaskristi,Xiao Hong,Chen,1992-02-05,GY153018
EMP008072,Female,stevenrichards,Yang,Tian,1973-12-14,GY600026
EMP008079,Female,taylorkevin,Shu Lan,Liang,1990-10-21,GY507004
EMP008080,Male,javiermendoza,Dong Mei,Zhang,1983-04-11,GY869373
EMP008094,Male,moorejon,Long,Xu,1963-11-07,GY406156
EMP008102,Female,davidsonaaron,Dan Dan,Liu,1998-11-28,GY642961
EMP008110,Female,williamsanna,Gui Zhen,Zheng,2005-11-28,GY748768
EMP008120,Female,davismadison,Xu,Wu,2006-09-09,GY718818
EMP008133,Female,davidsonmarcus,Li Li,Shi,2005-06-02,GY603473
EMP008136,Female,adamspatricia,Ling,Zhang,1966-06-12,GY906112
EMP008147,Female,martinsamantha,Jia,Feng,2005-07-29,GY897971
EMP008156,Female,mariah70,Xia,Zhang,1978-05-26,GY726111
EMP008157,Female,kevinluna,Hong Mei,Ren,1970-02-25,GY468688
EMP008173,Female,sandersstephen,Li,Zhang,2000-12-20,GY852665
EMP008178,Female,dixonjoseph,Cheng,Jiang,1991-10-13,GY718818
EMP008179,Male,jeffreyhicks,Liu,Zhu,1987-10-26,GY301043
EMP008180,Male,denisehensley,Yu Ying,Zhang,1975-03-25,GY406156
EMP008181,Female,laurajohnston,Jie,Li,1962-01-31,GY247996
EMP008216,Female,bethany25,Ling,Jiang,1984-04-26,GY345111
EMP008230,Male,duncancarolyn,Hai Yan,Li,1996-05-18,GY396267
EMP008231,Male,markgregory,Hui,Zhao,1991-03-20,GY487016
EMP008232,Female,roymary,Jun,Li,1996-10-16,GY121651
EMP008243,Male,coletracy,Hao,Yang,1994-10-10,GY761908
EMP008251,Female,ewingbrittany,Li Juan,Zhang,2005-05-03,GY232549
EMP008262,Male,williamcooper,Lei,Jiang,1963-06-28,GY723220
EMP008264,Male,taylorkaren,Shuai,Gao,1964-08-03,GY755299
EMP008272,Male,jacob19,Hong Mei,Liu,1990-10-01,GY460938
EMP008273,Male,heatherlewis,Lin,Wu,1963-04-20,GY603473
EMP008290,Female,markbond,Kun,Wu,1970-08-06,GY494112
EMP008297,Male,hernandezkevin,Xia,Pan,1973-05-27,GY240366
EMP008299,Female,blackwellheather,Li,Chen,2001-05-29,GY840295
EMP008301,Male,ryan93,Fang,Qi,1972-11-07,GY332109
EMP008303,Female,jamesmullins,Gui Zhi,Lin,1985-10-18,GY026067
EMP008304,Male,lance74,Hao,Zhang,1983-11-22,GY894722
EMP008306,Male,nicolemiller,Shuai,Jiang,1976-10-18,GY016663
EMP008316,Male,martinezjoseph,Jian,Zhang,1975-10-14,GY581306
EMP008324,Male,susanpope,Shu Lan,Song,1961-06-21,GY345111
EMP008326,Male,lisabryant,Ying,Wang,1969-09-27,GY385883
EMP008333,Male,hesterwilliam,Xue Mei,Zhou,1980-02-08,GY859376
EMP008334,Female,dylan91,Yu Mei,Chen,2003-03-29,GY617968
EMP008340,Female,gbowman,Ting,Huang,1996-07-08,GY723266
EMP008358,Female,nancyfisher,Xiu Mei,He,1988-10-31,GY733568
EMP008360,Female,kevin00,Ying,Ju,1977-08-06,GY385938
EMP008371,Male,brittanywilliams,Yong,Ma,1982-11-28,GY372028
EMP008378,Male,hnixon,Nan,Mao,1990-07-28,GY192353
EMP008390,Male,ptodd,Jian Jun,Wang,1981-11-09,GY299390
EMP008400,Male,doneal,Bo,Qiu,1997-10-06,GY517505
EMP008405,Male,christine25,Hong,Hu,1983-09-16,GY794867
EMP008434,Male,adamscharlotte,Ming,Yu,1974-02-11,GY902238
EMP008437,Female,qmolina,Li,Mei,1961-04-25,GY466738
EMP008443,Female,crystalmartin,Lei,Li,1971-06-27,GY211939
EMP008456,Female,megan66,Chun Mei,Li,1975-11-26,GY298189
EMP008458,Male,hallrandy,Yang,Liu,1995-10-21,GY163937
EMP008464,Male,angela04,Li Juan,Jiao,1993-06-07,GY624628
EMP008471,Female,andrea13,Huan,Li,1997-04-12,GY118765
EMP008477,Male,timothypayne,Li Juan,Song,1971-04-09,GY716209
EMP008489,Male,lauren25,Xu,Jiang,1962-11-16,GY396267
EMP008492,Male,andrewcline,Ying,Tong,1976-12-24,GY667912
EMP008494,Male,dustinfrench,Shuai,Lv,1969-02-26,GY450092
EMP008498,Male,theodore77,Xiu Lan,Gao,1968-06-25,GY834090
EMP008501,Male,ashleywise,Shu Ying,Fan,1996-04-07,GY439934
EMP008507,Female,reyesbenjamin,Xin,Yan,2001-07-07,GY729889
EMP008514,Female,rodneymartinez,Xiu Rong,Liu,1963-11-10,GY460938
EMP008524,Male,mitchelljason,Yu,Tang,2006-08-02,GY557894
EMP008525,Female,richardporter,Yang,Wang,1995-01-05,GY452640
EMP008527,Female,alexanderwalters,Dong Mei,Zhang,1990-10-21,GY948649
EMP008544,Male,michelle82,Lei,Gu,1979-01-22,GY293350
EMP008554,Male,jameslisa,Kai,Luo,2006-09-06,GY465683
EMP008562,Male,fowlerjessica,Xue,Liu,1990-07-22,GY174807
EMP008563,Male,rgutierrez,Yang,Su,1967-04-21,GY309093
EMP008572,Female,francisco17,Ping,Wang,1999-12-21,GY292189
EMP008602,Male,richsusan,Gui Ying,Zhang,2001-06-26,GY971559
EMP008624,Male,marccastillo,Dan Dan,Huang,1961-05-09,GY648349
EMP008639,Male,thomasellis,Yu Zhen,Wang,2003-07-23,GY492837
EMP008643,Male,craigdavis,Xiu Yun,Gao,1966-10-15,GY543586
EMP008664,Male,scastillo,Yan,Zhang,1970-05-10,GY669274
EMP008672,Female,christianturner,Feng,Yang,1988-04-01,GY918425
EMP008686,Male,chelsea93,Rui,Bai,1978-10-01,GY135604
EMP008692,Male,wwarren,Shu Lan,Wang,1988-10-28,GY789543
EMP008697,Male,erica65,Ming,Luo,1988-12-15,GY962403
EMP008698,Female,jeffery44,Dong,Li,2005-09-07,GY554614
EMP008701,Male,berrydaniel,Zhi Qiang,Chen,1964-08-01,GY588562
EMP008715,Female,dylan82,Rong,Yan,1994-11-15,GY669274
EMP008721,Female,jeffreymontoya,Dong,Jiang,1983-06-01,GY036284
EMP008753,Male,jeffreyhughes,Ting,Shen,1992-12-30,GY496637
EMP008769,Female,tammyrivera,Yang,Zhu,1982-11-07,GY120093
EMP008777,Male,davidhernandez,Bin,Li,1975-12-06,GY834090
EMP008790,Male,erindiaz,Feng Ying,Cao,1971-06-14,GY301842
EMP008799,Male,toddhoward,Shu Ying,Wang,1961-08-24,GY450083
EMP008800,Female,jcannon,Feng,Pan,1969-04-04,GY897675
EMP008811,Male,christinabanks,Yu Hua,Qiu,1979-12-20,GY860050
EMP008815,Male,jenkinslori,Kun,Shen,1966-01-21,GY269076
EMP008817,Female,sullivankathy,Cheng,Wang,1963-10-13,GY494554
EMP008843,Male,briannamccarthy,Ping,Fan,1989-10-17,GY510083
EMP008845,Male,susandorsey,Bin,Liang,2003-06-09,GY725291
EMP008848,Male,morrisgary,Yu Zhen,Ren,1980-01-20,GY437846
EMP008856,Female,frankmorris,Jie,Zhang,1967-01-15,GY281197
EMP008862,Male,jacksonrichard,Lin,Wang,2006-07-07,GY918423
EMP008869,Male,luceroallison,Hua,Wu,1995-01-17,GY874746
EMP008870,Female,reginald42,Bing,Ou,1969-06-27,GY218116
EMP008881,Male,madison48,Jian Ping,Fang,1981-11-11,GY694862
EMP008904,Male,simschris,Cheng,Luo,1978-02-09,GY135604
EMP008970,Female,smithvictoria,Chen,Xu,1971-09-23,GY267057
EMP008973,Male,shermanbrian,Gui Fang,Zhang,1977-06-10,GY057253
EMP008976,Female,michaelfuentes,Xiu Zhen,He,2006-12-22,GY437846
EMP008989,Female,shannon48,Nan,Jiang,1968-07-25,GY079008
EMP009009,Male,claycynthia,Jian Ping,Liu,2003-12-29,GY725291
EMP009015,Male,robertowood,Long,Hu,1979-12-19,GY641784
EMP009017,Female,friedmandeborah,Rong,Liao,1976-03-24,GY307656
EMP009019,Female,garcialeslie,Gui Zhi,Wang,1995-08-29,GY004398
EMP009021,Male,christensendominique,Ying,Li,1974-08-03,GY385938
EMP009022,Male,zoewilcox,Xiu Rong,Wang,1991-04-11,GY276495
EMP009023,Male,moorekayla,Li Hua,Lu,2003-10-17,GY923728
EMP009028,Female,douglasheather,Min,Zhao,1976-12-20,GY292672
EMP009057,Female,brandychurch,Wei,Ma,1987-07-19,GY406156
EMP009064,Female,elliottluis,Hao,Yan,1993-01-01,GY441489
EMP009074,Female,williamlloyd,Hao,Zhang,1972-11-07,GY798654
EMP009084,Male,mitchell29,Jian Guo,Lu,1992-04-04,GY900879
EMP009085,Female,turnersarah,Jing,Wang,1994-06-11,GY396267
EMP009096,Male,donald90,Shuai,Gu,1967-03-17,GY301203
EMP009115,Female,shannon12,Jie,Zhuang,1984-09-21,GY010216
EMP009120,Male,johnny18,Yu Ying,Zhang,1977-02-10,GY818650
EMP009129,Female,masseyvictor,Xiu Ying,Shi,1969-05-16,GY113801
EMP009144,Male,victorsmith,Rui,Su,1978-06-19,GY173787
EMP009145,Female,scottacosta,Rong,Tian,1984-05-06,GY725781
EMP009146,Male,amyarmstrong,Long,Li,1987-10-01,GY780316
EMP009166,Female,odean,Hui,Zhang,1991-01-31,GY873589
EMP009180,Male,pgardner,Qian,Cui,2006-12-17,GY803376
EMP009185,Male,alvarezjeremy,Dong Mei,Chen,1971-05-29,GY558846
EMP009196,Male,ruizmatthew,Xin,Jiang,1998-02-14,GY272933
EMP009199,Male,sonia02,Xiu Zhen,Liang,2002-03-07,GY156218
EMP009200,Male,boydbrian,Ting,Chen,1961-10-16,GY121651
EMP009215,Male,robertskathleen,Yu,Wu,1996-06-02,GY701267
EMP009219,Male,judydavis,Dong Mei,Zhang,1984-09-13,GY192353
EMP009226,Female,brownluke,Hua,Li,1982-05-24,GY583406
EMP009239,Female,mfitzgerald,Yang,Bian,1971-03-05,GY351669
EMP009240,Male,ricardokeller,Gui Ying,Hu,1963-12-18,GY464463
EMP009248,Male,linrachel,Hui,Liu,1979-05-11,GY558846
EMP009254,Male,burnsalyssa,Gui Rong,Deng,2004-01-18,GY335761
EMP009259,Male,haley44,Ying,Zhong,1962-03-12,GY576374
EMP009260,Female,moniquewalker,Ting Ting,Han,2002-02-03,GY093455
EMP009300,Male,gutierrezcole,Lin,Yang,1989-12-31,GY894722
EMP009323,Female,omercado,Ping,Lin,1998-10-09,GY780481
EMP009328,Male,sotoadam,Nan,Yang,1963-06-23,GY291195
EMP009350,Female,mooregeorge,Ting,Wu,1990-03-08,GY725781
EMP009353,Female,pboyle,Bo,Li,2006-08-15,GY186322
EMP009356,Male,samanthamarshall,Peng,Li,1968-07-06,GY366985
EMP009364,Female,carla85,Dong,Huang,1965-10-14,GY026067
EMP009368,Male,rosariojavier,Ling,Wang,1982-10-17,GY789543
EMP009369,Female,rachellindsey,Chao,Wang,1986-04-12,GY677957
EMP009372,Female,pearsongeorge,Xia,You,1973-08-09,GY234853
EMP009377,Male,nicole06,Liang,Huang,1982-10-25,GY852665
EMP009383,Male,allison23,Huan,Xie,1985-10-01,GY093455
EMP009393,Male,ryanshaw,Qian,Tian,1995-10-14,GY574556
EMP009409,Female,aliciagardner,Feng Ying,Bai,1977-01-27,GY789543
EMP009412,Male,mendozacynthia,Kun,Hu,1982-12-26,GY723266
EMP009424,Male,keithgarcia,Yan,Cheng,1994-05-13,GY963870
EMP009443,Female,dan59,Na,Zou,1993-01-21,GY984970
EMP009451,Male,masonmegan,Shuai,Tan,1969-08-08,GY244457
EMP009496,Female,edwardsallen,Gang,Tian,1999-09-02,GY708760
EMP009516,Male,tylersarah,Yang,Huang,1980-07-09,GY531002
EMP009538,Female,jennifer91,Feng,Wu,2005-02-19,GY402518
EMP009539,Male,cortezjulie,Qiang,Gao,1965-07-25,GY441489
EMP009546,Male,keithrichards,Yang,Peng,1989-04-15,GY173787
EMP009611,Female,lewisamanda,Dan,Liu,1968-09-28,GY254756
EMP009625,Male,laurahardy,Xue Mei,Li,1990-11-16,GY848881
EMP009628,Male,lucas63,Kai,Liu,1997-04-25,GY481290
EMP009637,Male,amypatrick,Chun Mei,He,2002-09-24,GY021495
EMP009651,Male,gonzalezalice,Chao,Cai,1972-09-08,GY918425
EMP009653,Male,russellbriggs,Gui Fang,Zhao,1968-05-29,GY072878
EMP009657,Female,suzanne75,Yu Zhen,Zhang,2006-10-28,GY363976
EMP009660,Male,middletonmonica,Ling,Lv,1977-02-10,GY583406
EMP009665,Male,zdeleon,Jian Ping,Ruan,1998-04-07,GY206759
EMP009673,Male,felicia55,Feng,Hu,1987-10-27,GY935813
EMP009691,Female,ericfarrell,Xiao Hong,Liu,1996-12-24,GY113801
EMP009692,Male,bradcaldwell,Jian Guo,Zhang,2001-04-18,GY096774
EMP009710,Female,laurapham,Hui,Wang,1979-02-06,GY336969
EMP009715,Female,matthewmurphy,Jie,Tao,1967-12-29,GY022182
EMP009718,Female,toni64,Xue,Ren,1969-10-11,GY634936
EMP009728,Male,tammycook,Hua,Xu,2005-12-29,GY437846
EMP009729,Male,paulaporter,Li,Wang,2007-04-04,GY869373
EMP009731,Male,wagnerashley,Feng Lan,Zhang,1982-12-01,GY900879
EMP009755,Male,terryanderson,Xin,Lv,1987-04-16,GY179736
EMP009756,Male,tstevenson,Hui,Liao,1963-12-18,GY701267
EMP009763,Female,ivanlarsen,Jun,Chen,1973-07-16,GY541992
EMP009783,Male,frenchjacqueline,Jun,Li,2006-09-09,GY185946
EMP009784,Male,anthonyalvarez,Feng Lan,Fang,1999-11-29,GY110247
EMP009805,Male,pricemeghan,Bo,Wen,1996-02-02,GY379382
EMP009819,Male,jeffreyhamilton,Bo,Liu,1974-03-20,GY836347
EMP009820,Female,acompton,Long,Liu,1971-10-05,GY594757
EMP009841,Male,kimsmith,Gui Lan,Liu,1997-01-26,GY425110
EMP009865,Male,douglasberry,Fang,He,1970-05-07,GY494479
EMP009870,Female,randall46,Gang,Li,1977-03-21,GY464463
EMP009883,Female,collierelizabeth,Bing,Cheng,2006-08-15,GY819531
EMP009889,Female,xle,Ling,Wang,1990-05-20,GY459230
EMP009905,Male,barbarafitzpatrick,Feng Lan,Wu,1964-04-17,GY789543
EMP009917,Female,elizabethbush,Xiu Fang,Zhu,1976-09-04,GY384578
EMP009930,Female,jessenelson,Jun,Liu,1996-10-06,GY968909
EMP009947,Male,perezanthony,Lu,Wang,1968-07-19,GY609396
EMP009952,Male,hollowaycraig,Feng Ying,Shen,1960-08-07,GY372028
EMP009959,Male,hunterdennis,Gui Lan,Jian,1991-08-04,GY291195
EMP009971,Female,angela75,Qin,Bian,1983-12-27,GY962403
EMP009972,Male,carrie82,Yan,Hou,1986-12-08,GY749020
EMP010006,Male,lynchregina,Xin,Zhang,2003-01-12,GY452640
EMP010007,Female,johnhamilton,Yu Hua,Bai,1998-08-16,GY251066
EMP010011,Male,noah07,Yang,Mao,1988-03-16,GY267057
EMP010014,Female,ernest99,Xiu Hua,Gai,1998-10-18,GY075553
EMP010018,Female,amandacurry,Bo,Wang,1998-03-22,GY669274
EMP010027,Female,blakejackson,Xiu Rong,Zhong,1969-10-07,GY199252
EMP010054,Male,melinda74,Feng,Liu,1994-05-19,GY271083
EMP010063,Male,saunderssara,Qian,Shao,1979-11-07,GY698390
EMP010065,Female,teresa22,Gui Zhi,Chen,1970-01-12,GY585055
EMP010070,Female,russelltate,Qian,Wang,1962-04-25,GY135043
EMP010112,Female,allisonheather,Hao,Yin,1982-12-22,GY803376
EMP010121,Male,bmarshall,Jian Ping,Zhao,1965-02-13,GY054353
EMP010129,Male,ernest57,Lei,Pan,1969-12-03,GY126766
EMP010133,Male,tinaschmidt,Gui Lan,Luo,1999-08-13,GY710078
EMP010141,Female,valerie93,Yong,Lin,1972-09-27,GY710844
EMP010155,Female,fwagner,Yu,Lv,1962-04-26,GY594757
EMP010171,Female,boyleanthony,Ning,Huang,1985-11-02,GY698479
EMP010179,Male,brandon40,Hua,Dai,1998-04-06,GY067302
EMP010180,Male,krauselisa,Dan Dan,Meng,1986-04-08,GY736462
EMP010181,Female,mcneilpaul,Hong Mei,Hu,1978-01-08,GY534402
EMP010198,Female,fletcheredward,Nan,Wei,1984-02-05,GY178554
EMP010219,Male,wukristina,Yang,Luo,1966-12-21,GY022182
EMP010227,Female,bryanbrittany,Xiu Hua,Wang,1972-11-06,GY130338
EMP010267,Male,amandaedwards,Yu Hua,Tian,1989-12-24,GY813504
EMP010292,Male,jesse92,Yu Lan,Yang,1973-07-28,GY088504
EMP010311,Female,donalddavis,Li Juan,Meng,1977-04-30,GY010216
EMP010323,Female,alicia78,Lu,Xu,1994-02-07,GY634936
EMP010347,Female,awilliamson,Ting,Wei,1960-08-28,GY593541
