course_id,name,start_date,end_date,start_time,end_time,hours,weekly,coach_id,branch_id,location,fee,requirement,max_seats,img
300211,Afternoon Martial Arts Kickboxing Session,2025-05-24,2025-06-21,19:00,21:00,2.0,"Fri, Sat, Tue",103468,GY994209,Studio B2,250,No experience required,30,/images/martial arts-2.jpg
300312,Weekend Pilates Mat Program,2025-05-25,2025-08-17,18:00,20:00,2.0,"Sun, Wed",119813,GY427955,Studio C2,140,Basic fitness required,20,/images/pilates-1.jpg
300283,Evening Dance Zumba Workshop,2025-05-25,2025-06-22,09:00,11:00,2.0,"Sun, Thu",108607,GY703805,Studio B5,130,Medical clearance needed,30,/images/dance-5.jpg
300013,Afternoon Dance Hip-hop Session,2025-05-25,2025-07-20,14:00,16:00,2.0,Sun,139092,GY600577,Studio C4,190,No experience required,20,/images/dance-1.jpg
300490,Evening Pilates Mat Class,2025-05-26,2025-07-21,18:00,20:00,2.0,Mon,160656,GY946464,Studio B2,110,Basic fitness required,30,/images/pilates-5.jpg
300467,Weekend Cycling HIIT Workshop,2025-05-26,2025-06-23,18:00,20:00,2.0,"Fri, Mon, Wed",115791,GY401247,Studio B4,260,No experience required,20,/images/cycling-2.jpg
300249,Weekend Pilates Clinical Session,2025-05-26,2025-08-18,19:00,21:00,2.0,Mon,105365,GY327800,Studio C3,230,Basic fitness required,20,/images/pilates-2.jpg
300495,Weekend Martial Arts MMA Program,2025-05-26,2025-08-18,14:00,16:00,2.0,"Mon, Tue",152670,GY789796,Studio A1,80,No experience required,20,/images/martial arts-2.jpg
300425,Afternoon Dance Aerobic Workshop,2025-05-26,2025-08-18,14:00,16:00,2.0,"Mon, Thu",120609,GY427955,Studio A2,80,Age 16+,30,/images/dance-3.jpg
300401,Afternoon Pilates Clinical Workshop,2025-05-27,2025-06-24,14:00,16:00,2.0,Tue,129680,GY135402,Studio C2,60,Age 16+,20,/images/pilates-3.jpg
300029,Afternoon Weightlifting Strength Session,2025-05-27,2025-07-22,14:00,16:00,2.0,"Thu, Tue, Wed",134216,GY913040,Studio C4,120,No experience required,20,/images/weightlifting-4.jpg
300453,Weekend Pilates Clinical Class,2025-05-28,2025-06-25,18:00,20:00,2.0,"Thu, Wed",166309,GY349084,Studio C2,140,No experience required,25,/images/pilates-3.jpg
300160,Weekend Cycling Endurance Program,2025-05-28,2025-08-20,14:00,16:00,2.0,Wed,150896,GY978564,Studio B3,230,Basic fitness required,20,/images/cycling-1.jpg
300065,Weekend Martial Arts MMA Program,2025-05-29,2025-08-21,18:00,20:00,2.0,Thu,146758,GY490481,Studio B3,170,Age 16+,25,/images/martial arts-4.jpg
300340,Weekend Cycling HIIT Workshop,2025-05-29,2025-07-24,09:00,11:00,2.0,Thu,102068,GY717311,Studio A3,270,Basic fitness required,15,/images/cycling-2.jpg
300407,Evening Cycling Indoor Class,2025-05-29,2025-06-26,09:00,11:00,2.0,Thu,138516,GY621809,Studio C4,120,No experience required,25,/images/cycling-1.jpg
300047,Evening Cycling Indoor Session,2025-05-29,2025-06-26,19:00,21:00,2.0,Thu,140614,GY943983,Studio C4,290,Age 16+,25,/images/cycling-1.jpg
300367,Afternoon Weightlifting Strength Program,2025-05-29,2025-08-21,09:00,11:00,2.0,Thu,126472,GY251523,Studio C5,100,No experience required,20,/images/weightlifting-3.jpg
300058,Evening Yoga Hot Program,2025-05-29,2025-08-21,18:00,20:00,2.0,Thu,120177,GY713574,Studio A4,210,Age 16+,25,/images/yoga-5.jpg
300164,Afternoon Pilates Reformer Session,2025-05-30,2025-08-22,19:00,21:00,2.0,"Fri, Thu",101247,GY038987,Studio B2,190,Basic fitness required,25,/images/pilates-2.jpg
300219,Weekend Pilates Reformer Session,2025-05-30,2025-08-22,09:00,11:00,2.0,Fri,121271,GY140511,Studio C3,180,Age 16+,25,/images/pilates-1.jpg
300067,Afternoon Martial Arts MMA Workshop,2025-05-30,2025-06-27,14:00,16:00,2.0,"Fri, Tue",120771,GY732028,Studio B3,260,Basic fitness required,25,/images/martial arts-2.jpg
300083,Morning Pilates Reformer Program,2025-05-30,2025-07-25,19:00,21:00,2.0,Fri,113912,GY135907,Studio C4,260,Medical clearance needed,15,/images/pilates-5.jpg
300403,Weekend Dance Zumba Program,2025-05-31,2025-06-28,14:00,16:00,2.0,"Mon, Sat",147661,GY473306,Studio C2,160,Basic fitness required,20,/images/dance-3.jpg
300409,Evening Pilates Reformer Session,2025-05-31,2025-08-23,14:00,16:00,2.0,Sat,150847,GY779605,Studio A5,210,Medical clearance needed,30,/images/pilates-4.jpg
300387,Morning Martial Arts Kickboxing Workshop,2025-05-31,2025-08-23,09:00,11:00,2.0,Sat,152090,GY259085,Studio C4,160,Age 16+,25,/images/martial arts-4.jpg
300465,Morning Cycling Indoor Program,2025-06-01,2025-08-24,19:00,21:00,2.0,"Sun, Tue",144194,GY141547,Studio A1,170,No experience required,30,/images/cycling-1.jpg
300342,Morning Weightlifting Olympic Session,2025-06-01,2025-08-24,09:00,11:00,2.0,Sun,100244,GY509448,Studio C4,90,Age 16+,30,/images/weightlifting-1.jpg
300023,Weekend Pilates Mat Class,2025-06-02,2025-07-28,19:00,21:00,2.0,Mon,102429,GY608847,Studio C3,250,Age 16+,15,/images/pilates-3.jpg
300171,Afternoon Dance Hip-hop Session,2025-06-02,2025-08-25,14:00,16:00,2.0,Mon,112247,GY632517,Studio A2,70,No experience required,20,/images/dance-5.jpg
300422,Afternoon Yoga Intermediate Workshop,2025-06-03,2025-08-26,14:00,16:00,2.0,"Mon, Tue",165895,GY820447,Studio A1,270,No experience required,25,/images/yoga-3.jpg
300172,Weekend Dance Aerobic Class,2025-06-03,2025-07-29,19:00,21:00,2.0,Tue,141148,GY332861,Studio B4,250,Age 16+,20,/images/dance-3.jpg
300399,Morning Yoga Advanced Session,2025-06-03,2025-07-29,09:00,11:00,2.0,"Thu, Tue",156190,GY390379,Studio B4,130,Basic fitness required,20,/images/yoga-4.jpg
300356,Weekend Weightlifting Strength Session,2025-06-03,2025-07-29,19:00,21:00,2.0,Tue,134525,GY716403,Studio A5,90,Basic fitness required,30,/images/weightlifting-1.jpg
300027,Evening Cycling HIIT Program,2025-06-03,2025-07-29,18:00,20:00,2.0,"Fri, Tue, Wed",112231,GY707780,Studio B1,210,Age 16+,30,/images/cycling-4.jpg
300461,Weekend Cycling Endurance Class,2025-06-03,2025-07-29,19:00,21:00,2.0,"Mon, Tue, Wed",140743,GY577267,Studio C5,240,Age 16+,30,/images/cycling-4.jpg
300034,Morning Cycling Indoor Program,2025-06-03,2025-08-26,19:00,21:00,2.0,"Thu, Tue",164263,GY648763,Studio C1,160,Age 16+,25,/images/cycling-4.jpg
300098,Weekend Dance Zumba Class,2025-06-03,2025-07-29,14:00,16:00,2.0,Tue,157501,GY122128,Studio C4,80,Basic fitness required,20,/images/dance-1.jpg
300261,Evening Yoga Advanced Program,2025-06-03,2025-08-26,14:00,16:00,2.0,"Sat, Sun, Tue",123073,GY956299,Studio B2,240,Medical clearance needed,20,/images/yoga-3.jpg
300488,Weekend Dance Zumba Workshop,2025-06-04,2025-07-02,18:00,20:00,2.0,Wed,147669,GY069721,Studio C3,160,Basic fitness required,15,/images/dance-4.jpg
300337,Afternoon Pilates Clinical Workshop,2025-06-04,2025-08-27,19:00,21:00,2.0,"Sat, Wed",101024,GY557296,Studio A1,120,Medical clearance needed,25,/images/pilates-2.jpg
300320,Weekend Martial Arts Kickboxing Class,2025-06-04,2025-07-02,14:00,16:00,2.0,Wed,144054,GY494364,Studio C2,300,Basic fitness required,25,/images/martial arts-1.jpg
300285,Evening Weightlifting Strength Session,2025-06-04,2025-07-30,14:00,16:00,2.0,"Fri, Wed",166727,GY952285,Studio A3,50,No experience required,30,/images/weightlifting-1.jpg
300176,Evening Yoga Prenatal Program,2025-06-04,2025-08-27,09:00,11:00,2.0,Wed,113923,GY005722,Studio A4,130,No experience required,30,/images/yoga-4.jpg
300444,Morning Cycling Indoor Session,2025-06-05,2025-07-03,14:00,16:00,2.0,"Sun, Thu, Tue",158271,GY122128,Studio B3,50,No experience required,20,/images/cycling-4.jpg
300234,Evening Martial Arts Boxing Workshop,2025-06-05,2025-08-28,18:00,20:00,2.0,Thu,127422,GY303789,Studio B4,60,Medical clearance needed,20,/images/martial arts-2.jpg
300378,Morning Yoga Advanced Session,2025-06-05,2025-07-03,18:00,20:00,2.0,"Sun, Thu",152330,GY620487,Studio C1,100,Medical clearance needed,20,/images/yoga-2.jpg
300022,Evening Cycling HIIT Program,2025-06-05,2025-07-31,18:00,20:00,2.0,Thu,154597,GY401247,Studio A3,80,Basic fitness required,25,/images/cycling-1.jpg
300198,Morning Dance Aerobic Program,2025-06-05,2025-07-03,09:00,11:00,2.0,"Mon, Thu",128022,GY048994,Studio C4,240,Basic fitness required,20,/images/dance-2.jpg
300447,Morning Yoga Prenatal Program,2025-06-05,2025-07-31,09:00,11:00,2.0,Thu,119977,GY026940,Studio C5,180,Basic fitness required,20,/images/yoga-5.jpg
300480,Evening Cycling Endurance Program,2025-06-05,2025-07-03,14:00,16:00,2.0,Thu,105457,GY482096,Studio B4,160,Medical clearance needed,30,/images/cycling-5.jpg
300291,Weekend Yoga Advanced Session,2025-06-06,2025-07-04,09:00,11:00,2.0,Fri,139562,GY449244,Studio C1,190,Basic fitness required,20,/images/yoga-4.jpg
300135,Afternoon Yoga Hot Workshop,2025-06-06,2025-08-01,14:00,16:00,2.0,"Fri, Mon",137817,GY241678,Studio A3,280,No experience required,25,/images/yoga-2.jpg
300307,Evening Cycling Indoor Class,2025-06-06,2025-07-04,14:00,16:00,2.0,Fri,117207,GY775302,Studio A2,220,Age 16+,20,/images/cycling-3.jpg
300295,Afternoon Yoga Prenatal Workshop,2025-06-06,2025-08-01,14:00,16:00,2.0,Fri,150323,GY133366,Studio A5,140,Medical clearance needed,25,/images/yoga-4.jpg
300192,Evening Cycling Indoor Class,2025-06-06,2025-08-01,09:00,11:00,2.0,"Fri, Sun",141769,GY466402,Studio C2,110,Age 16+,30,/images/cycling-2.jpg
300001,Weekend Weightlifting Strength Session,2025-06-06,2025-07-04,19:00,21:00,2.0,Fri,137200,GY301352,Studio A5,160,No experience required,25,/images/weightlifting-1.jpg
300473,Afternoon Martial Arts Boxing Session,2025-06-06,2025-07-04,09:00,11:00,2.0,Fri,132164,GY229364,Studio A4,270,No experience required,15,/images/martial arts-3.jpg
300011,Evening Dance Aerobic Workshop,2025-06-06,2025-07-04,14:00,16:00,2.0,"Fri, Sat",110779,GY938900,Studio A1,120,No experience required,20,/images/dance-2.jpg
300431,Morning Cycling Indoor Workshop,2025-06-06,2025-08-29,18:00,20:00,2.0,Fri,130747,GY055813,Studio B3,250,No experience required,25,/images/cycling-4.jpg
300464,Weekend Martial Arts Boxing Workshop,2025-06-07,2025-08-02,18:00,20:00,2.0,Sat,120733,GY327800,Studio A4,270,Basic fitness required,15,/images/martial arts-4.jpg
300347,Evening Dance Aerobic Class,2025-06-07,2025-08-02,09:00,11:00,2.0,"Sat, Thu",100667,GY249557,Studio C2,90,No experience required,20,/images/dance-3.jpg
300179,Morning Pilates Clinical Session,2025-06-07,2025-07-05,18:00,20:00,2.0,Sat,115791,GY368836,Studio B2,190,No experience required,25,/images/pilates-2.jpg
300296,Evening Weightlifting Technique Class,2025-06-07,2025-08-02,19:00,21:00,2.0,"Sat, Tue",123740,GY775302,Studio B2,190,Basic fitness required,25,/images/weightlifting-4.jpg
300368,Morning Cycling Indoor Program,2025-06-07,2025-08-02,14:00,16:00,2.0,"Sat, Thu, Wed",129681,GY499491,Studio C5,90,Age 16+,20,/images/cycling-1.jpg
300129,Evening Weightlifting Technique Program,2025-06-07,2025-07-05,09:00,11:00,2.0,"Sat, Sun",112282,GY781273,Studio B5,220,Age 16+,25,/images/weightlifting-4.jpg
300072,Morning Pilates Clinical Class,2025-06-07,2025-07-05,14:00,16:00,2.0,"Sat, Tue, Wed",129746,GY209197,Studio C3,240,Basic fitness required,20,/images/pilates-1.jpg
300123,Evening Yoga Prenatal Workshop,2025-06-08,2025-08-03,14:00,16:00,2.0,Sun,101629,GY632224,Studio C3,210,No experience required,20,/images/yoga-2.jpg
300194,Weekend Weightlifting Olympic Class,2025-06-08,2025-08-31,14:00,16:00,2.0,Sun,139941,GY419404,Studio B4,120,Basic fitness required,30,/images/weightlifting-4.jpg
300014,Morning Cycling Indoor Session,2025-06-08,2025-07-06,14:00,16:00,2.0,Sun,161451,GY612381,Studio C2,110,Basic fitness required,20,/images/cycling-1.jpg
300279,Evening Dance Hip-hop Class,2025-06-08,2025-07-06,19:00,21:00,2.0,Sun,110779,GY277631,Studio C2,290,No experience required,20,/images/dance-3.jpg
300205,Evening Yoga Advanced Program,2025-06-08,2025-08-31,09:00,11:00,2.0,Sun,100564,GY499491,Studio A2,150,Age 16+,30,/images/yoga-3.jpg
300413,Afternoon Yoga Hot Program,2025-06-08,2025-07-06,14:00,16:00,2.0,Sun,111103,GY495596,Studio C3,140,No experience required,25,/images/yoga-1.jpg
300167,Afternoon Martial Arts Kickboxing Program,2025-06-08,2025-08-03,14:00,16:00,2.0,Sun,131977,GY715327,Studio B3,230,Medical clearance needed,25,/images/martial arts-2.jpg
300332,Morning Dance Zumba Session,2025-06-09,2025-08-04,19:00,21:00,2.0,Mon,121921,GY270890,Studio A4,190,Medical clearance needed,20,/images/dance-1.jpg
300270,Morning Yoga Prenatal Class,2025-06-09,2025-08-04,18:00,20:00,2.0,"Mon, Thu",128151,GY301559,Studio B4,170,Basic fitness required,25,/images/yoga-5.jpg
300094,Morning Dance Zumba Session,2025-06-09,2025-08-04,14:00,16:00,2.0,Mon,119657,GY473306,Studio A1,100,Age 16+,20,/images/dance-4.jpg
300326,Weekend Dance Aerobic Class,2025-06-09,2025-09-01,14:00,16:00,2.0,Mon,146825,GY180063,Studio B2,230,Age 16+,20,/images/dance-4.jpg
300487,Afternoon Dance Hip-hop Workshop,2025-06-09,2025-09-01,18:00,20:00,2.0,"Mon, Tue",156098,GY449137,Studio B2,140,Age 16+,20,/images/dance-1.jpg
300306,Afternoon Martial Arts Kickboxing Session,2025-06-09,2025-08-04,19:00,21:00,2.0,Mon,144735,GY791312,Studio A5,140,Basic fitness required,20,/images/martial arts-3.jpg
300057,Weekend Dance Hip-hop Class,2025-06-10,2025-07-08,09:00,11:00,2.0,Tue,157705,GY943983,Studio B4,110,No experience required,20,/images/dance-2.jpg
300462,Morning Cycling Endurance Session,2025-06-10,2025-08-05,18:00,20:00,2.0,Tue,117622,GY103551,Studio B2,210,Basic fitness required,20,/images/cycling-3.jpg
300105,Evening Pilates Reformer Program,2025-06-10,2025-08-05,14:00,16:00,2.0,Tue,130839,GY507471,Studio C5,150,No experience required,20,/images/pilates-4.jpg
300020,Weekend Yoga Prenatal Session,2025-06-10,2025-09-02,19:00,21:00,2.0,Tue,100421,GY637616,Studio B5,190,Medical clearance needed,20,/images/yoga-1.jpg
300437,Weekend Pilates Clinical Program,2025-06-11,2025-08-06,18:00,20:00,2.0,Wed,138626,GY168712,Studio A4,110,Medical clearance needed,25,/images/pilates-5.jpg
300120,Afternoon Dance Zumba Program,2025-06-11,2025-09-03,09:00,11:00,2.0,Wed,142681,GY080718,Studio B5,300,Basic fitness required,25,/images/dance-3.jpg
300339,Weekend Martial Arts MMA Session,2025-06-11,2025-09-03,19:00,21:00,2.0,Wed,101659,GY598004,Studio C5,290,No experience required,25,/images/martial arts-2.jpg
300441,Weekend Martial Arts MMA Program,2025-06-11,2025-09-03,09:00,11:00,2.0,"Sun, Wed",130664,GY028745,Studio C2,250,Basic fitness required,30,/images/martial arts-2.jpg
300496,Evening Yoga Prenatal Workshop,2025-06-12,2025-08-07,14:00,16:00,2.0,Thu,138094,GY597157,Studio B2,60,Medical clearance needed,30,/images/yoga-1.jpg
300315,Morning Weightlifting Strength Class,2025-06-12,2025-08-07,18:00,20:00,2.0,"Mon, Thu",142364,GY054577,Studio C4,180,Age 16+,20,/images/weightlifting-1.jpg
300325,Afternoon Yoga Advanced Workshop,2025-06-12,2025-07-10,18:00,20:00,2.0,Thu,124069,GY508427,Studio C2,140,No experience required,25,/images/yoga-1.jpg
300393,Weekend Cycling Indoor Program,2025-06-12,2025-09-04,09:00,11:00,2.0,"Sat, Thu",169366,GY063283,Studio B1,160,Medical clearance needed,30,/images/cycling-2.jpg
300398,Evening Weightlifting Power Class,2025-06-12,2025-09-04,19:00,21:00,2.0,"Sun, Thu, Tue",140604,GY320116,Studio C3,130,Basic fitness required,15,/images/weightlifting-1.jpg
300430,Afternoon Dance Hip-hop Workshop,2025-06-12,2025-08-07,18:00,20:00,2.0,"Sun, Thu",121094,GY868653,Studio B2,100,Age 16+,15,/images/dance-3.jpg
300244,Afternoon Yoga Intermediate Workshop,2025-06-12,2025-09-04,09:00,11:00,2.0,Thu,122722,GY141547,Studio C2,170,No experience required,30,/images/yoga-1.jpg
300228,Afternoon Dance Zumba Workshop,2025-06-12,2025-07-10,19:00,21:00,2.0,"Fri, Mon, Thu",109042,GY417261,Studio A4,90,Basic fitness required,20,/images/dance-4.jpg
300010,Afternoon Pilates Group Workshop,2025-06-13,2025-09-05,19:00,21:00,2.0,Fri,131181,GY595334,Studio C4,110,No experience required,20,/images/pilates-3.jpg
300288,Evening Yoga Advanced Program,2025-06-13,2025-08-08,09:00,11:00,2.0,Fri,100685,GY311348,Studio B2,210,Basic fitness required,20,/images/yoga-3.jpg
300281,Evening Weightlifting Power Class,2025-06-13,2025-07-11,19:00,21:00,2.0,Fri,104579,GY483589,Studio A4,80,Age 16+,25,/images/weightlifting-5.jpg
300267,Afternoon Yoga Intermediate Class,2025-06-13,2025-07-11,14:00,16:00,2.0,Fri,136261,GY954342,Studio C3,80,No experience required,20,/images/yoga-1.jpg
300056,Morning Yoga Advanced Class,2025-06-13,2025-07-11,18:00,20:00,2.0,Fri,154234,GY707924,Studio A5,120,No experience required,15,/images/yoga-3.jpg
300448,Weekend Cycling Endurance Workshop,2025-06-13,2025-09-05,09:00,11:00,2.0,Fri,104873,GY201323,Studio A4,120,Basic fitness required,25,/images/cycling-5.jpg
300169,Evening Dance Zumba Class,2025-06-14,2025-09-06,19:00,21:00,2.0,Sat,144238,GY943983,Studio C5,60,Basic fitness required,25,/images/dance-2.jpg
300385,Afternoon Pilates Clinical Workshop,2025-06-14,2025-09-06,14:00,16:00,2.0,Sat,118969,GY959431,Studio A2,280,Basic fitness required,20,/images/pilates-1.jpg
300006,Morning Yoga Hot Workshop,2025-06-14,2025-07-12,09:00,11:00,2.0,"Mon, Sat",146171,GY026531,Studio C1,130,Medical clearance needed,20,/images/yoga-4.jpg
300420,Evening Dance Hip-hop Session,2025-06-14,2025-09-06,18:00,20:00,2.0,Sat,163685,GY723470,Studio A1,50,Age 16+,25,/images/dance-5.jpg
300297,Weekend Cycling Indoor Session,2025-06-14,2025-08-09,14:00,16:00,2.0,"Mon, Sat",119510,GY671669,Studio B3,290,No experience required,20,/images/cycling-3.jpg
300185,Evening Weightlifting Strength Session,2025-06-14,2025-07-12,19:00,21:00,2.0,Sat,132030,GY644515,Studio C4,140,Medical clearance needed,30,/images/weightlifting-1.jpg
300202,Afternoon Dance Aerobic Class,2025-06-14,2025-08-09,09:00,11:00,2.0,"Mon, Sat",167165,GY805125,Studio C5,80,Basic fitness required,25,/images/dance-5.jpg
300324,Afternoon Yoga Intermediate Program,2025-06-15,2025-07-13,09:00,11:00,2.0,Sun,129998,GY229364,Studio A4,130,No experience required,20,/images/yoga-4.jpg
300287,Evening Pilates Reformer Program,2025-06-15,2025-09-07,18:00,20:00,2.0,Sun,108930,GY938900,Studio C1,110,Age 16+,15,/images/pilates-2.jpg
300162,Weekend Pilates Group Program,2025-06-15,2025-07-13,14:00,16:00,2.0,"Mon, Sun",160775,GY710610,Studio B2,230,Age 16+,20,/images/pilates-4.jpg
300302,Morning Martial Arts Boxing Program,2025-06-15,2025-07-13,09:00,11:00,2.0,Sun,115170,GY551156,Studio A4,230,No experience required,20,/images/martial arts-2.jpg
300026,Afternoon Pilates Reformer Workshop,2025-06-16,2025-07-14,18:00,20:00,2.0,"Mon, Wed",145045,GY937518,Studio A5,100,No experience required,20,/images/pilates-3.jpg
300316,Weekend Pilates Group Workshop,2025-06-16,2025-08-11,14:00,16:00,2.0,Mon,120720,GY575673,Studio B2,100,Medical clearance needed,20,/images/pilates-1.jpg
300103,Afternoon Martial Arts MMA Session,2025-06-16,2025-07-14,09:00,11:00,2.0,Mon,117105,GY130019,Studio C4,190,Medical clearance needed,20,/images/martial arts-3.jpg
300265,Weekend Cycling Indoor Workshop,2025-06-16,2025-08-11,18:00,20:00,2.0,Mon,106733,GY259152,Studio C3,90,Age 16+,25,/images/cycling-5.jpg
300303,Weekend Martial Arts MMA Session,2025-06-16,2025-09-08,18:00,20:00,2.0,"Mon, Thu",100029,GY654855,Studio A4,260,No experience required,25,/images/martial arts-1.jpg
300218,Morning Cycling Endurance Class,2025-06-16,2025-08-11,09:00,11:00,2.0,"Mon, Sat",100564,GY582944,Studio C2,290,Medical clearance needed,25,/images/cycling-1.jpg
300045,Weekend Pilates Reformer Workshop,2025-06-17,2025-07-15,09:00,11:00,2.0,"Thu, Tue",159656,GY989661,Studio B1,100,Medical clearance needed,25,/images/pilates-1.jpg
300054,Weekend Dance Hip-hop Program,2025-06-17,2025-08-12,18:00,20:00,2.0,Tue,145039,GY055813,Studio B2,100,Medical clearance needed,20,/images/dance-5.jpg
300095,Afternoon Weightlifting Olympic Workshop,2025-06-17,2025-08-12,18:00,20:00,2.0,Tue,107959,GY940224,Studio B2,200,No experience required,25,/images/weightlifting-3.jpg
300493,Weekend Pilates Group Class,2025-06-18,2025-09-10,14:00,16:00,2.0,Wed,111766,GY169777,Studio B3,80,Age 16+,25,/images/pilates-2.jpg
300459,Morning Pilates Reformer Workshop,2025-06-18,2025-09-10,09:00,11:00,2.0,Wed,133812,GY721727,Studio C3,70,Basic fitness required,20,/images/pilates-3.jpg
300477,Weekend Weightlifting Power Program,2025-06-18,2025-09-10,09:00,11:00,2.0,Wed,136576,GY438587,Studio C2,200,Age 16+,20,/images/weightlifting-2.jpg
300322,Morning Yoga Advanced Class,2025-06-18,2025-07-16,19:00,21:00,2.0,Wed,167336,GY055830,Studio B2,210,Medical clearance needed,30,/images/yoga-4.jpg
300406,Afternoon Yoga Prenatal Class,2025-06-19,2025-07-17,09:00,11:00,2.0,Thu,101242,GY054577,Studio A3,90,Medical clearance needed,30,/images/yoga-4.jpg
300004,Afternoon Cycling Endurance Workshop,2025-06-19,2025-07-17,14:00,16:00,2.0,Thu,166115,GY692370,Studio B5,270,No experience required,20,/images/cycling-1.jpg
300158,Evening Dance Hip-hop Class,2025-06-19,2025-08-14,19:00,21:00,2.0,Thu,145488,GY124284,Studio B2,250,Medical clearance needed,20,/images/dance-5.jpg
300043,Evening Yoga Beginner Session,2025-06-19,2025-09-11,18:00,20:00,2.0,Thu,159884,GY251523,Studio C5,130,Age 16+,30,/images/yoga-1.jpg
300284,Evening Dance Hip-hop Class,2025-06-19,2025-09-11,18:00,20:00,2.0,Thu,153498,GY575673,Studio A3,140,No experience required,20,/images/dance-1.jpg
300317,Afternoon Pilates Clinical Program,2025-06-19,2025-07-17,09:00,11:00,2.0,"Fri, Thu",169638,GY028745,Studio B3,150,No experience required,25,/images/pilates-4.jpg
300353,Weekend Cycling HIIT Workshop,2025-06-20,2025-09-12,19:00,21:00,2.0,"Fri, Sun, Wed",101272,GY989661,Studio C3,120,Medical clearance needed,25,/images/cycling-4.jpg
300149,Morning Weightlifting Power Session,2025-06-20,2025-07-18,19:00,21:00,2.0,"Fri, Mon",167858,GY311348,Studio B1,200,No experience required,30,/images/weightlifting-3.jpg
300063,Morning Yoga Intermediate Session,2025-06-20,2025-09-12,14:00,16:00,2.0,"Fri, Sat",105116,GY975912,Studio B2,290,Age 16+,30,/images/yoga-5.jpg
300173,Weekend Yoga Intermediate Program,2025-06-20,2025-08-15,14:00,16:00,2.0,"Fri, Thu, Wed",123146,GY135402,Studio B4,270,Age 16+,30,/images/yoga-5.jpg
300254,Afternoon Martial Arts MMA Workshop,2025-06-20,2025-08-15,19:00,21:00,2.0,Fri,156504,GY499491,Studio B4,50,Basic fitness required,20,/images/martial arts-3.jpg
300235,Weekend Martial Arts Boxing Workshop,2025-06-20,2025-07-18,18:00,20:00,2.0,Fri,162624,GY706800,Studio B5,190,Age 16+,25,/images/martial arts-2.jpg
300242,Morning Dance Hip-hop Workshop,2025-06-20,2025-07-18,19:00,21:00,2.0,Fri,147015,GY342474,Studio B1,180,Basic fitness required,30,/images/dance-1.jpg
300007,Morning Dance Zumba Workshop,2025-06-20,2025-08-15,18:00,20:00,2.0,"Fri, Sun",144987,GY194071,Studio A2,100,Age 16+,25,/images/dance-2.jpg
300414,Morning Weightlifting Strength Class,2025-06-21,2025-08-16,18:00,20:00,2.0,Sat,131288,GY137870,Studio A3,280,Medical clearance needed,15,/images/weightlifting-5.jpg
300163,Weekend Dance Hip-hop Workshop,2025-06-21,2025-08-16,09:00,11:00,2.0,Sat,131410,GY081754,Studio A5,240,Age 16+,25,/images/dance-3.jpg
300140,Evening Yoga Intermediate Workshop,2025-06-21,2025-08-16,09:00,11:00,2.0,"Sat, Wed",119874,GY170656,Studio C5,220,No experience required,20,/images/yoga-4.jpg
300375,Afternoon Pilates Group Class,2025-06-21,2025-07-19,09:00,11:00,2.0,"Sat, Sun",139705,GY427955,Studio A2,160,Medical clearance needed,20,/images/pilates-2.jpg
300345,Morning Dance Hip-hop Class,2025-06-21,2025-08-16,09:00,11:00,2.0,"Sat, Tue, Wed",153642,GY243166,Studio C2,130,Age 16+,20,/images/dance-4.jpg
300280,Weekend Martial Arts Boxing Program,2025-06-22,2025-07-20,18:00,20:00,2.0,Sun,109740,GY127347,Studio A5,100,Medical clearance needed,25,/images/martial arts-3.jpg
300243,Morning Cycling HIIT Program,2025-06-22,2025-08-17,09:00,11:00,2.0,Sun,134182,GY153386,Studio A2,220,No experience required,25,/images/cycling-1.jpg
300278,Evening Yoga Beginner Class,2025-06-22,2025-08-17,09:00,11:00,2.0,Sun,130745,GY616460,Studio A3,180,Age 16+,25,/images/yoga-1.jpg
300486,Weekend Martial Arts Boxing Class,2025-06-22,2025-09-14,19:00,21:00,2.0,Sun,131651,GY449289,Studio A2,170,No experience required,20,/images/martial arts-1.jpg
300293,Afternoon Weightlifting Olympic Program,2025-06-22,2025-08-17,09:00,11:00,2.0,"Sun, Thu",138742,GY938900,Studio C2,100,Medical clearance needed,20,/images/weightlifting-4.jpg
300376,Afternoon Martial Arts Kickboxing Session,2025-06-22,2025-08-17,09:00,11:00,2.0,"Sun, Tue",104411,GY023250,Studio A3,200,No experience required,30,/images/martial arts-1.jpg
300128,Evening Pilates Group Class,2025-06-22,2025-07-20,09:00,11:00,2.0,Sun,126144,GY671669,Studio B4,60,No experience required,25,/images/pilates-3.jpg
300032,Afternoon Pilates Mat Program,2025-06-22,2025-09-14,19:00,21:00,2.0,"Fri, Sun, Tue",149616,GY081754,Studio A3,200,Age 16+,20,/images/pilates-1.jpg
300174,Weekend Martial Arts MMA Workshop,2025-06-23,2025-09-15,14:00,16:00,2.0,"Fri, Mon, Sun",109120,GY442600,Studio B4,90,Medical clearance needed,20,/images/martial arts-5.jpg
300424,Weekend Yoga Advanced Program,2025-06-23,2025-09-15,18:00,20:00,2.0,"Mon, Sat",148955,GY161621,Studio A3,130,Basic fitness required,25,/images/yoga-1.jpg
300289,Morning Martial Arts Boxing Program,2025-06-23,2025-07-21,19:00,21:00,2.0,"Mon, Wed",134489,GY079513,Studio C1,300,Age 16+,20,/images/martial arts-4.jpg
300203,Afternoon Martial Arts Kickboxing Program,2025-06-23,2025-09-15,18:00,20:00,2.0,Mon,162650,GY988846,Studio B5,180,Age 16+,25,/images/martial arts-3.jpg
300232,Morning Dance Aerobic Program,2025-06-24,2025-07-22,19:00,21:00,2.0,"Sun, Tue",120610,GY907436,Studio A3,170,No experience required,25,/images/dance-1.jpg
300208,Evening Yoga Beginner Session,2025-06-24,2025-08-19,14:00,16:00,2.0,Tue,161277,GY979792,Studio C1,230,Age 16+,20,/images/yoga-2.jpg
300068,Afternoon Martial Arts Boxing Session,2025-06-24,2025-09-16,14:00,16:00,2.0,Tue,106440,GY616460,Studio A2,50,Basic fitness required,30,/images/martial arts-2.jpg
300396,Weekend Dance Aerobic Session,2025-06-24,2025-08-19,09:00,11:00,2.0,"Sat, Tue",120633,GY709624,Studio A1,170,No experience required,30,/images/dance-3.jpg
300365,Morning Cycling Endurance Workshop,2025-06-24,2025-07-22,14:00,16:00,2.0,Tue,103917,GY637616,Studio A5,150,No experience required,25,/images/cycling-1.jpg
300248,Morning Cycling Indoor Workshop,2025-06-25,2025-09-17,14:00,16:00,2.0,"Fri, Wed",113646,GY780846,Studio A1,240,Basic fitness required,20,/images/cycling-2.jpg
300040,Weekend Dance Hip-hop Program,2025-06-25,2025-08-20,18:00,20:00,2.0,Wed,108954,GY775691,Studio A5,300,Medical clearance needed,30,/images/dance-3.jpg
300126,Morning Martial Arts Boxing Program,2025-06-25,2025-08-20,14:00,16:00,2.0,Wed,128170,GY122128,Studio C3,210,Basic fitness required,20,/images/martial arts-2.jpg
300366,Morning Dance Zumba Class,2025-06-25,2025-08-20,09:00,11:00,2.0,Wed,118248,GY979792,Studio A2,70,Basic fitness required,25,/images/dance-4.jpg
300304,Weekend Cycling Endurance Workshop,2025-06-25,2025-07-23,09:00,11:00,2.0,"Fri, Wed",133793,GY495596,Studio C3,300,Age 16+,25,/images/cycling-5.jpg
300392,Evening Cycling Indoor Workshop,2025-06-25,2025-08-20,14:00,16:00,2.0,Wed,126929,GY133366,Studio C2,90,Medical clearance needed,20,/images/cycling-2.jpg
300154,Afternoon Yoga Intermediate Workshop,2025-06-26,2025-09-18,19:00,21:00,2.0,"Sat, Thu",131605,GY137870,Studio A4,150,No experience required,25,/images/yoga-4.jpg
300439,Afternoon Pilates Mat Session,2025-06-26,2025-08-21,18:00,20:00,2.0,"Fri, Sun, Thu",155758,GY592796,Studio B1,80,Medical clearance needed,25,/images/pilates-3.jpg
300121,Afternoon Martial Arts Kickboxing Session,2025-06-26,2025-07-24,14:00,16:00,2.0,Thu,148804,GY726412,Studio C5,150,Basic fitness required,20,/images/martial arts-5.jpg
300363,Morning Weightlifting Olympic Workshop,2025-06-27,2025-08-22,19:00,21:00,2.0,"Fri, Sat, Tue",100944,GY248370,Studio A1,220,Basic fitness required,20,/images/weightlifting-4.jpg
300170,Weekend Dance Aerobic Session,2025-06-27,2025-09-19,19:00,21:00,2.0,Fri,107699,GY681531,Studio B3,150,Basic fitness required,25,/images/dance-2.jpg
300397,Weekend Weightlifting Technique Program,2025-06-27,2025-08-22,14:00,16:00,2.0,"Fri, Sat",135819,GY213724,Studio B5,290,Age 16+,25,/images/weightlifting-4.jpg
300276,Morning Cycling HIIT Class,2025-06-27,2025-09-19,18:00,20:00,2.0,Fri,143925,GY890947,Studio C1,250,Age 16+,20,/images/cycling-4.jpg
300331,Weekend Weightlifting Power Workshop,2025-06-28,2025-07-26,19:00,21:00,2.0,Sat,143310,GY804483,Studio B4,270,Basic fitness required,20,/images/weightlifting-2.jpg
300200,Weekend Yoga Hot Session,2025-06-28,2025-07-26,09:00,11:00,2.0,"Sat, Tue",156768,GY303789,Studio A3,130,Basic fitness required,25,/images/yoga-2.jpg
300351,Morning Pilates Mat Session,2025-06-28,2025-07-26,19:00,21:00,2.0,Sat,143123,GY194812,Studio C3,190,Age 16+,20,/images/pilates-3.jpg
300016,Weekend Weightlifting Strength Workshop,2025-06-28,2025-08-23,14:00,16:00,2.0,"Sat, Sun",115385,GY242297,Studio C4,140,Basic fitness required,25,/images/weightlifting-3.jpg
300428,Morning Pilates Clinical Class,2025-06-28,2025-09-20,19:00,21:00,2.0,"Mon, Sat",105660,GY668198,Studio C4,170,Medical clearance needed,20,/images/pilates-4.jpg
300262,Morning Weightlifting Olympic Class,2025-06-28,2025-07-26,18:00,20:00,2.0,"Sat, Thu",131735,GY868653,Studio B2,200,Age 16+,25,/images/weightlifting-1.jpg
300237,Evening Pilates Mat Workshop,2025-06-29,2025-09-21,14:00,16:00,2.0,Sun,101119,GY256065,Studio A4,190,Medical clearance needed,25,/images/pilates-5.jpg
300299,Evening Dance Aerobic Class,2025-06-29,2025-09-21,14:00,16:00,2.0,Sun,149641,GY477479,Studio A3,140,Age 16+,20,/images/dance-5.jpg
300153,Weekend Pilates Group Program,2025-06-30,2025-07-28,19:00,21:00,2.0,"Fri, Mon",143038,GY484442,Studio A4,200,Medical clearance needed,30,/images/pilates-4.jpg
300212,Morning Yoga Hot Class,2025-06-30,2025-09-22,18:00,20:00,2.0,"Fri, Mon, Wed",157537,GY342474,Studio A1,210,No experience required,20,/images/yoga-4.jpg
300412,Evening Pilates Mat Workshop,2025-06-30,2025-09-22,18:00,20:00,2.0,Mon,155296,GY600577,Studio A1,170,Age 16+,25,/images/pilates-2.jpg
300055,Evening Dance Aerobic Session,2025-06-30,2025-07-28,18:00,20:00,2.0,"Mon, Wed",108421,GY701189,Studio C3,70,Medical clearance needed,25,/images/dance-2.jpg
300483,Weekend Dance Zumba Class,2025-06-30,2025-09-22,14:00,16:00,2.0,"Fri, Mon, Wed",108714,GY880977,Studio B4,250,Basic fitness required,25,/images/dance-4.jpg
300277,Evening Martial Arts Kickboxing Session,2025-06-30,2025-08-25,18:00,20:00,2.0,"Mon, Wed",152416,GY194812,Studio C4,270,Basic fitness required,20,/images/martial arts-1.jpg
300003,Weekend Cycling Endurance Workshop,2025-06-30,2025-09-22,18:00,20:00,2.0,Mon,148894,GY086394,Studio A5,290,No experience required,25,/images/cycling-1.jpg
300319,Morning Dance Zumba Program,2025-07-01,2025-09-23,09:00,11:00,2.0,Tue,163697,GY608812,Studio A5,250,Medical clearance needed,15,/images/dance-2.jpg
300252,Weekend Martial Arts MMA Workshop,2025-07-01,2025-08-26,09:00,11:00,2.0,Tue,165632,GY973474,Studio B1,270,Basic fitness required,25,/images/martial arts-3.jpg
300000,Morning Dance Hip-hop Session,2025-07-01,2025-08-26,18:00,20:00,2.0,Tue,152189,GY654855,Studio C3,140,Basic fitness required,30,/images/dance-5.jpg
300099,Evening Yoga Advanced Program,2025-07-01,2025-07-29,19:00,21:00,2.0,Tue,147460,GY347198,Studio C2,170,Basic fitness required,20,/images/yoga-2.jpg
300092,Afternoon Cycling Endurance Session,2025-07-01,2025-08-26,18:00,20:00,2.0,Tue,105642,GY114249,Studio C1,230,No experience required,15,/images/cycling-5.jpg
300031,Morning Yoga Beginner Class,2025-07-01,2025-07-29,09:00,11:00,2.0,Tue,126561,GY647256,Studio C1,130,Age 16+,25,/images/yoga-4.jpg
300074,Morning Dance Aerobic Workshop,2025-07-02,2025-09-24,19:00,21:00,2.0,Wed,125672,GY597157,Studio A4,80,Medical clearance needed,20,/images/dance-5.jpg
300077,Morning Weightlifting Power Session,2025-07-02,2025-08-27,14:00,16:00,2.0,Wed,138058,GY090479,Studio A4,110,Age 16+,20,/images/weightlifting-3.jpg
300009,Evening Weightlifting Technique Program,2025-07-02,2025-09-24,09:00,11:00,2.0,Wed,156590,GY484442,Studio C1,110,No experience required,25,/images/weightlifting-4.jpg
300474,Morning Dance Zumba Session,2025-07-02,2025-07-30,14:00,16:00,2.0,Wed,132137,GY488844,Studio C2,170,No experience required,30,/images/dance-3.jpg
300073,Weekend Weightlifting Strength Class,2025-07-02,2025-07-30,19:00,21:00,2.0,"Fri, Wed",154394,GY344522,Studio C5,240,Medical clearance needed,30,/images/weightlifting-5.jpg
300204,Morning Weightlifting Technique Program,2025-07-02,2025-08-27,19:00,21:00,2.0,"Sat, Wed",130269,GY026531,Studio B2,90,Medical clearance needed,20,/images/weightlifting-4.jpg
300346,Evening Dance Zumba Program,2025-07-03,2025-09-25,14:00,16:00,2.0,Thu,117474,GY289917,Studio B3,250,Medical clearance needed,25,/images/dance-3.jpg
300088,Weekend Yoga Intermediate Class,2025-07-03,2025-07-31,19:00,21:00,2.0,Thu,137734,GY103551,Studio A3,100,Medical clearance needed,25,/images/yoga-3.jpg
300349,Afternoon Cycling Endurance Class,2025-07-03,2025-08-28,18:00,20:00,2.0,Thu,119054,GY952195,Studio C2,130,No experience required,15,/images/cycling-4.jpg
300330,Weekend Dance Aerobic Session,2025-07-03,2025-08-28,18:00,20:00,2.0,Thu,155368,GY820447,Studio B4,190,Age 16+,20,/images/dance-3.jpg
300132,Afternoon Martial Arts Boxing Workshop,2025-07-03,2025-08-28,14:00,16:00,2.0,"Sat, Thu, Wed",107136,GY807195,Studio C1,60,No experience required,30,/images/martial arts-2.jpg
300144,Evening Martial Arts Kickboxing Class,2025-07-03,2025-08-28,19:00,21:00,2.0,"Fri, Thu",116172,GY086401,Studio A2,80,Basic fitness required,15,/images/martial arts-3.jpg
300175,Morning Weightlifting Power Class,2025-07-03,2025-08-28,14:00,16:00,2.0,Thu,165299,GY598004,Studio A5,80,No experience required,30,/images/weightlifting-3.jpg
300182,Weekend Dance Aerobic Session,2025-07-03,2025-08-28,18:00,20:00,2.0,"Mon, Thu",116119,GY895647,Studio B2,250,Medical clearance needed,20,/images/dance-3.jpg
300362,Morning Cycling Endurance Program,2025-07-03,2025-07-31,18:00,20:00,2.0,"Sun, Thu",110373,GY267735,Studio C4,90,Medical clearance needed,25,/images/cycling-1.jpg
300062,Morning Cycling HIIT Class,2025-07-04,2025-09-26,19:00,21:00,2.0,"Fri, Mon, Tue",149532,GY820447,Studio A4,250,Basic fitness required,25,/images/cycling-1.jpg
300115,Morning Martial Arts Kickboxing Program,2025-07-04,2025-08-29,09:00,11:00,2.0,"Fri, Sat",109957,GY796518,Studio B1,300,No experience required,30,/images/martial arts-3.jpg
300308,Afternoon Dance Hip-hop Workshop,2025-07-04,2025-08-01,14:00,16:00,2.0,Fri,162956,GY417452,Studio C1,150,Age 16+,30,/images/dance-3.jpg
300361,Morning Pilates Clinical Session,2025-07-04,2025-08-29,18:00,20:00,2.0,Fri,163480,GY122007,Studio A4,190,Basic fitness required,25,/images/pilates-1.jpg
300150,Evening Yoga Intermediate Class,2025-07-05,2025-08-02,18:00,20:00,2.0,"Mon, Sat",147732,GY469295,Studio C5,140,Basic fitness required,25,/images/yoga-4.jpg
300286,Afternoon Yoga Intermediate Session,2025-07-05,2025-08-02,18:00,20:00,2.0,Sat,118958,GY678177,Studio C1,210,Age 16+,25,/images/yoga-4.jpg
300155,Morning Yoga Hot Workshop,2025-07-05,2025-08-30,09:00,11:00,2.0,Sat,109099,GY994209,Studio B5,80,Age 16+,20,/images/yoga-1.jpg
300305,Morning Cycling Endurance Workshop,2025-07-05,2025-09-27,18:00,20:00,2.0,Sat,120911,GY153386,Studio C4,240,Basic fitness required,25,/images/cycling-1.jpg
300151,Morning Martial Arts MMA Workshop,2025-07-06,2025-08-03,18:00,20:00,2.0,Sun,120439,GY089276,Studio C4,180,Basic fitness required,30,/images/martial arts-5.jpg
300380,Morning Cycling Indoor Class,2025-07-06,2025-08-31,19:00,21:00,2.0,Sun,106012,GY251523,Studio A3,130,No experience required,25,/images/cycling-4.jpg
300255,Morning Cycling Endurance Class,2025-07-07,2025-09-01,09:00,11:00,2.0,Mon,116130,GY136869,Studio B1,270,No experience required,25,/images/cycling-2.jpg
300008,Weekend Weightlifting Technique Session,2025-07-07,2025-08-04,09:00,11:00,2.0,"Mon, Tue",140993,GY301559,Studio C4,100,Basic fitness required,20,/images/weightlifting-2.jpg
300030,Morning Martial Arts MMA Session,2025-07-07,2025-09-01,19:00,21:00,2.0,"Fri, Mon",113916,GY327800,Studio B1,290,Age 16+,20,/images/martial arts-4.jpg
300435,Afternoon Dance Zumba Program,2025-07-07,2025-09-29,19:00,21:00,2.0,Mon,137134,GY251108,Studio B5,240,Age 16+,25,/images/dance-4.jpg
300449,Afternoon Dance Hip-hop Session,2025-07-07,2025-09-01,18:00,20:00,2.0,Mon,167988,GY820447,Studio C3,70,Age 16+,30,/images/dance-2.jpg
300189,Afternoon Yoga Prenatal Class,2025-07-08,2025-09-02,19:00,21:00,2.0,Tue,140532,GY053833,Studio B4,160,Medical clearance needed,20,/images/yoga-3.jpg
300470,Weekend Weightlifting Strength Workshop,2025-07-08,2025-09-30,18:00,20:00,2.0,Tue,117504,GY775302,Studio A3,60,Basic fitness required,25,/images/weightlifting-3.jpg
300122,Weekend Pilates Reformer Workshop,2025-07-08,2025-09-02,18:00,20:00,2.0,"Tue, Wed",123087,GY301352,Studio A5,250,No experience required,30,/images/pilates-3.jpg
300469,Evening Martial Arts MMA Class,2025-07-08,2025-08-05,14:00,16:00,2.0,Tue,124766,GY241678,Studio C1,140,Age 16+,20,/images/martial arts-5.jpg
300344,Weekend Weightlifting Technique Class,2025-07-08,2025-09-30,14:00,16:00,2.0,Tue,113606,GY951423,Studio B3,100,Medical clearance needed,20,/images/weightlifting-2.jpg
300275,Evening Weightlifting Technique Program,2025-07-08,2025-08-05,19:00,21:00,2.0,Tue,155820,GY053833,Studio C5,170,No experience required,20,/images/weightlifting-3.jpg
300294,Weekend Weightlifting Strength Session,2025-07-09,2025-09-03,18:00,20:00,2.0,"Fri, Wed",161647,GY055813,Studio A5,220,Age 16+,20,/images/weightlifting-5.jpg
300035,Weekend Yoga Hot Workshop,2025-07-09,2025-08-06,09:00,11:00,2.0,Wed,150050,GY534173,Studio A2,120,Basic fitness required,15,/images/yoga-4.jpg
300438,Morning Martial Arts Kickboxing Session,2025-07-09,2025-09-03,18:00,20:00,2.0,"Fri, Wed",146701,GY194071,Studio B3,130,Medical clearance needed,30,/images/martial arts-3.jpg
300138,Afternoon Cycling Indoor Program,2025-07-09,2025-10-01,18:00,20:00,2.0,"Fri, Wed",169040,GY030844,Studio A5,100,Age 16+,15,/images/cycling-1.jpg
300450,Evening Yoga Beginner Workshop,2025-07-09,2025-10-01,09:00,11:00,2.0,Wed,160270,GY201323,Studio B4,180,Age 16+,15,/images/yoga-2.jpg
300215,Evening Weightlifting Technique Class,2025-07-09,2025-09-03,18:00,20:00,2.0,Wed,146719,GY648763,Studio A2,210,Medical clearance needed,20,/images/weightlifting-3.jpg
300206,Weekend Yoga Hot Program,2025-07-09,2025-10-01,14:00,16:00,2.0,Wed,142636,GY402209,Studio B4,120,No experience required,20,/images/yoga-5.jpg
300125,Morning Weightlifting Olympic Class,2025-07-10,2025-09-04,18:00,20:00,2.0,Thu,123146,GY610566,Studio A2,160,Medical clearance needed,25,/images/weightlifting-5.jpg
300005,Weekend Dance Zumba Session,2025-07-10,2025-08-07,09:00,11:00,2.0,"Mon, Thu",111235,GY119378,Studio C5,60,Age 16+,15,/images/dance-2.jpg
300119,Morning Weightlifting Power Program,2025-07-10,2025-09-04,19:00,21:00,2.0,"Sat, Thu",166101,GY709624,Studio B5,110,Basic fitness required,20,/images/weightlifting-2.jpg
300084,Afternoon Dance Hip-hop Program,2025-07-10,2025-09-04,14:00,16:00,2.0,Thu,141632,GY895647,Studio A1,90,Medical clearance needed,25,/images/dance-5.jpg
300341,Evening Weightlifting Technique Program,2025-07-10,2025-10-02,19:00,21:00,2.0,Thu,100458,GY370258,Studio C3,140,No experience required,15,/images/weightlifting-3.jpg
300066,Evening Dance Aerobic Program,2025-07-11,2025-08-08,18:00,20:00,2.0,Fri,150571,GY713574,Studio A3,260,Age 16+,20,/images/dance-1.jpg
300091,Evening Yoga Prenatal Workshop,2025-07-11,2025-09-05,19:00,21:00,2.0,"Fri, Sat, Sun",106646,GY112024,Studio A2,230,Medical clearance needed,25,/images/yoga-5.jpg
300253,Evening Weightlifting Power Session,2025-07-11,2025-08-08,19:00,21:00,2.0,Fri,149246,GY991101,Studio C4,140,Basic fitness required,15,/images/weightlifting-3.jpg
300432,Evening Weightlifting Power Session,2025-07-11,2025-09-05,14:00,16:00,2.0,"Fri, Sat",167091,GY136869,Studio A4,280,No experience required,20,/images/weightlifting-4.jpg
300394,Weekend Cycling HIIT Program,2025-07-11,2025-10-03,18:00,20:00,2.0,Fri,160484,GY820447,Studio B5,160,No experience required,15,/images/cycling-1.jpg
300117,Weekend Weightlifting Strength Session,2025-07-11,2025-08-08,19:00,21:00,2.0,"Fri, Sat",116400,GY301559,Studio A5,180,Medical clearance needed,25,/images/weightlifting-4.jpg
300348,Weekend Martial Arts Kickboxing Class,2025-07-12,2025-08-09,09:00,11:00,2.0,"Sat, Sun, Wed",150144,GY482128,Studio A4,290,No experience required,25,/images/martial arts-5.jpg
300231,Afternoon Weightlifting Technique Class,2025-07-12,2025-08-09,09:00,11:00,2.0,"Sat, Sun",133143,GY449137,Studio C2,190,Basic fitness required,20,/images/weightlifting-4.jpg
300311,Weekend Weightlifting Strength Class,2025-07-12,2025-09-06,09:00,11:00,2.0,"Mon, Sat",137598,GY378247,Studio A5,80,Medical clearance needed,25,/images/weightlifting-1.jpg
300321,Afternoon Martial Arts Boxing Session,2025-07-12,2025-09-06,19:00,21:00,2.0,Sat,165994,GY709586,Studio C5,190,Medical clearance needed,30,/images/martial arts-3.jpg
300282,Morning Weightlifting Power Session,2025-07-12,2025-08-09,09:00,11:00,2.0,"Sat, Tue",141267,GY873043,Studio C2,90,Basic fitness required,25,/images/weightlifting-4.jpg
300377,Evening Yoga Beginner Session,2025-07-12,2025-09-06,09:00,11:00,2.0,"Sat, Wed",112387,GY779605,Studio A2,180,Age 16+,30,/images/yoga-2.jpg
300298,Weekend Yoga Advanced Workshop,2025-07-13,2025-10-05,09:00,11:00,2.0,"Sun, Wed",162064,GY325707,Studio B3,160,No experience required,20,/images/yoga-3.jpg
300328,Weekend Weightlifting Power Program,2025-07-13,2025-10-05,14:00,16:00,2.0,"Sun, Tue",141058,GY215387,Studio A3,90,No experience required,20,/images/weightlifting-4.jpg
300064,Morning Pilates Clinical Workshop,2025-07-13,2025-10-05,09:00,11:00,2.0,"Fri, Sun, Tue",113106,GY688051,Studio A2,70,No experience required,30,/images/pilates-4.jpg
300421,Morning Dance Hip-hop Session,2025-07-13,2025-08-10,19:00,21:00,2.0,Sun,110433,GY327682,Studio B3,180,Basic fitness required,25,/images/dance-5.jpg
300089,Morning Dance Hip-hop Program,2025-07-13,2025-10-05,09:00,11:00,2.0,"Mon, Sun",144603,GY513307,Studio B5,150,Basic fitness required,15,/images/dance-3.jpg
300078,Weekend Pilates Group Session,2025-07-13,2025-09-07,18:00,20:00,2.0,Sun,117547,GY270030,Studio A4,60,No experience required,20,/images/pilates-5.jpg
300383,Morning Cycling HIIT Class,2025-07-13,2025-08-10,09:00,11:00,2.0,Sun,142720,GY466402,Studio A1,230,Basic fitness required,15,/images/cycling-5.jpg
300193,Morning Yoga Beginner Session,2025-07-13,2025-08-10,19:00,21:00,2.0,Sun,129859,GY634522,Studio B3,270,Medical clearance needed,15,/images/yoga-4.jpg
300236,Evening Martial Arts MMA Class,2025-07-13,2025-10-05,18:00,20:00,2.0,Sun,118768,GY277631,Studio B1,240,No experience required,25,/images/martial arts-1.jpg
300498,Morning Yoga Beginner Program,2025-07-13,2025-08-10,19:00,21:00,2.0,Sun,152205,GY743300,Studio C4,70,Basic fitness required,20,/images/yoga-2.jpg
300195,Evening Weightlifting Strength Session,2025-07-13,2025-10-05,09:00,11:00,2.0,Sun,147531,GY096554,Studio A2,70,No experience required,15,/images/weightlifting-5.jpg
300475,Evening Martial Arts Kickboxing Session,2025-07-14,2025-09-08,09:00,11:00,2.0,"Mon, Thu",152569,GY427955,Studio B4,210,Medical clearance needed,30,/images/martial arts-1.jpg
300471,Afternoon Cycling Indoor Workshop,2025-07-14,2025-10-06,09:00,11:00,2.0,Mon,154045,GY233873,Studio A5,130,Age 16+,15,/images/cycling-1.jpg
300012,Weekend Yoga Prenatal Workshop,2025-07-14,2025-09-08,19:00,21:00,2.0,"Mon, Sat",164516,GY401247,Studio C1,230,Medical clearance needed,30,/images/yoga-2.jpg
300214,Morning Martial Arts MMA Session,2025-07-14,2025-10-06,14:00,16:00,2.0,Mon,116172,GY325707,Studio C5,250,Medical clearance needed,15,/images/martial arts-2.jpg
300258,Evening Pilates Clinical Program,2025-07-15,2025-09-09,09:00,11:00,2.0,"Mon, Thu, Tue",135186,GY608812,Studio B3,160,Age 16+,15,/images/pilates-4.jpg
300061,Morning Weightlifting Technique Program,2025-07-15,2025-09-09,19:00,21:00,2.0,Tue,145651,GY635408,Studio A4,60,Age 16+,25,/images/weightlifting-5.jpg
300259,Weekend Pilates Reformer Session,2025-07-15,2025-09-09,19:00,21:00,2.0,"Sun, Tue",163547,GY312919,Studio A5,60,No experience required,25,/images/pilates-1.jpg
300021,Morning Cycling HIIT Class,2025-07-15,2025-08-12,19:00,21:00,2.0,"Mon, Sat, Tue",152644,GY626194,Studio C5,90,Medical clearance needed,20,/images/cycling-2.jpg
300358,Afternoon Martial Arts Kickboxing Session,2025-07-15,2025-08-12,19:00,21:00,2.0,"Tue, Wed",145861,GY854734,Studio A3,60,Medical clearance needed,30,/images/martial arts-5.jpg
300076,Weekend Yoga Prenatal Workshop,2025-07-15,2025-10-07,14:00,16:00,2.0,Tue,124562,GY807355,Studio C3,60,Medical clearance needed,20,/images/yoga-5.jpg
300104,Morning Martial Arts Kickboxing Program,2025-07-15,2025-10-07,09:00,11:00,2.0,"Sat, Tue, Wed",126216,GY612381,Studio A5,100,Basic fitness required,25,/images/martial arts-2.jpg
300405,Evening Weightlifting Strength Program,2025-07-15,2025-10-07,09:00,11:00,2.0,Tue,120610,GY600744,Studio A3,290,Age 16+,20,/images/weightlifting-2.jpg
300426,Afternoon Weightlifting Technique Class,2025-07-16,2025-09-10,09:00,11:00,2.0,Wed,153633,GY868073,Studio A4,260,No experience required,20,/images/weightlifting-3.jpg
300041,Weekend Weightlifting Strength Session,2025-07-16,2025-10-08,19:00,21:00,2.0,"Sun, Wed",158917,GY355532,Studio C2,270,Medical clearance needed,20,/images/weightlifting-4.jpg
300251,Weekend Pilates Mat Workshop,2025-07-16,2025-08-13,18:00,20:00,2.0,"Sun, Wed",147983,GY616460,Studio A5,260,Medical clearance needed,30,/images/pilates-4.jpg
300443,Weekend Dance Aerobic Program,2025-07-16,2025-10-08,19:00,21:00,2.0,Wed,147661,GY620487,Studio C3,190,Basic fitness required,25,/images/dance-4.jpg
300374,Morning Cycling Indoor Program,2025-07-16,2025-10-08,19:00,21:00,2.0,"Thu, Wed",150287,GY706800,Studio A3,250,No experience required,25,/images/cycling-3.jpg
300116,Weekend Martial Arts Boxing Program,2025-07-17,2025-08-14,14:00,16:00,2.0,Thu,161389,GY390379,Studio A5,130,Medical clearance needed,25,/images/martial arts-1.jpg
300102,Weekend Weightlifting Olympic Program,2025-07-17,2025-10-09,09:00,11:00,2.0,Thu,124660,GY305280,Studio A1,200,Basic fitness required,20,/images/weightlifting-4.jpg
300079,Afternoon Yoga Advanced Workshop,2025-07-17,2025-10-09,09:00,11:00,2.0,Thu,138168,GY216942,Studio A4,290,Medical clearance needed,20,/images/yoga-3.jpg
300250,Morning Yoga Intermediate Program,2025-07-17,2025-08-14,19:00,21:00,2.0,"Sat, Sun, Thu",164157,GY805125,Studio B1,290,Medical clearance needed,25,/images/yoga-3.jpg
300050,Afternoon Martial Arts MMA Session,2025-07-17,2025-09-11,18:00,20:00,2.0,Thu,145115,GY668198,Studio B5,260,Age 16+,25,/images/martial arts-5.jpg
300101,Afternoon Pilates Clinical Class,2025-07-17,2025-08-14,14:00,16:00,2.0,"Sun, Thu",145732,GY909784,Studio C1,70,No experience required,20,/images/pilates-4.jpg
300476,Weekend Weightlifting Power Session,2025-07-17,2025-10-09,18:00,20:00,2.0,"Thu, Tue",110986,GY614482,Studio C3,120,No experience required,25,/images/weightlifting-4.jpg
300364,Evening Dance Aerobic Workshop,2025-07-17,2025-10-09,18:00,20:00,2.0,"Mon, Thu",164272,GY027949,Studio C5,180,Medical clearance needed,25,/images/dance-3.jpg
300227,Weekend Dance Aerobic Class,2025-07-17,2025-09-11,19:00,21:00,2.0,"Mon, Thu",143929,GY466238,Studio A2,230,Basic fitness required,20,/images/dance-4.jpg
300318,Afternoon Yoga Beginner Program,2025-07-18,2025-10-10,19:00,21:00,2.0,Fri,150289,GY342474,Studio B5,160,Age 16+,30,/images/yoga-3.jpg
300015,Morning Martial Arts MMA Session,2025-07-18,2025-10-10,14:00,16:00,2.0,"Fri, Sat",131679,GY608812,Studio B4,260,Basic fitness required,25,/images/martial arts-1.jpg
300455,Evening Weightlifting Power Program,2025-07-18,2025-08-15,09:00,11:00,2.0,Fri,155482,GY647256,Studio B3,110,Basic fitness required,30,/images/weightlifting-2.jpg
300226,Afternoon Martial Arts MMA Workshop,2025-07-18,2025-09-12,18:00,20:00,2.0,Fri,101507,GY873043,Studio A5,220,Basic fitness required,15,/images/martial arts-4.jpg
300497,Weekend Pilates Mat Program,2025-07-19,2025-08-16,14:00,16:00,2.0,Sat,133115,GY384360,Studio C4,120,Medical clearance needed,25,/images/pilates-1.jpg
300224,Evening Cycling HIIT Class,2025-07-19,2025-08-16,18:00,20:00,2.0,"Sat, Thu",102686,GY604256,Studio C4,170,No experience required,25,/images/cycling-3.jpg
300372,Evening Pilates Reformer Workshop,2025-07-19,2025-10-11,09:00,11:00,2.0,"Sat, Thu",119056,GY259152,Studio C4,130,No experience required,20,/images/pilates-4.jpg
300060,Weekend Yoga Beginner Session,2025-07-19,2025-09-13,09:00,11:00,2.0,Sat,151166,GY449289,Studio A2,150,Basic fitness required,25,/images/yoga-5.jpg
300323,Evening Cycling Indoor Program,2025-07-19,2025-09-13,18:00,20:00,2.0,Sat,113420,GY804483,Studio C5,80,Age 16+,15,/images/cycling-2.jpg
300143,Afternoon Cycling Indoor Program,2025-07-19,2025-08-16,19:00,21:00,2.0,"Sat, Tue",119595,GY814325,Studio A2,250,No experience required,25,/images/cycling-2.jpg
300190,Evening Pilates Mat Session,2025-07-19,2025-08-16,19:00,21:00,2.0,"Mon, Sat",161190,GY355532,Studio C3,260,Basic fitness required,20,/images/pilates-3.jpg
300186,Morning Yoga Advanced Class,2025-07-19,2025-08-16,09:00,11:00,2.0,"Mon, Sat",106865,GY449137,Studio A3,110,Basic fitness required,30,/images/yoga-4.jpg
300106,Afternoon Yoga Beginner Program,2025-07-20,2025-10-12,19:00,21:00,2.0,Sun,145544,GY653367,Studio B4,150,No experience required,25,/images/yoga-1.jpg
300327,Evening Dance Zumba Session,2025-07-20,2025-09-14,19:00,21:00,2.0,Sun,165049,GY646108,Studio C1,240,Age 16+,20,/images/dance-1.jpg
300109,Weekend Dance Aerobic Class,2025-07-20,2025-09-14,09:00,11:00,2.0,"Sun, Wed",104439,GY421037,Studio C1,180,Basic fitness required,15,/images/dance-1.jpg
300141,Afternoon Weightlifting Olympic Program,2025-07-20,2025-09-14,09:00,11:00,2.0,Sun,132622,GY833824,Studio A4,90,Age 16+,20,/images/weightlifting-5.jpg
300221,Weekend Pilates Group Session,2025-07-20,2025-10-12,19:00,21:00,2.0,Sun,164710,GY784078,Studio A1,140,Basic fitness required,20,/images/pilates-4.jpg
300093,Morning Martial Arts Boxing Session,2025-07-20,2025-08-17,09:00,11:00,2.0,"Fri, Sun",165070,GY216942,Studio B4,90,No experience required,30,/images/martial arts-3.jpg
300051,Weekend Yoga Hot Workshop,2025-07-20,2025-09-14,18:00,20:00,2.0,Sun,114372,GY421169,Studio A4,270,Basic fitness required,30,/images/yoga-5.jpg
300222,Weekend Weightlifting Strength Program,2025-07-21,2025-09-15,14:00,16:00,2.0,Mon,166267,GY784279,Studio A2,60,Age 16+,25,/images/weightlifting-1.jpg
300463,Evening Pilates Clinical Class,2025-07-21,2025-08-18,09:00,11:00,2.0,Mon,110099,GY122128,Studio B2,70,Medical clearance needed,15,/images/pilates-2.jpg
300238,Afternoon Dance Hip-hop Program,2025-07-21,2025-08-18,14:00,16:00,2.0,"Fri, Mon, Sun",142635,GY568022,Studio B2,210,Age 16+,20,/images/dance-3.jpg
300379,Evening Martial Arts Kickboxing Class,2025-07-21,2025-09-15,19:00,21:00,2.0,Mon,122161,GY733921,Studio B3,150,Medical clearance needed,20,/images/martial arts-5.jpg
300080,Weekend Dance Hip-hop Program,2025-07-22,2025-09-16,18:00,20:00,2.0,Tue,164616,GY257294,Studio C1,90,Medical clearance needed,30,/images/dance-2.jpg
300369,Evening Yoga Hot Workshop,2025-07-22,2025-09-16,14:00,16:00,2.0,"Thu, Tue",147158,GY301559,Studio C4,290,Medical clearance needed,25,/images/yoga-5.jpg
300416,Weekend Dance Hip-hop Program,2025-07-22,2025-10-14,14:00,16:00,2.0,Tue,136380,GY213724,Studio B4,180,Medical clearance needed,20,/images/dance-1.jpg
300436,Weekend Cycling Endurance Session,2025-07-22,2025-09-16,19:00,21:00,2.0,"Thu, Tue",118293,GY194241,Studio B4,290,Age 16+,20,/images/cycling-2.jpg
300147,Morning Martial Arts MMA Session,2025-07-22,2025-08-19,14:00,16:00,2.0,Tue,160650,GY140511,Studio B1,200,Medical clearance needed,30,/images/martial arts-4.jpg
300309,Afternoon Martial Arts Kickboxing Class,2025-07-22,2025-08-19,14:00,16:00,2.0,Tue,104667,GY256065,Studio A3,60,Medical clearance needed,25,/images/martial arts-5.jpg
300456,Morning Weightlifting Strength Workshop,2025-07-22,2025-08-19,14:00,16:00,2.0,Tue,133314,GY072298,Studio B5,170,Medical clearance needed,20,/images/weightlifting-4.jpg
300019,Weekend Pilates Group Workshop,2025-07-22,2025-10-14,19:00,21:00,2.0,"Fri, Tue, Wed",164789,GY390379,Studio B3,200,Medical clearance needed,20,/images/pilates-1.jpg
300445,Morning Weightlifting Olympic Program,2025-07-23,2025-09-17,09:00,11:00,2.0,Wed,160394,GY514730,Studio C3,180,Medical clearance needed,20,/images/weightlifting-4.jpg
300314,Weekend Pilates Clinical Program,2025-07-23,2025-10-15,14:00,16:00,2.0,Wed,106457,GY124284,Studio A2,170,Medical clearance needed,15,/images/pilates-1.jpg
300225,Morning Pilates Mat Program,2025-07-23,2025-08-20,14:00,16:00,2.0,"Sat, Wed",134962,GY716403,Studio B3,130,Age 16+,20,/images/pilates-5.jpg
300114,Morning Weightlifting Technique Workshop,2025-07-23,2025-09-17,14:00,16:00,2.0,"Thu, Tue, Wed",102398,GY137587,Studio C2,140,Medical clearance needed,20,/images/weightlifting-2.jpg
300216,Evening Dance Aerobic Program,2025-07-23,2025-08-20,14:00,16:00,2.0,Wed,113539,GY841872,Studio C2,190,Basic fitness required,25,/images/dance-4.jpg
300272,Weekend Weightlifting Technique Session,2025-07-23,2025-10-15,19:00,21:00,2.0,"Fri, Wed",113762,GY804483,Studio A4,200,Age 16+,20,/images/weightlifting-1.jpg
300178,Evening Yoga Hot Class,2025-07-23,2025-08-20,19:00,21:00,2.0,"Thu, Wed",131131,GY868653,Studio B5,290,Age 16+,30,/images/yoga-4.jpg
300419,Weekend Cycling Endurance Session,2025-07-23,2025-08-20,09:00,11:00,2.0,Wed,124431,GY436106,Studio B5,180,No experience required,30,/images/cycling-1.jpg
300181,Afternoon Martial Arts Kickboxing Program,2025-07-23,2025-09-17,18:00,20:00,2.0,Wed,142198,GY133366,Studio C5,130,No experience required,20,/images/martial arts-4.jpg
300118,Morning Martial Arts Kickboxing Class,2025-07-23,2025-09-17,19:00,21:00,2.0,Wed,133823,GY355532,Studio B3,170,Medical clearance needed,20,/images/martial arts-2.jpg
300002,Afternoon Cycling Endurance Session,2025-07-24,2025-09-18,14:00,16:00,2.0,Thu,136374,GY746538,Studio B1,210,Age 16+,20,/images/cycling-3.jpg
300355,Afternoon Dance Zumba Program,2025-07-24,2025-09-18,18:00,20:00,2.0,"Fri, Thu",147287,GY025020,Studio C2,80,Age 16+,30,/images/dance-1.jpg
300166,Morning Dance Aerobic Class,2025-07-24,2025-08-21,19:00,21:00,2.0,Thu,143345,GY005722,Studio B2,110,Medical clearance needed,20,/images/dance-3.jpg
300434,Afternoon Yoga Prenatal Session,2025-07-24,2025-10-16,14:00,16:00,2.0,"Sun, Thu, Tue",144462,GY951423,Studio B5,210,No experience required,25,/images/yoga-3.jpg
300156,Weekend Pilates Clinical Program,2025-07-25,2025-09-19,09:00,11:00,2.0,"Fri, Sat",111857,GY861583,Studio C3,270,Basic fitness required,30,/images/pilates-5.jpg
300113,Afternoon Martial Arts Kickboxing Workshop,2025-07-25,2025-08-22,14:00,16:00,2.0,"Fri, Sat",152707,GY930378,Studio A3,260,Basic fitness required,20,/images/martial arts-2.jpg
300454,Evening Yoga Advanced Class,2025-07-25,2025-08-22,14:00,16:00,2.0,"Fri, Thu, Wed",125235,GY781273,Studio B2,250,No experience required,20,/images/yoga-1.jpg
300418,Morning Weightlifting Strength Class,2025-07-25,2025-09-19,14:00,16:00,2.0,Fri,155480,GY427955,Studio C2,260,Basic fitness required,25,/images/weightlifting-2.jpg
300139,Morning Cycling Indoor Session,2025-07-25,2025-08-22,14:00,16:00,2.0,Fri,161555,GY401111,Studio A3,80,Basic fitness required,20,/images/cycling-2.jpg
300388,Weekend Weightlifting Power Program,2025-07-25,2025-09-19,09:00,11:00,2.0,Fri,116540,GY624371,Studio B1,270,Medical clearance needed,15,/images/weightlifting-3.jpg
300112,Weekend Dance Zumba Class,2025-07-26,2025-08-23,14:00,16:00,2.0,Sat,135954,GY421037,Studio C3,80,No experience required,25,/images/dance-5.jpg
300384,Weekend Cycling Endurance Workshop,2025-07-26,2025-09-20,19:00,21:00,2.0,Sat,110761,GY482128,Studio C2,230,Age 16+,20,/images/cycling-2.jpg
300217,Morning Yoga Beginner Program,2025-07-26,2025-08-23,18:00,20:00,2.0,Sat,129005,GY978042,Studio C3,290,Basic fitness required,30,/images/yoga-3.jpg
300028,Morning Pilates Clinical Class,2025-07-27,2025-08-24,19:00,21:00,2.0,"Fri, Sun",153121,GY270890,Studio A2,220,Age 16+,15,/images/pilates-1.jpg
300087,Morning Dance Aerobic Program,2025-07-27,2025-08-24,09:00,11:00,2.0,Sun,142649,GY385506,Studio B4,200,No experience required,15,/images/dance-1.jpg
300017,Evening Weightlifting Strength Program,2025-07-27,2025-10-19,09:00,11:00,2.0,Sun,152844,GY721727,Studio A2,90,Medical clearance needed,30,/images/weightlifting-1.jpg
300433,Afternoon Weightlifting Olympic Workshop,2025-07-28,2025-08-25,09:00,11:00,2.0,Mon,124559,GY832732,Studio B4,230,Basic fitness required,25,/images/weightlifting-2.jpg
300069,Morning Cycling HIIT Class,2025-07-28,2025-10-20,19:00,21:00,2.0,"Mon, Wed",111084,GY399470,Studio C5,90,Basic fitness required,25,/images/cycling-5.jpg
300145,Evening Pilates Group Program,2025-07-28,2025-08-25,18:00,20:00,2.0,Mon,129013,GY270890,Studio C5,80,No experience required,20,/images/pilates-2.jpg
300039,Weekend Cycling Endurance Session,2025-07-28,2025-10-20,14:00,16:00,2.0,Mon,140553,GY652441,Studio C5,200,No experience required,25,/images/cycling-3.jpg
300335,Evening Pilates Reformer Class,2025-07-28,2025-08-25,18:00,20:00,2.0,"Mon, Sun",152405,GY220250,Studio B3,110,Medical clearance needed,25,/images/pilates-2.jpg
300382,Weekend Cycling Endurance Workshop,2025-07-28,2025-10-20,19:00,21:00,2.0,Mon,127334,GY681531,Studio A3,100,Medical clearance needed,25,/images/cycling-1.jpg
300152,Evening Pilates Group Workshop,2025-07-28,2025-10-20,19:00,21:00,2.0,"Mon, Wed",151928,GY006384,Studio A3,130,Medical clearance needed,20,/images/pilates-5.jpg
300059,Afternoon Martial Arts Boxing Class,2025-07-28,2025-10-20,19:00,21:00,2.0,"Mon, Tue",122161,GY145693,Studio A1,50,Basic fitness required,20,/images/martial arts-4.jpg
300271,Weekend Yoga Beginner Workshop,2025-07-29,2025-08-26,18:00,20:00,2.0,Tue,152809,GY937518,Studio A2,260,No experience required,20,/images/yoga-5.jpg
300230,Evening Dance Hip-hop Program,2025-07-29,2025-08-26,14:00,16:00,2.0,Tue,130913,GY129628,Studio C3,260,No experience required,25,/images/dance-3.jpg
300373,Morning Yoga Beginner Class,2025-07-29,2025-10-21,09:00,11:00,2.0,"Thu, Tue",133799,GY529155,Studio B1,230,Basic fitness required,20,/images/yoga-4.jpg
300410,Evening Cycling HIIT Workshop,2025-07-29,2025-10-21,09:00,11:00,2.0,"Mon, Tue",158284,GY488844,Studio B2,80,Medical clearance needed,25,/images/cycling-2.jpg
300082,Weekend Weightlifting Technique Workshop,2025-07-29,2025-10-21,18:00,20:00,2.0,"Fri, Tue",130926,GY215387,Studio A5,50,No experience required,20,/images/weightlifting-2.jpg
300395,Weekend Dance Zumba Program,2025-07-29,2025-10-21,09:00,11:00,2.0,"Tue, Wed",113829,GY956610,Studio A3,260,Basic fitness required,25,/images/dance-5.jpg
300024,Weekend Yoga Intermediate Program,2025-07-30,2025-10-22,09:00,11:00,2.0,Wed,101100,GY214013,Studio A2,190,Basic fitness required,30,/images/yoga-5.jpg
300400,Morning Pilates Mat Workshop,2025-07-30,2025-10-22,09:00,11:00,2.0,"Fri, Thu, Wed",119552,GY027076,Studio B4,130,No experience required,30,/images/pilates-5.jpg
300457,Morning Martial Arts Kickboxing Program,2025-07-30,2025-08-27,18:00,20:00,2.0,Wed,163464,GY301352,Studio B3,160,No experience required,30,/images/martial arts-3.jpg
300479,Evening Pilates Reformer Session,2025-07-30,2025-10-22,09:00,11:00,2.0,"Mon, Wed",139281,GY243166,Studio C1,110,Medical clearance needed,15,/images/pilates-2.jpg
300268,Afternoon Martial Arts Kickboxing Workshop,2025-07-31,2025-09-25,09:00,11:00,2.0,Thu,148944,GY507471,Studio C1,290,Age 16+,20,/images/martial arts-2.jpg
300290,Evening Yoga Hot Program,2025-07-31,2025-08-28,09:00,11:00,2.0,Thu,104304,GY061415,Studio C5,240,Age 16+,15,/images/yoga-1.jpg
300492,Weekend Martial Arts Boxing Program,2025-08-01,2025-08-29,18:00,20:00,2.0,"Fri, Wed",151538,GY525339,Studio A2,270,Medical clearance needed,30,/images/martial arts-1.jpg
300213,Weekend Pilates Clinical Workshop,2025-08-01,2025-09-26,19:00,21:00,2.0,Fri,151455,GY213724,Studio C4,80,Medical clearance needed,20,/images/pilates-5.jpg
300411,Morning Dance Zumba Class,2025-08-01,2025-09-26,18:00,20:00,2.0,Fri,139727,GY858824,Studio C4,230,Age 16+,25,/images/dance-2.jpg
300458,Morning Weightlifting Technique Workshop,2025-08-01,2025-09-26,19:00,21:00,2.0,Fri,100529,GY327800,Studio B3,140,Basic fitness required,20,/images/weightlifting-5.jpg
300263,Weekend Weightlifting Technique Session,2025-08-02,2025-10-25,14:00,16:00,2.0,"Sat, Sun",126224,GY842570,Studio B2,210,Age 16+,25,/images/weightlifting-5.jpg
300499,Afternoon Martial Arts Boxing Program,2025-08-02,2025-08-30,18:00,20:00,2.0,Sat,153831,GY867762,Studio B4,290,No experience required,20,/images/martial arts-3.jpg
300417,Evening Pilates Group Class,2025-08-02,2025-09-27,09:00,11:00,2.0,Sat,136431,GY648763,Studio A3,300,Age 16+,25,/images/pilates-4.jpg
300429,Morning Pilates Group Class,2025-08-02,2025-09-27,09:00,11:00,2.0,Sat,113394,GY477479,Studio A1,100,No experience required,20,/images/pilates-2.jpg
300046,Afternoon Pilates Mat Session,2025-08-02,2025-10-25,09:00,11:00,2.0,Sat,151121,GY827170,Studio C1,250,Basic fitness required,25,/images/pilates-3.jpg
300018,Evening Pilates Group Class,2025-08-02,2025-10-25,18:00,20:00,2.0,Sat,159671,GY841872,Studio B3,120,Medical clearance needed,15,/images/pilates-2.jpg
300210,Morning Yoga Advanced Workshop,2025-08-02,2025-08-30,09:00,11:00,2.0,"Sat, Thu",159735,GY866227,Studio B3,250,Basic fitness required,30,/images/yoga-2.jpg
300333,Afternoon Yoga Hot Program,2025-08-02,2025-10-25,14:00,16:00,2.0,Sat,146753,GY436106,Studio A5,140,Age 16+,30,/images/yoga-4.jpg
300468,Weekend Cycling Endurance Program,2025-08-02,2025-08-30,14:00,16:00,2.0,Sat,148459,GY688607,Studio C3,180,Age 16+,20,/images/cycling-1.jpg
300415,Morning Dance Hip-hop Session,2025-08-03,2025-09-28,19:00,21:00,2.0,Sun,125613,GY868653,Studio C4,230,Medical clearance needed,25,/images/dance-2.jpg
300446,Evening Weightlifting Olympic Workshop,2025-08-03,2025-10-26,14:00,16:00,2.0,Sun,142430,GY615222,Studio C4,260,No experience required,25,/images/weightlifting-4.jpg
300220,Afternoon Pilates Reformer Class,2025-08-03,2025-08-31,14:00,16:00,2.0,"Sun, Wed",148314,GY691321,Studio B3,50,Age 16+,30,/images/pilates-1.jpg
300391,Morning Pilates Mat Program,2025-08-04,2025-09-29,18:00,20:00,2.0,Mon,157868,GY859382,Studio B3,110,No experience required,20,/images/pilates-3.jpg
300336,Morning Martial Arts Kickboxing Program,2025-08-04,2025-09-01,14:00,16:00,2.0,Mon,159352,GY766786,Studio A4,110,Basic fitness required,30,/images/martial arts-2.jpg
300491,Afternoon Martial Arts Kickboxing Class,2025-08-04,2025-09-01,09:00,11:00,2.0,Mon,131568,GY161621,Studio A1,250,Age 16+,30,/images/martial arts-4.jpg
300146,Evening Cycling Indoor Session,2025-08-04,2025-09-01,18:00,20:00,2.0,Mon,151309,GY091593,Studio B1,280,Age 16+,20,/images/cycling-1.jpg
300370,Weekend Cycling HIIT Session,2025-08-04,2025-09-01,14:00,16:00,2.0,Mon,144354,GY775691,Studio C2,110,No experience required,20,/images/cycling-3.jpg
300042,Weekend Martial Arts Kickboxing Session,2025-08-04,2025-09-29,14:00,16:00,2.0,Mon,140765,GY997519,Studio B2,290,Age 16+,25,/images/martial arts-2.jpg
300036,Morning Martial Arts MMA Session,2025-08-05,2025-09-02,14:00,16:00,2.0,Tue,149779,GY122007,Studio B2,90,No experience required,20,/images/martial arts-2.jpg
300381,Weekend Martial Arts Boxing Class,2025-08-05,2025-09-30,09:00,11:00,2.0,"Thu, Tue",160238,GY678177,Studio C3,110,Medical clearance needed,25,/images/martial arts-1.jpg
300266,Weekend Cycling Indoor Class,2025-08-05,2025-09-30,19:00,21:00,2.0,Tue,156028,GY233873,Studio C2,60,Basic fitness required,30,/images/cycling-4.jpg
300246,Afternoon Dance Zumba Workshop,2025-08-05,2025-10-28,18:00,20:00,2.0,Tue,130187,GY544467,Studio B4,190,Age 16+,20,/images/dance-5.jpg
300097,Afternoon Martial Arts Boxing Class,2025-08-06,2025-09-03,19:00,21:00,2.0,Wed,100996,GY940224,Studio B2,80,Age 16+,20,/images/martial arts-1.jpg
300354,Morning Pilates Clinical Class,2025-08-06,2025-09-03,19:00,21:00,2.0,"Sun, Wed",161038,GY595334,Studio B4,280,Age 16+,20,/images/pilates-3.jpg
300053,Afternoon Pilates Group Class,2025-08-06,2025-10-29,09:00,11:00,2.0,Wed,110972,GY286940,Studio B1,290,Medical clearance needed,20,/images/pilates-3.jpg
300086,Afternoon Cycling Endurance Workshop,2025-08-06,2025-10-01,09:00,11:00,2.0,Wed,158796,GY956610,Studio B2,230,Age 16+,20,/images/cycling-4.jpg
300133,Afternoon Martial Arts MMA Workshop,2025-08-07,2025-10-30,19:00,21:00,2.0,Thu,133297,GY996706,Studio C3,240,Age 16+,30,/images/martial arts-5.jpg
300233,Morning Dance Zumba Workshop,2025-08-07,2025-09-04,19:00,21:00,2.0,Thu,140298,GY448837,Studio A3,150,Age 16+,20,/images/dance-2.jpg
300100,Morning Cycling HIIT Workshop,2025-08-07,2025-09-04,18:00,20:00,2.0,Thu,150831,GY137870,Studio A1,60,No experience required,30,/images/cycling-5.jpg
300037,Weekend Pilates Mat Class,2025-08-07,2025-09-04,19:00,21:00,2.0,Thu,114186,GY436106,Studio A3,160,No experience required,25,/images/pilates-5.jpg
300142,Weekend Weightlifting Olympic Workshop,2025-08-07,2025-09-04,14:00,16:00,2.0,"Sat, Thu",152844,GY646234,Studio A5,110,No experience required,20,/images/weightlifting-3.jpg
300136,Morning Weightlifting Technique Program,2025-08-07,2025-09-04,14:00,16:00,2.0,Thu,112198,GY421600,Studio C1,90,Medical clearance needed,30,/images/weightlifting-4.jpg
300177,Weekend Cycling HIIT Class,2025-08-07,2025-09-04,19:00,21:00,2.0,Thu,106629,GY814325,Studio C5,210,Age 16+,30,/images/cycling-5.jpg
300404,Morning Pilates Mat Program,2025-08-07,2025-10-02,09:00,11:00,2.0,Thu,117547,GY707780,Studio C3,60,No experience required,20,/images/pilates-2.jpg
300025,Afternoon Weightlifting Olympic Workshop,2025-08-07,2025-10-02,19:00,21:00,2.0,"Sat, Thu",127959,GY293937,Studio B3,80,No experience required,25,/images/weightlifting-2.jpg
300371,Weekend Martial Arts Boxing Session,2025-08-08,2025-10-31,09:00,11:00,2.0,"Fri, Tue",104274,GY688583,Studio C1,260,Age 16+,15,/images/martial arts-2.jpg
300137,Afternoon Weightlifting Power Program,2025-08-08,2025-10-31,14:00,16:00,2.0,Fri,109999,GY456066,Studio A1,60,No experience required,25,/images/weightlifting-1.jpg
300256,Afternoon Cycling Endurance Program,2025-08-08,2025-10-03,18:00,20:00,2.0,Fri,151928,GY796518,Studio A5,60,No experience required,30,/images/cycling-2.jpg
300352,Weekend Cycling Endurance Workshop,2025-08-08,2025-10-03,14:00,16:00,2.0,"Fri, Mon, Sun",100614,GY658160,Studio A4,160,Medical clearance needed,20,/images/cycling-1.jpg
300075,Afternoon Martial Arts Boxing Class,2025-08-08,2025-09-05,18:00,20:00,2.0,"Fri, Sat",100614,GY648763,Studio A1,100,Basic fitness required,25,/images/martial arts-1.jpg
300148,Weekend Yoga Prenatal Class,2025-08-08,2025-09-05,19:00,21:00,2.0,Fri,122038,GY215387,Studio C3,110,Age 16+,20,/images/yoga-5.jpg
300085,Morning Yoga Prenatal Class,2025-08-08,2025-09-05,19:00,21:00,2.0,"Fri, Sat",140215,GY477479,Studio A4,90,Basic fitness required,15,/images/yoga-3.jpg
300343,Weekend Cycling Indoor Workshop,2025-08-08,2025-10-03,19:00,21:00,2.0,"Fri, Sat, Wed",121604,GY123898,Studio C3,70,No experience required,20,/images/cycling-4.jpg
300300,Morning Martial Arts Kickboxing Session,2025-08-09,2025-11-01,19:00,21:00,2.0,"Mon, Sat",148596,GY312919,Studio A3,90,No experience required,25,/images/martial arts-2.jpg
300110,Morning Pilates Reformer Class,2025-08-09,2025-09-06,19:00,21:00,2.0,"Mon, Sat",113501,GY791312,Studio A4,250,Age 16+,25,/images/pilates-2.jpg
300292,Morning Pilates Group Session,2025-08-09,2025-09-06,14:00,16:00,2.0,Sat,103278,GY087383,Studio B4,60,Basic fitness required,20,/images/pilates-1.jpg
300478,Evening Pilates Mat Class,2025-08-09,2025-10-04,14:00,16:00,2.0,"Sat, Wed",117937,GY488844,Studio B2,150,No experience required,25,/images/pilates-5.jpg
300427,Evening Dance Zumba Workshop,2025-08-09,2025-10-04,19:00,21:00,2.0,"Sat, Tue",157649,GY180063,Studio B5,150,Medical clearance needed,25,/images/dance-5.jpg
300264,Afternoon Cycling Indoor Program,2025-08-09,2025-10-04,09:00,11:00,2.0,Sat,135249,GY707780,Studio C2,100,Basic fitness required,20,/images/cycling-5.jpg
300359,Weekend Pilates Reformer Program,2025-08-09,2025-10-04,18:00,20:00,2.0,"Mon, Sat",117204,GY256065,Studio B2,230,Basic fitness required,20,/images/pilates-1.jpg
300081,Morning Cycling Endurance Workshop,2025-08-09,2025-09-06,18:00,20:00,2.0,Sat,164233,GY600577,Studio B5,280,Age 16+,25,/images/cycling-1.jpg
300390,Afternoon Yoga Advanced Workshop,2025-08-10,2025-11-02,19:00,21:00,2.0,"Mon, Sun",163977,GY199656,Studio B5,70,Medical clearance needed,20,/images/yoga-4.jpg
300165,Afternoon Yoga Intermediate Program,2025-08-10,2025-11-02,19:00,21:00,2.0,Sun,124431,GY293937,Studio C2,120,No experience required,30,/images/yoga-3.jpg
300159,Evening Yoga Prenatal Workshop,2025-08-10,2025-10-05,14:00,16:00,2.0,Sun,111245,GY475709,Studio C5,120,No experience required,20,/images/yoga-5.jpg
300269,Evening Martial Arts MMA Workshop,2025-08-10,2025-09-07,18:00,20:00,2.0,Sun,165368,GY484442,Studio C2,70,Medical clearance needed,20,/images/martial arts-4.jpg
300489,Evening Cycling HIIT Workshop,2025-08-10,2025-11-02,09:00,11:00,2.0,Sun,137781,GY216942,Studio A4,230,Medical clearance needed,15,/images/cycling-2.jpg
300460,Afternoon Weightlifting Strength Workshop,2025-08-10,2025-09-07,09:00,11:00,2.0,"Mon, Sun",100915,GY606566,Studio C3,130,Medical clearance needed,15,/images/weightlifting-3.jpg
300071,Afternoon Dance Hip-hop Session,2025-08-10,2025-11-02,09:00,11:00,2.0,Sun,121235,GY912891,Studio B2,240,Age 16+,20,/images/dance-3.jpg
300239,Evening Pilates Clinical Session,2025-08-10,2025-11-02,09:00,11:00,2.0,Sun,159261,GY524878,Studio C3,290,Medical clearance needed,20,/images/pilates-4.jpg
300187,Evening Dance Hip-hop Workshop,2025-08-10,2025-10-05,18:00,20:00,2.0,"Mon, Sun, Wed",126503,GY483589,Studio A3,70,Medical clearance needed,20,/images/dance-1.jpg
300229,Weekend Martial Arts Boxing Class,2025-08-11,2025-11-03,09:00,11:00,2.0,Mon,148473,GY742406,Studio A5,230,Age 16+,25,/images/martial arts-2.jpg
300201,Weekend Cycling HIIT Session,2025-08-11,2025-10-06,18:00,20:00,2.0,"Mon, Wed",122292,GY402209,Studio C2,70,No experience required,20,/images/cycling-2.jpg
300070,Afternoon Yoga Hot Program,2025-08-11,2025-11-03,14:00,16:00,2.0,"Fri, Mon, Thu",167455,GY577267,Studio A3,260,Medical clearance needed,20,/images/yoga-4.jpg
300301,Evening Yoga Hot Class,2025-08-12,2025-09-09,19:00,21:00,2.0,Tue,153649,GY681531,Studio B4,280,No experience required,20,/images/yoga-5.jpg
300196,Afternoon Weightlifting Power Program,2025-08-12,2025-10-07,14:00,16:00,2.0,Tue,136859,GY870889,Studio C3,230,No experience required,30,/images/weightlifting-1.jpg
300247,Weekend Martial Arts MMA Workshop,2025-08-12,2025-10-07,09:00,11:00,2.0,Tue,137239,GY908649,Studio A5,230,Age 16+,30,/images/martial arts-1.jpg
300049,Afternoon Dance Hip-hop Class,2025-08-12,2025-09-09,14:00,16:00,2.0,Tue,105862,GY332861,Studio C4,80,Basic fitness required,25,/images/dance-2.jpg
300188,Evening Dance Aerobic Program,2025-08-12,2025-09-09,14:00,16:00,2.0,Tue,114647,GY733921,Studio C5,90,Age 16+,25,/images/dance-1.jpg
300197,Weekend Dance Aerobic Workshop,2025-08-12,2025-11-04,18:00,20:00,2.0,Tue,153649,GY954655,Studio C1,200,Basic fitness required,25,/images/dance-1.jpg
300048,Weekend Martial Arts Kickboxing Session,2025-08-13,2025-11-05,14:00,16:00,2.0,Wed,137709,GY956299,Studio A4,110,Medical clearance needed,30,/images/martial arts-3.jpg
300096,Evening Pilates Mat Class,2025-08-13,2025-11-05,19:00,21:00,2.0,"Mon, Wed",107164,GY978042,Studio B4,90,Basic fitness required,30,/images/pilates-1.jpg
300038,Weekend Cycling HIIT Workshop,2025-08-13,2025-10-08,19:00,21:00,2.0,Wed,144887,GY652441,Studio A1,120,Age 16+,25,/images/cycling-4.jpg
300033,Afternoon Weightlifting Power Workshop,2025-08-14,2025-11-06,09:00,11:00,2.0,Thu,109506,GY270890,Studio C3,180,No experience required,20,/images/weightlifting-2.jpg
300124,Evening Yoga Prenatal Program,2025-08-14,2025-11-06,14:00,16:00,2.0,"Sun, Thu",105319,GY293937,Studio B5,270,Basic fitness required,30,/images/yoga-1.jpg
300310,Evening Weightlifting Strength Class,2025-08-14,2025-10-09,14:00,16:00,2.0,"Thu, Wed",128838,GY199656,Studio C2,140,Basic fitness required,20,/images/weightlifting-1.jpg
300209,Weekend Martial Arts Boxing Program,2025-08-14,2025-11-06,19:00,21:00,2.0,Thu,117331,GY062267,Studio C1,80,No experience required,15,/images/martial arts-5.jpg
300442,Morning Yoga Hot Session,2025-08-14,2025-10-09,14:00,16:00,2.0,Thu,147226,GY635408,Studio C1,220,Age 16+,20,/images/yoga-1.jpg
300183,Morning Pilates Group Class,2025-08-14,2025-11-06,14:00,16:00,2.0,"Fri, Thu, Wed",141135,GY528607,Studio A2,240,Medical clearance needed,20,/images/pilates-4.jpg
300274,Weekend Pilates Reformer Class,2025-08-15,2025-10-10,09:00,11:00,2.0,"Fri, Sat, Tue",128187,GY746538,Studio B5,160,Age 16+,20,/images/pilates-3.jpg
300451,Afternoon Weightlifting Olympic Session,2025-08-15,2025-11-07,18:00,20:00,2.0,"Fri, Wed",122493,GY194812,Studio B4,180,Age 16+,25,/images/weightlifting-5.jpg
300161,Evening Pilates Mat Workshop,2025-08-15,2025-11-07,18:00,20:00,2.0,Fri,101595,GY954655,Studio C4,180,Medical clearance needed,20,/images/pilates-5.jpg
300090,Afternoon Yoga Intermediate Workshop,2025-08-15,2025-10-10,19:00,21:00,2.0,Fri,104890,GY956299,Studio C1,70,Medical clearance needed,20,/images/yoga-5.jpg
300241,Afternoon Cycling HIIT Program,2025-08-15,2025-11-07,14:00,16:00,2.0,Fri,128640,GY784279,Studio B5,70,Medical clearance needed,30,/images/cycling-2.jpg
300191,Evening Dance Hip-hop Program,2025-08-16,2025-09-13,18:00,20:00,2.0,Sat,150056,GY781273,Studio C5,170,Age 16+,20,/images/dance-5.jpg
300134,Evening Cycling Indoor Program,2025-08-16,2025-11-08,09:00,11:00,2.0,Sat,109356,GY616460,Studio A1,70,Medical clearance needed,20,/images/cycling-4.jpg
300334,Evening Dance Aerobic Workshop,2025-08-16,2025-10-11,09:00,11:00,2.0,Sat,169866,GY746538,Studio A5,190,Basic fitness required,15,/images/dance-2.jpg
300260,Weekend Cycling HIIT Class,2025-08-16,2025-10-11,18:00,20:00,2.0,Sat,131875,GY546544,Studio B3,260,Medical clearance needed,25,/images/cycling-5.jpg
300052,Evening Cycling Endurance Workshop,2025-08-16,2025-10-11,18:00,20:00,2.0,Sat,165584,GY716403,Studio B5,290,Medical clearance needed,15,/images/cycling-3.jpg
300240,Afternoon Cycling Endurance Session,2025-08-16,2025-10-11,09:00,11:00,2.0,"Sat, Sun",164343,GY978564,Studio A5,220,Medical clearance needed,20,/images/cycling-4.jpg
300484,Afternoon Martial Arts Kickboxing Session,2025-08-16,2025-11-08,18:00,20:00,2.0,"Sat, Sun",111766,GY425016,Studio B5,210,Basic fitness required,20,/images/martial arts-2.jpg
300111,Morning Pilates Clinical Program,2025-08-16,2025-11-08,09:00,11:00,2.0,Sat,121385,GY561808,Studio A1,290,No experience required,25,/images/pilates-1.jpg
300357,Afternoon Weightlifting Olympic Program,2025-08-16,2025-09-13,18:00,20:00,2.0,Sat,121754,GY739492,Studio A1,230,Age 16+,20,/images/weightlifting-5.jpg
300360,Afternoon Cycling Endurance Class,2025-08-16,2025-09-13,09:00,11:00,2.0,Sat,143946,GY953190,Studio A3,280,Basic fitness required,20,/images/cycling-2.jpg
300223,Afternoon Dance Zumba Workshop,2025-08-17,2025-11-09,18:00,20:00,2.0,"Sat, Sun, Thu",125763,GY954655,Studio B4,230,Medical clearance needed,20,/images/dance-2.jpg
300130,Evening Martial Arts Kickboxing Workshop,2025-08-17,2025-10-12,14:00,16:00,2.0,Sun,130177,GY597157,Studio A4,50,Age 16+,25,/images/martial arts-2.jpg
300257,Morning Weightlifting Olympic Workshop,2025-08-17,2025-11-09,14:00,16:00,2.0,"Fri, Sun, Tue",168705,GY688607,Studio A5,260,Basic fitness required,25,/images/weightlifting-3.jpg
300440,Afternoon Dance Zumba Program,2025-08-18,2025-10-13,09:00,11:00,2.0,Mon,157969,GY212122,Studio C1,100,Medical clearance needed,30,/images/dance-3.jpg
300408,Afternoon Cycling Endurance Workshop,2025-08-18,2025-11-10,18:00,20:00,2.0,Mon,138951,GY140511,Studio A5,240,Medical clearance needed,25,/images/cycling-5.jpg
300350,Evening Yoga Intermediate Program,2025-08-18,2025-11-10,09:00,11:00,2.0,"Mon, Thu",126491,GY339848,Studio A5,100,Medical clearance needed,30,/images/yoga-4.jpg
300338,Evening Martial Arts Kickboxing Session,2025-08-18,2025-09-15,18:00,20:00,2.0,"Mon, Sat",127716,GY858824,Studio C2,220,Medical clearance needed,20,/images/martial arts-1.jpg
300494,Evening Cycling HIIT Workshop,2025-08-18,2025-10-13,09:00,11:00,2.0,Mon,118744,GY954342,Studio C2,250,Age 16+,20,/images/cycling-2.jpg
300199,Afternoon Yoga Advanced Program,2025-08-18,2025-09-15,18:00,20:00,2.0,Mon,166105,GY715327,Studio B2,150,Basic fitness required,25,/images/yoga-4.jpg
300044,Evening Cycling HIIT Workshop,2025-08-18,2025-09-15,18:00,20:00,2.0,"Mon, Tue",104924,GY784279,Studio A2,290,Age 16+,25,/images/cycling-3.jpg
300389,Weekend Weightlifting Strength Workshop,2025-08-19,2025-10-14,09:00,11:00,2.0,Tue,146386,GY640708,Studio A5,90,Medical clearance needed,20,/images/weightlifting-4.jpg
300472,Afternoon Yoga Advanced Session,2025-08-19,2025-09-16,18:00,20:00,2.0,Tue,156846,GY973474,Studio B4,80,Basic fitness required,25,/images/yoga-2.jpg
300180,Weekend Martial Arts Kickboxing Program,2025-08-19,2025-09-16,09:00,11:00,2.0,Tue,105947,GY634522,Studio B1,210,No experience required,25,/images/martial arts-3.jpg
300329,Afternoon Dance Aerobic Class,2025-08-19,2025-09-16,19:00,21:00,2.0,"Fri, Tue",129105,GY709624,Studio C5,70,Basic fitness required,20,/images/dance-3.jpg
300452,Morning Dance Hip-hop Session,2025-08-19,2025-10-14,14:00,16:00,2.0,"Sat, Tue, Wed",139623,GY137587,Studio B1,180,Age 16+,20,/images/dance-5.jpg
300157,Afternoon Dance Aerobic Workshop,2025-08-19,2025-09-16,18:00,20:00,2.0,"Thu, Tue",159225,GY072298,Studio C1,290,No experience required,25,/images/dance-5.jpg
300313,Afternoon Pilates Clinical Class,2025-08-19,2025-11-11,18:00,20:00,2.0,"Tue, Wed",126511,GY038987,Studio B1,120,Age 16+,30,/images/pilates-4.jpg
300466,Evening Dance Aerobic Class,2025-08-19,2025-09-16,19:00,21:00,2.0,"Tue, Wed",108313,GY626194,Studio C5,70,No experience required,30,/images/dance-4.jpg
300131,Morning Dance Zumba Class,2025-08-20,2025-10-15,19:00,21:00,2.0,Wed,155305,GY399470,Studio A4,150,No experience required,20,/images/dance-1.jpg
300168,Evening Yoga Hot Program,2025-08-20,2025-11-12,14:00,16:00,2.0,"Sat, Thu, Wed",169201,GY091064,Studio C4,250,Age 16+,15,/images/yoga-3.jpg
300402,Weekend Martial Arts Kickboxing Class,2025-08-20,2025-11-12,09:00,11:00,2.0,"Thu, Wed",103426,GY546544,Studio C5,250,Age 16+,15,/images/martial arts-1.jpg
300386,Morning Martial Arts MMA Session,2025-08-20,2025-11-12,18:00,20:00,2.0,Wed,165831,GY216610,Studio C2,140,Basic fitness required,20,/images/martial arts-1.jpg
300245,Evening Dance Hip-hop Program,2025-08-20,2025-10-15,09:00,11:00,2.0,Wed,101513,GY624371,Studio B1,260,Age 16+,25,/images/dance-5.jpg
300481,Weekend Cycling HIIT Session,2025-08-21,2025-09-18,14:00,16:00,2.0,"Fri, Thu",103995,GY600577,Studio A5,200,No experience required,25,/images/cycling-5.jpg
300184,Afternoon Pilates Mat Session,2025-08-21,2025-10-16,19:00,21:00,2.0,Thu,123315,GY859047,Studio A1,200,Medical clearance needed,15,/images/pilates-1.jpg
300107,Afternoon Cycling HIIT Class,2025-08-21,2025-10-16,18:00,20:00,2.0,"Mon, Sat, Thu",144668,GY119378,Studio B5,170,No experience required,25,/images/cycling-4.jpg
300127,Evening Dance Aerobic Program,2025-08-21,2025-09-18,09:00,11:00,2.0,"Sun, Thu",139804,GY907436,Studio A4,270,Medical clearance needed,20,/images/dance-4.jpg
300482,Evening Martial Arts MMA Workshop,2025-08-22,2025-11-14,18:00,20:00,2.0,Fri,137366,GY913040,Studio C5,120,Medical clearance needed,20,/images/martial arts-2.jpg
300485,Morning Weightlifting Strength Workshop,2025-08-23,2025-11-15,19:00,21:00,2.0,"Sat, Tue",131875,GY775302,Studio A2,240,Basic fitness required,20,/images/weightlifting-5.jpg
300273,Weekend Weightlifting Technique Program,2025-08-23,2025-09-20,18:00,20:00,2.0,Sat,135892,GY713574,Studio B1,190,Age 16+,20,/images/weightlifting-3.jpg
300207,Afternoon Cycling Endurance Program,2025-08-23,2025-11-15,14:00,16:00,2.0,Sat,165304,GY868653,Studio A5,140,Medical clearance needed,15,/images/cycling-1.jpg
300108,Morning Pilates Group Session,2025-08-24,2025-11-16,18:00,20:00,2.0,Sun,130455,GY106685,Studio B1,250,Medical clearance needed,15,/images/pilates-4.jpg
300423,Evening Martial Arts Boxing Workshop,2025-08-24,2025-11-16,18:00,20:00,2.0,Sun,162619,GY997519,Studio C1,200,Age 16+,20,/images/martial arts-4.jpg
